"ID_EXT";"МАРКА";"МОДЕЛЬ";"ГОД";"ЗАПЧАСТЬ";"ВЕРСИЯ";"ТОПЛИВО";"ОБЪЕМ";"ТИП ДВИГАТЕЛЯ";"КОРОБКА";"ТИП КУЗОВА";"R ДИАМЕТР";"J ШИРИНА";"КОЛ ОТВЕРСТИЙ";"ET ВЫЛЕТ";"DIA";"PCD";"НОМЕР";"ОПИСАНИЕ";"НОВАЯ";"ПОД ЗАКАЗ";"СКЛАДСКАЯ ИНФОРМАЦИЯ";"ЦЕНА";"ВАЛЮТА";"СКИДКА";"АДРЕС";"ТЕЛЕФОНЫ";"EMAIL";"ИМЯ";"ФОТО"
"197801";"Fiat";"Panda";"2009";"Двигатель";"";"бензин";"1.2";"";"";"";"";"0";"0";"";"";"0";"187h1000";"Из Германии, не большой пробег, цена за столбик,без кондиционера ";"0";"0";"";"256";"USD";"";"";"";"";"";"https://d4.by/image/catalog/d4_img/1631059200/1631099762475_16310997538432603669485043737861.jpg,https://d4.by/image/catalog/d4_img/1631059200/1631099791499_16310997835783116998434687473512.jpg,https://d4.by/image/catalog/d4_img/1631059200/1631099781658_16310997722991887890186067730409.jpg,https://d4.by/image/catalog/d4_img/1631059200/1631099770540_16310997641979161863067962066504.jpg"
"52254417";"Mercedes";"A W169";"2007";"Двигатель";"";"дизель";"2.0";"";"";"";"";"";"";"";"";"";"6409403013423";"Из Бельгии, не большой пробег,цена за столбик ";"0";"0";"";"100";"USD";"";"";"";"";"";"https://d4.by/image/catalog/i/fn/ef/2799a30370dc75b3abde63250f6f2ff0.jpg,https://d4.by/image/catalog/i/fn/ef/4bd26c1fc53113a8b7b2559a77e9341b.jpg"
"52254346";"Toyota";"Avensis";"2007";"Двигатель";"";"дизель";"2.0";"";"";"";"";"0";"0";"";"";"0";"2ad";"Из Бельгии, не большой пробег, цена за столбик ";"0";"0";"";"229";"USD";"";"";"";"";"";"https://d4.by/image/catalog/i/lf/kp/1e79d43a348b60ef771395479ea224d0.jpg"
"50322652";"Mercedes";"A W169";"2005";"Двигатель";"";"дизель";"2.0";"CDi";"";"";"";"";"";"";"";"";"6409403013423";"Из Бельгии, не большой пробег ,цена за столбик ";"0";"0";"";"100";"USD";"";"";"";"";"";"https://d4.by/image/catalog/i/bg/ga/575eed9c8a81aac098d07343dd109f7f.jpg,https://d4.by/image/catalog/i/bg/ga/7bb61acb286fc97378dcc1325d8f05f6.jpg"
"50322642";"Mercedes";"A W169";"2008";"Двигатель";"";"дизель";"2.0";"CDi";"";"";"";"";"";"";"";"";"6409403013423";"Из Бельгии, не большой пробег ,цена за столбик ";"0";"0";"";"100";"USD";"";"";"";"";"";"https://d4.by/image/catalog/i/kc/ek/9f06d9b46882d78161aa7d4c5199b3d7.jpg,https://d4.by/image/catalog/i/kc/ek/3f4d22f487b6318e4b07937e554875a0.jpg"
"49875257";"Kia";"Picanto";"2009";"Двигатель";"";"дизель";"1.1";"CRDi";"";"";"";"";"";"";"";"";"D3fa";"Из Бельгии, не большой пробег ,цена за столбик ";"0";"0";"";"200";"USD";"";"";"";"";"";"https://d4.by/image/catalog/i/ep/lp/52b41594579eafc0dc57ec49e80692a1.jpg,https://d4.by/image/catalog/i/ep/lp/9e1dbd3df4d8fe0ca33b1d79260335a8.jpg"
"48892318";"Kia";"Picanto";"2011";"Двигатель";"";"дизель";"1.1";"CRDi";"";"";"";"";"";"";"";"";"D3fa";"Из Бельгии, не большой пробег,цена за столбик ";"0";"0";"";"200";"USD";"";"";"";"";"";"https://d4.by/image/catalog/i/pa/ao/4716e116a2da734d8fcfe3954c8b8bac.jpg"
"352341";"Peugeot";"208";"2016";"Двигатель";"";"бензин";"1.2";"";"";"";"";"0";"0";"";"";"0";"HN01";"Из Бельгии. Гарантия на установку и проверку, Цена указана без навесного оборудования ";"0";"0";"";"1200";"USD";"";"";"";"";"";"https://d4.by/image/catalog/d4_img/1750896000/1750946533626_17509465285862255764084855156274.jpg,https://d4.by/image/catalog/d4_img/1750896000/1750946521346_17509465136203181482198072589505.jpg,https://d4.by/image/catalog/d4_img/1750896000/1750946511971_17509465068557599657576838441263.jpg,https://d4.by/image/catalog/d4_img/1750896000/1750946505587_17509464968055899516700405041745.jpg,https://d4.by/image/catalog/d4_img/1750896000/1750946495834_17509464802186938478455131014406.jpg,https://d4.by/image/catalog/d4_img/1750896000/1750946527302_17509465224895367042100897148893.jpg"
"47573749";"Volkswagen";"Polo";"1997";"Двигатель";"";"бензин";"1.0";"";"";"";"";"";"";"";"";"";"Aev";"Из Германии, не большой пробег, цена за столбик ";"0";"0";"";"135";"USD";"";"";"";"";"";"https://d4.by/image/catalog/i/og/ac/a7ded3992cd78b54828bd1421ef3a799.jpg"
"47453962";"Hyundai";"i10";"2009";"Двигатель";"";"дизель";"1.1";"CRDi";"";"";"";"";"";"";"";"";"D3fa";"Из Бельгии, не большой пробег ,цена за столбик ";"0";"0";"";"200";"USD";"";"";"";"";"";"https://d4.by/image/catalog/i/kc/lb/54d012031cf0355151795765690f696e.jpg"
"365164";"DAF";"400";"1990";"Двигатель";"";"дизель";"2.5";"TD";"";"";"";"0";"0";"";"";"0";"P158,GB";"Гарантия на установку и проверку.  Цена указана без навесного оборудования ";"0";"0";"";"1050";"USD";"";"";"";"";"";"https://d4.by/image/catalog/d4_img/1760918400/1760946674405_1760946667473103229173827563904.jpg,https://d4.by/image/catalog/d4_img/1760918400/1760946739269_17609467337183649510177325368017.jpg,https://d4.by/image/catalog/d4_img/1760918400/1760946732878_17609467269605337395460247462855.jpg,https://d4.by/image/catalog/d4_img/1760918400/1760946726102_1760946714949680024284163003400.jpg,https://d4.by/image/catalog/d4_img/1760918400/1760946713950_17609467074923630604348552069537.jpg,https://d4.by/image/catalog/d4_img/1760918400/1760946706680_17609467007976321616931812581688.jpg,https://d4.by/image/catalog/d4_img/1760918400/1760946699991_17609466910965240928923163460875.jpg,https://d4.by/image/catalog/d4_img/1760918400/1760946690298_17609466823965619990265878359956.jpg,https://d4.by/image/catalog/d4_img/1760918400/1760946681439_1760946675620918624011212114854.jpg,https://d4.by/image/catalog/d4_img/1760918400/1760946748044_17609467401198237089845734499824.jpg"
"320071";"Volkswagen";"Touran";"2007";"Двигатель";"";"бензин";"2.0";"FSI";"";"";"";"0";"0";"";"";"0";"BLX";"Из Бельгии. Гарантия на установку и проверку. Цена указана без навесного оборудования ";"0";"0";"";"350";"USD";"";"";"";"";"";"https://d4.by/image/catalog/d4_img/1722988800/1723036312127_17230363071843812880305784345345.jpg,https://d4.by/image/catalog/d4_img/1722988800/1723036298578_17230362938192809498114530295428.jpg,https://d4.by/image/catalog/d4_img/1722988800/1723036285991_17230362805525173573316833839174.jpg,https://d4.by/image/catalog/d4_img/1722988800/1723036306304_17230362995185512501812387123038.jpg,https://d4.by/image/catalog/d4_img/1722988800/1723036292915_17230362868925976785987643808766.jpg"
"198383";"Renault";"Clio";"2008";"Двигатель";"";"бензин";"1.2";"Ti";"";"";"";"0";"0";"";"";"0";"f4rz77";"Из Германии, не большой пробег, гарантия на проверку и установку, цена без комплектующих ";"0";"0";"";"354";"USD";"";"";"";"";"";"https://d4.by/image/catalog/d4_img/1631491200/1631538486469_16315384794456364223800232110082.jpg,https://d4.by/image/catalog/d4_img/1631491200/1631538503265_16315384966747252261503119132671.jpg,https://d4.by/image/catalog/d4_img/1631491200/1631538512927_1631538505456751043571304641527.jpg,https://d4.by/image/catalog/d4_img/1631491200/1631538494452_16315384884497714531107338073811.jpg"
"376212";"Opel";"Vivaro";"2008";"Двигатель";"";"дизель";"2.0";"";"";"";"";"0";"0";"";"";"0";"M9R782";"Из Бельгии.  Гарантия на установку и проверку,  Цена указана без навесного оборудования ";"0";"0";"";"850";"USD";"";"";"";"";"";"https://d4.by/image/catalog/d4_img/1769817600/1769845537069_1769845530869662025266932810434.jpg,https://d4.by/image/catalog/d4_img/1769817600/1769845544301_17698455378158877918621012142638.jpg,https://d4.by/image/catalog/d4_img/1769817600/1769845550398_17698455451811868959124446868020.jpg,https://d4.by/image/catalog/d4_img/1769817600/1769845555991_17698455512418643928558479944018.jpg,https://d4.by/image/catalog/d4_img/1769817600/1769845561310_17698455567336635605707407779127.jpg,https://d4.by/image/catalog/d4_img/1769817600/1769845655664_17698456499362012937757078369532.jpg,https://d4.by/image/catalog/d4_img/1769817600/1769845662496_17698456567623378797258087815298.jpg,https://d4.by/image/catalog/d4_img/1769817600/1769845677860_17698456694718766710491488078055.jpg"
"320003";"Volkswagen";"Caddy";"2008";"Двигатель";"";"дизель";"2.0";"SDi";"";"";"";"0";"0";"";"";"0";"BST";"Из Бельгии. Гарантия на установку и проверку  Цена указана без навесного оборудования ";"0";"0";"";"600";"USD";"";"";"";"";"";"https://d4.by/image/catalog/d4_img/1722988800/1723019636283_17230196296821332355300536922040.jpg,https://d4.by/image/catalog/d4_img/1722988800/1723019628825_17230196236656969420863846578745.jpg,https://d4.by/image/catalog/d4_img/1722988800/1723019602788_1723019597526875861090588236575.jpg,https://d4.by/image/catalog/d4_img/1722988800/1723019611898_17230196035978023236142676079145.jpg,https://d4.by/image/catalog/d4_img/1722988800/1723019617167_17230196127932216554864365174969.jpg,https://d4.by/image/catalog/d4_img/1722988800/1723019622772_17230196180768078216273089979697.jpg"
"376192";"Citroen";"C5";"2002";"Двигатель";"8v";"дизель";"2.0";"";"";"";"";"0";"0";"";"";"0";"RHZ";"Из Бельгии.  Гарантия на установку и проверку,  Цена указана без навесного оборудования ";"0";"0";"";"300";"USD";"";"";"";"";"";"https://d4.by/image/catalog/d4_img/1769817600/1769843493510_1769843485919369365753008781485.jpg,https://d4.by/image/catalog/d4_img/1769817600/1769843500228_17698434951353311828305082555947.jpg,https://d4.by/image/catalog/d4_img/1769817600/1769843507173_17698435010381775647500603368716.jpg,https://d4.by/image/catalog/d4_img/1769817600/1769843513018_17698435084317805081060180529543.jpg,https://d4.by/image/catalog/d4_img/1769817600/1769843518491_17698435138563634799364589953343.jpg,https://d4.by/image/catalog/d4_img/1769817600/1769843527305_17698435193071688341451258910857.jpg,https://d4.by/image/catalog/d4_img/1769817600/1769843533266_17698435281741055450661604825358.jpg,https://d4.by/image/catalog/d4_img/1769817600/1769843541836_17698435341083071063316794841470.jpg"
"376187";"Opel";"Vivaro";"2008";"Двигатель";"";"дизель";"2.0";"";"";"";"";"0";"0";"";"";"0";"M9R780";"Из Бельгии.  Гарантия на установку и проверку,  Цена указана без навесного оборудования ";"0";"0";"";"850";"USD";"";"";"";"";"";"https://d4.by/image/catalog/d4_img/1769817600/1769842887840_1769842882943918996885118194677.jpg,https://d4.by/image/catalog/d4_img/1769817600/1769842898025_17698428886063329721972985805919.jpg,https://d4.by/image/catalog/d4_img/1769817600/1769842904510_17698428988358483292362069514325.jpg,https://d4.by/image/catalog/d4_img/1769817600/1769842911028_17698429053778714324643840137186.jpg,https://d4.by/image/catalog/d4_img/1769817600/1769842918749_17698429118682823963671946385056.jpg,https://d4.by/image/catalog/d4_img/1769817600/1769842924020_176984291955090039150923553882.jpg,https://d4.by/image/catalog/d4_img/1769817600/1769842930386_17698429248466846520198703865535.jpg,https://d4.by/image/catalog/d4_img/1769817600/1769842939167_17698429311819152086700099075136.jpg"
"36535230";"Mazda";"2";"2007";"Двигатель";"";"бензин";"1.3";"";"";"";"";"";"";"";"";"";"zj";"из Бельгии,не большой пробег , цена за столбик ";"0";"0";"";"270";"USD";"";"";"";"";"";"https://d4.by/image/catalog/i/mm/hc/c61df3bf793c35e510529e5cc8f2e48e.jpg,https://d4.by/image/catalog/i/mm/hc/d28f71eaf607a4330b6000dea20227e5.jpg"
"37166541";"Lancia";"Delta";"2008";"Двигатель";"";"дизель";"1.6";"JTD";"";"";"";"";"";"";"";"";"955a4000";"из Бельгии, не большой пробег, цена за столбик ";"0";"0";"";"400";"USD";"";"";"";"";"";"https://d4.by/image/catalog/i/og/dg/ebb4ef0eb273cb371ec490e2947b05ce.jpg,https://d4.by/image/catalog/i/og/dg/6b0d461f99f7d424a580c2824846ab37.jpg"
"293965";"Kia";"Picanto";"2008";"Двигатель";"";"дизель";"1.1";"CRDi";"";"";"";"0";"0";"";"";"0";"D3FA";"Из Бельгии, хорошее состояние, гарантия,+тнвд,дефект клапанной крышки ";"0";"0";"";"190";"USD";"";"";"";"";"";"https://d4.by/image/catalog/d4_img/1698192000/1698241368660_16982413647763004454110662604199.jpg,https://d4.by/image/catalog/d4_img/1698192000/1698241392366_16982413883014928573090337090612.jpg,https://d4.by/image/catalog/d4_img/1698192000/1698241373326_16982413696204138467413892069848.jpg,https://d4.by/image/catalog/d4_img/1698192000/1698241377144_16982413742948501385845794526728.jpg,https://d4.by/image/catalog/d4_img/1698192000/1698241382755_16982413781337924277843446924013.jpg,https://d4.by/image/catalog/d4_img/1698192000/1698241387287_16982413837676732360842748319937.jpg"
"252562";"Suzuki";"Aerio";"2004";"Двигатель";"Xl";"бензин";"2.3";"";"";"";"";"0";"0";"";"";"0";"J23";"Гарантия на проверку и установку,цена без комплектующих ";"0";"0";"";"809";"USD";"";"";"";"";"";"https://d4.by/image/catalog/d4_img/1661817600/1661864099487_16618640905882820489220521145960.jpg,https://d4.by/image/catalog/d4_img/1661817600/1661864079067_16618640700811908581062484586692.jpg,https://d4.by/image/catalog/d4_img/1661817600/1661864067835_16618640613601864592310877813467.jpg,https://d4.by/image/catalog/d4_img/1661817600/1661864059749_16618640495248251916752962028532.jpg,https://d4.by/image/catalog/d4_img/1661817600/1661864882327_16618648741888867964717523165439.jpg,https://d4.by/image/catalog/d4_img/1661817600/1661864872194_16618648641328615680063499334962.jpg,https://d4.by/image/catalog/d4_img/1661817600/1661864088735_16618640816994215115765888186655.jpg"
"344603";"Seat";"Ibiza";"2003";"Двигатель";"";"бензин";"1.4";"";"";"";"";"0";"0";"";"";"0";"BBZ";"Из Бельгии. Гарантия на установку и проверку. Цена указана без навесного оборудования ";"0";"0";"";"300";"USD";"";"";"";"";"";"https://d4.by/image/catalog/d4_img/1742601600/1742642713274_17426427084852840716138415349446.jpg,https://d4.by/image/catalog/d4_img/1742601600/1742642719245_17426427141264266139446484350250.jpg,https://d4.by/image/catalog/d4_img/1742601600/1742642724659_17426427201433745565009981373100.jpg,https://d4.by/image/catalog/d4_img/1742601600/1742642733541_17426427256268396952236345123165.jpg,https://d4.by/image/catalog/d4_img/1742601600/1742642739108_17426427344272094667370159714259.jpg,https://d4.by/image/catalog/d4_img/1742601600/1742642745066_17426427400293119202833066110833.jpg"
"203097";"Volkswagen";"Golf";"2002";"Двигатель";"";"бензин";"2.8";"";"";"";"";"0";"0";"";"";"0";"BDE";"Из Бельгии, Гарантия на установку и проверку. Цена указана без навесного оборудования ";"0";"0";"";"900";"USD";"";"";"";"";"";"https://d4.by/image/catalog/d4_img/1634774400/1634803986596_16348039764871763773691992331488.jpg,https://d4.by/image/catalog/d4_img/1634774400/1634804027837_16348040196876447318068872810076.jpg,https://d4.by/image/catalog/d4_img/1634774400/1634803973901_1634803967312225852679724447367.jpg,https://d4.by/image/catalog/d4_img/1722816000/1722865703345_17228656881692823716493102200002.jpg,https://d4.by/image/catalog/d4_img/1634774400/1634803965264_163480395717648214622942480613.jpg,https://d4.by/image/catalog/d4_img/1634774400/1634803996201_16348039893072790121110864782628.jpg,https://d4.by/image/catalog/d4_img/1634774400/1634804006770_1634803998461759501064659300442.jpg,https://d4.by/image/catalog/d4_img/1634774400/1634804017339_16348040091308504389131800685682.jpg"
"327976";"Skoda";"Scala";"2021";"Двигатель";"";"бензин";"1.0";"Ti";"";"";"";"0";"0";"";"";"0";"DLA";"Из Бельгии, хорошее состояние, гарантия,цена указана за двигатель без навесного оборудования, ДЕФЕКТ ПОДДОНА ";"0";"0";"";"1300";"USD";"";"";"";"";"";"https://d4.by/image/catalog/d4_img/1730937600/1730981576383_17309815732378572561625301415047.jpg,https://d4.by/image/catalog/d4_img/1730937600/1730981547110_17309815400754830562989808428810.jpg,https://d4.by/image/catalog/d4_img/1730937600/1730981552463_17309815480962037856740386004645.jpg,https://d4.by/image/catalog/d4_img/1730937600/1730981557540_17309815533056730752680974743922.jpg,https://d4.by/image/catalog/d4_img/1730937600/1730981570650_17309815637364412062729709588163.jpg,https://d4.by/image/catalog/d4_img/1730937600/1730981562824_17309815584544806528716503240184.jpg,https://d4.by/image/catalog/d4_img/1730937600/1730981681862_17309816779506565404418219472257.jpg,https://d4.by/image/catalog/d4_img/1730937600/1730981676361_17309816647546739934857571691258.jpg"
"322870";"Lifan";"X60";"2015";"Двигатель";"";"бензин";"1.8";"";"";"";"";"0";"0";"";"";"0";"LFB, LFB4790";"Гарантия на установку и проверку. Цена указана без навесного оборудования ";"0";"0";"";"1280";"USD";"";"";"";"";"";"https://d4.by/image/catalog/d4_img/1725494400/1725543585795_17255435812378610589700794647298.jpg,https://d4.by/image/catalog/d4_img/1725494400/1725543580349_17255435759441054235161770706026.jpg,https://d4.by/image/catalog/d4_img/1725494400/1725543574994_17255435662514324185166812347053.jpg,https://d4.by/image/catalog/d4_img/1725494400/1725543602651_17255435935066064694578979969015.jpg,https://d4.by/image/catalog/d4_img/1725494400/1725543592546_17255435867364181259355391130228.jpg"
"353587";"Iveco";"Daily";"2010";"Двигатель";"";"дизель";"2.3";"";"";"";"";"0";"0";"";"";"0";"F1AE0481U";"Из Бельгии. Гарантия на установку и проверку. Цена указана без навесного оборудования ";"0";"0";"";"1850";"USD";"";"";"";"";"";"https://d4.by/image/catalog/d4_img/1751932800/1751961202932_17519611979853119645138725084678.jpg,https://d4.by/image/catalog/d4_img/1751932800/1751961207904_17519612037876542199675727574425.jpg,https://d4.by/image/catalog/d4_img/1751932800/1751961213153_17519612087464543690117408607286.jpg,https://d4.by/image/catalog/d4_img/1751932800/1751961222969_17519612141633625436750542242776.jpg,https://d4.by/image/catalog/d4_img/1751932800/1751961229416_17519612238818094647132657891553.jpg,https://d4.by/image/catalog/d4_img/1751932800/1751961240148_17519612303587892587194770096289.jpg,https://d4.by/image/catalog/d4_img/1751932800/1751961250633_17519612418966682094671736314048.jpg,https://d4.by/image/catalog/d4_img/1751932800/1751961256540_17519612515203110486041172804563.jpg"
"367192";"Volkswagen";"Golf";"2006";"Двигатель";"";"дизель";"1.9";"";"";"";"";"0";"0";"";"";"0";"BKC";"Из Бельгии.  Гарантия на установку и проверку . Небольшая выработка на распредвале Цена указана без навесного оборудования ";"0";"0";"";"300";"USD";"";"";"";"";"";"https://d4.by/image/catalog/d4_img/1762473600/1762514354180_17625143486406782500651160531428.jpg,https://d4.by/image/catalog/d4_img/1762473600/1762514364904_1762514360367901797896513096034.jpg,https://d4.by/image/catalog/d4_img/1762473600/1762514359574_17625143549495339277248088783596.jpg,https://d4.by/image/catalog/d4_img/1762473600/1762514371211_17625143656074889836889819048273.jpg,https://d4.by/image/catalog/d4_img/1762473600/1762514381666_17625143727557694807469514396220.jpg,https://d4.by/image/catalog/d4_img/1762473600/1762514404792_17625143994746773473318836512942.jpg,https://d4.by/image/catalog/d4_img/1762473600/1762514392263_1762514382581744375353930497008.jpg,https://d4.by/image/catalog/d4_img/1762473600/1762514398632_17625143931241642352541495100042.jpg"
"353573";"Volkswagen";"Golf";"2006";"Двигатель";"";"дизель";"1.9";"";"";"";"";"0";"0";"";"";"0";"BKC";"Из Бельгии. Гарантия на установку и проверку . Цена указана без навесного оборудования, выроботка на 2 кулачках распредвала, бит поддон ";"0";"0";"";"300";"USD";"";"";"";"";"";"https://d4.by/image/catalog/d4_img/1751932800/1751957872175_IMG_20250708_095317.jpg,https://d4.by/image/catalog/d4_img/1751932800/1751957809176_17519578035153553679872029176329.jpg,https://d4.by/image/catalog/d4_img/1751932800/1751957802601_17519577986773757100576106640307.jpg,https://d4.by/image/catalog/d4_img/1751932800/1751957797808_17519577936397005098438099676979.jpg,https://d4.by/image/catalog/d4_img/1751932800/1751957792772_17519577883024091002793968123252.jpg,https://d4.by/image/catalog/d4_img/1751932800/1751957787337_17519577819874179968605601928585.jpg,https://d4.by/image/catalog/d4_img/1751932800/1751957781102_17519577748156824287441454050933.jpg,https://d4.by/image/catalog/d4_img/1751932800/1751957774080_1751957769176782615313605382021.jpg,https://d4.by/image/catalog/d4_img/1751932800/1751957872194_IMG_20250708_095307.jpg"
"313702";"Renault";"Master";"2001";"Двигатель";"";"дизель";"2.2";"DCi";"";"";"";"0";"0";"";"";"0";"G9T722,G9TF722";"Из Бельгии. Гарантия на установку и проверку  Цена указана без навесного оборудования ";"0";"0";"";"1150";"USD";"";"";"";"";"";"https://d4.by/image/catalog/d4_img/1717372800/1717415477949_1717415471886861899507331033409.jpg,https://d4.by/image/catalog/d4_img/1717372800/1717415470791_17174154630104526021849030478526.jpg,https://d4.by/image/catalog/d4_img/1717372800/1717415446398_17174154419847037239001153298542.jpg,https://d4.by/image/catalog/d4_img/1717372800/1717415441075_17174154352561552138623351181640.jpg,https://d4.by/image/catalog/d4_img/1717372800/1717415462039_1717415456714767587646165929141.jpg,https://d4.by/image/catalog/d4_img/1717372800/1717415455552_17174154474168876400932282435159.jpg"
"187640";"Mercedes";"B W245";"2006";"Двигатель";"";"дизель";"2.0";"";"";"";"";"0";"0";"";"";"0";" 64094230236799";"Из Бельгии, не большой пробег, цена за столбик ";"0";"0";"";"110";"USD";"";"";"";"";"";"https://d4.by/image/catalog/d4_img/1623024000/1623049631765_16230496079525039628390424056369.jpg,https://d4.by/image/catalog/d4_img/1623024000/1623049605082_16230495943291936972623987196585.jpg,https://d4.by/image/catalog/d4_img/1623024000/1623050860586_1623050847221586419221895694325.jpg,https://d4.by/image/catalog/d4_img/1623024000/1623049582754_16230495698474601031981590251189.jpg,https://d4.by/image/catalog/d4_img/1623024000/1623049686619_16230496435247427428529270847531.jpg"
"353557_5";"BMW";"X3 E83";"2008";"Двигатель";"530d";"дизель";"3.0";"D";"АКПП";"";"";"0";"0";"";"";"0";"M57306D3,M57,306D3";"Из Бельгии, с леворульного авто (не Англия). Комплектный двигатель M57 306D3, форсунки пьеза , турбина с электронным управлением, снимался с авто с пробегом 270.000км. Цена за комплектный двигатель без кпп. Доставка по всей РБ, в РФ транспортными компаниями. Если не доступен звонить/пишите - Viber, WhatsApp, Telegram. ";"0";"0";"Запчасть Захара";"2300";"USD";"";"Брест";"+375(29)824-89-27 Viber WhatsApp Telegram";"";"";"https://d4.by/image/catalog/d4_img/1751846400/1751907447843_photo_2025-07-07_19-54-09 (4).jpg,https://d4.by/image/catalog/d4_img/1751846400/1751907447851_photo_2025-07-07_19-54-10.jpg,https://d4.by/image/catalog/d4_img/1751846400/1751907447842_photo_2025-07-07_19-54-09 (3).jpg,https://d4.by/image/catalog/d4_img/1751846400/1751907447839_photo_2025-07-07_19-54-09 (2).jpg,https://d4.by/image/catalog/d4_img/1751846400/1751907447850_photo_2025-07-07_19-54-10 (6).jpg,https://d4.by/image/catalog/d4_img/1751846400/1751907447849_photo_2025-07-07_19-54-10 (5).jpg,https://d4.by/image/catalog/d4_img/1751846400/1751907447848_photo_2025-07-07_19-54-10 (4).jpg,https://d4.by/image/catalog/d4_img/1751846400/1751907447847_photo_2025-07-07_19-54-10 (3).jpg,https://d4.by/image/catalog/d4_img/1751846400/1751907447846_photo_2025-07-07_19-54-10 (2).jpg,https://d4.by/image/catalog/d4_img/1751846400/1751907447845_photo_2025-07-07_19-54-09.jpg,https://d4.by/image/catalog/d4_img/1751846400/1751907447844_photo_2025-07-07_19-54-09 (5).jpg,https://d4.by/image/catalog/d4_img/1751846400/1751907662158_photo_2025-07-07_19-54-10.jpg"
"353557_4";"BMW";"7 E65/E66";"2008";"Двигатель";"530d";"дизель";"3.0";"D";"АКПП";"";"";"0";"0";"";"";"0";"M57306D3,M57,306D3";"Из Бельгии, с леворульного авто (не Англия). Комплектный двигатель M57 306D3, форсунки пьеза , турбина с электронным управлением, снимался с авто с пробегом 270.000км. Цена за комплектный двигатель без кпп. Доставка по всей РБ, в РФ транспортными компаниями. Если не доступен звонить/пишите - Viber, WhatsApp, Telegram. ";"0";"0";"Запчасть Захара";"2300";"USD";"";"Брест";"+375(29)824-89-27 Viber WhatsApp Telegram";"";"";"https://d4.by/image/catalog/d4_img/1751846400/1751907447843_photo_2025-07-07_19-54-09 (4).jpg,https://d4.by/image/catalog/d4_img/1751846400/1751907447851_photo_2025-07-07_19-54-10.jpg,https://d4.by/image/catalog/d4_img/1751846400/1751907447842_photo_2025-07-07_19-54-09 (3).jpg,https://d4.by/image/catalog/d4_img/1751846400/1751907447839_photo_2025-07-07_19-54-09 (2).jpg,https://d4.by/image/catalog/d4_img/1751846400/1751907447850_photo_2025-07-07_19-54-10 (6).jpg,https://d4.by/image/catalog/d4_img/1751846400/1751907447849_photo_2025-07-07_19-54-10 (5).jpg,https://d4.by/image/catalog/d4_img/1751846400/1751907447848_photo_2025-07-07_19-54-10 (4).jpg,https://d4.by/image/catalog/d4_img/1751846400/1751907447847_photo_2025-07-07_19-54-10 (3).jpg,https://d4.by/image/catalog/d4_img/1751846400/1751907447846_photo_2025-07-07_19-54-10 (2).jpg,https://d4.by/image/catalog/d4_img/1751846400/1751907447845_photo_2025-07-07_19-54-09.jpg,https://d4.by/image/catalog/d4_img/1751846400/1751907447844_photo_2025-07-07_19-54-09 (5).jpg,https://d4.by/image/catalog/d4_img/1751846400/1751907670287_photo_2025-07-07_19-54-10.jpg"
"353557_3";"BMW";"X5 E70";"2008";"Двигатель";"530d";"дизель";"3.0";"D";"АКПП";"";"";"0";"0";"";"";"0";"M57306D3,M57,306D3";"Из Бельгии, с леворульного авто (не Англия). Комплектный двигатель M57 306D3, форсунки пьеза , турбина с электронным управлением, снимался с авто с пробегом 270.000км. Цена за комплектный двигатель без кпп. Доставка по всей РБ, в РФ транспортными компаниями. Если не доступен звонить/пишите - Viber, WhatsApp, Telegram. ";"0";"0";"Запчасть Захара";"2300";"USD";"";"Брест";"+375(29)824-89-27 Viber WhatsApp Telegram";"";"";"https://d4.by/image/catalog/d4_img/1751846400/1751907447843_photo_2025-07-07_19-54-09 (4).jpg,https://d4.by/image/catalog/d4_img/1751846400/1751907447851_photo_2025-07-07_19-54-10.jpg,https://d4.by/image/catalog/d4_img/1751846400/1751907447842_photo_2025-07-07_19-54-09 (3).jpg,https://d4.by/image/catalog/d4_img/1751846400/1751907447839_photo_2025-07-07_19-54-09 (2).jpg,https://d4.by/image/catalog/d4_img/1751846400/1751907447850_photo_2025-07-07_19-54-10 (6).jpg,https://d4.by/image/catalog/d4_img/1751846400/1751907447849_photo_2025-07-07_19-54-10 (5).jpg,https://d4.by/image/catalog/d4_img/1751846400/1751907447848_photo_2025-07-07_19-54-10 (4).jpg,https://d4.by/image/catalog/d4_img/1751846400/1751907447847_photo_2025-07-07_19-54-10 (3).jpg,https://d4.by/image/catalog/d4_img/1751846400/1751907447846_photo_2025-07-07_19-54-10 (2).jpg,https://d4.by/image/catalog/d4_img/1751846400/1751907447845_photo_2025-07-07_19-54-09.jpg,https://d4.by/image/catalog/d4_img/1751846400/1751907447844_photo_2025-07-07_19-54-09 (5).jpg,https://d4.by/image/catalog/d4_img/1751846400/1751907678326_photo_2025-07-07_19-54-10.jpg"
"353557_2";"BMW";"X6 E71/E72";"2008";"Двигатель";"530d";"дизель";"3.0";"D";"АКПП";"";"";"0";"0";"";"";"0";"M57306D3,M57,306D3";"Из Бельгии, с леворульного авто (не Англия). Комплектный двигатель M57 306D3, форсунки пьеза , турбина с электронным управлением, снимался с авто с пробегом 270.000км. Цена за комплектный двигатель без кпп. Доставка по всей РБ, в РФ транспортными компаниями. Если не доступен звонить/пишите - Viber, WhatsApp, Telegram. ";"0";"0";"Запчасть Захара";"2300";"USD";"";"Брест";"+375(29)824-89-27 Viber WhatsApp Telegram";"";"";"https://d4.by/image/catalog/d4_img/1751846400/1751907447843_photo_2025-07-07_19-54-09 (4).jpg,https://d4.by/image/catalog/d4_img/1751846400/1751907447851_photo_2025-07-07_19-54-10.jpg,https://d4.by/image/catalog/d4_img/1751846400/1751907447842_photo_2025-07-07_19-54-09 (3).jpg,https://d4.by/image/catalog/d4_img/1751846400/1751907447839_photo_2025-07-07_19-54-09 (2).jpg,https://d4.by/image/catalog/d4_img/1751846400/1751907447850_photo_2025-07-07_19-54-10 (6).jpg,https://d4.by/image/catalog/d4_img/1751846400/1751907447849_photo_2025-07-07_19-54-10 (5).jpg,https://d4.by/image/catalog/d4_img/1751846400/1751907447848_photo_2025-07-07_19-54-10 (4).jpg,https://d4.by/image/catalog/d4_img/1751846400/1751907447847_photo_2025-07-07_19-54-10 (3).jpg,https://d4.by/image/catalog/d4_img/1751846400/1751907447846_photo_2025-07-07_19-54-10 (2).jpg,https://d4.by/image/catalog/d4_img/1751846400/1751907447845_photo_2025-07-07_19-54-09.jpg,https://d4.by/image/catalog/d4_img/1751846400/1751907447844_photo_2025-07-07_19-54-09 (5).jpg,https://d4.by/image/catalog/d4_img/1751846400/1751907686649_photo_2025-07-07_19-54-10.jpg"
"353557_1";"BMW";"5 E60/E61";"2008";"Двигатель";"530d";"дизель";"3.0";"D";"АКПП";"";"";"0";"0";"";"";"0";"M57306D3,M57,306D3";"Из Бельгии, с леворульного авто (не Англия). Комплектный двигатель M57 306D3, форсунки пьеза , турбина с электронным управлением, снимался с авто с пробегом 270.000км. Цена за комплектный двигатель без кпп. Доставка по всей РБ, в РФ транспортными компаниями. Если не доступен звонить/пишите - Viber, WhatsApp, Telegram. ";"0";"0";"Запчасть Захара";"2300";"USD";"";"Брест";"+375(29)824-89-27 Viber WhatsApp Telegram";"";"";"https://d4.by/image/catalog/d4_img/1751846400/1751907447843_photo_2025-07-07_19-54-09 (4).jpg,https://d4.by/image/catalog/d4_img/1751846400/1751907447851_photo_2025-07-07_19-54-10.jpg,https://d4.by/image/catalog/d4_img/1751846400/1751907447842_photo_2025-07-07_19-54-09 (3).jpg,https://d4.by/image/catalog/d4_img/1751846400/1751907447839_photo_2025-07-07_19-54-09 (2).jpg,https://d4.by/image/catalog/d4_img/1751846400/1751907447850_photo_2025-07-07_19-54-10 (6).jpg,https://d4.by/image/catalog/d4_img/1751846400/1751907447849_photo_2025-07-07_19-54-10 (5).jpg,https://d4.by/image/catalog/d4_img/1751846400/1751907447848_photo_2025-07-07_19-54-10 (4).jpg,https://d4.by/image/catalog/d4_img/1751846400/1751907447847_photo_2025-07-07_19-54-10 (3).jpg,https://d4.by/image/catalog/d4_img/1751846400/1751907447846_photo_2025-07-07_19-54-10 (2).jpg,https://d4.by/image/catalog/d4_img/1751846400/1751907447845_photo_2025-07-07_19-54-09.jpg,https://d4.by/image/catalog/d4_img/1751846400/1751907447844_photo_2025-07-07_19-54-09 (5).jpg,https://d4.by/image/catalog/d4_img/1751846400/1751907693963_photo_2025-07-07_19-54-10.jpg"
"382526";"Audi";"100";"1989";"Двигатель";"";"дизель";"2.0";"";"";"";"";"0";"0";"";"";"0";"CN";"Гарантия на установку проверку,  Цена указана без навесного оборудования ";"0";"0";"";"530";"USD";"";"";"";"";"";"https://d4.by/image/catalog/d4_img/1773446400/1773478289043_17734782841205849608946882405757.jpg,https://d4.by/image/catalog/d4_img/1773446400/1773478283345_1773478278976990781688769120455.jpg,https://d4.by/image/catalog/d4_img/1773446400/1773478278283_17734782732756118820265523289803.jpg,https://d4.by/image/catalog/d4_img/1773446400/1773478295553_17734782898697172619502940075780.jpg,https://d4.by/image/catalog/d4_img/1773446400/1773478301762_17734782963765980189375133325399.jpg,https://d4.by/image/catalog/d4_img/1773446400/1773478307707_17734783025791701824824677094153.jpg,https://d4.by/image/catalog/d4_img/1773446400/1773478312473_17734783085795460832085807189153.jpg"
"364676";"Geely";"Emgrand 7";"2020";"Двигатель";"";"бензин";"1.5";"";"";"";"";"0";"0";"";"";"0";"4G15";"Гарантия на установку и проверку,  Цена указана без навесного оборудования ";"0";"0";"";"1550";"USD";"";"";"";"";"";"https://d4.by/image/catalog/d4_img/1760400000/1760447744692_17604477375462921424090479982711.jpg,https://d4.by/image/catalog/d4_img/1760400000/1760447761984_17604477532355563109988856143449.jpg,https://d4.by/image/catalog/d4_img/1760400000/1760447770812_17604477643831843859797340757.jpg,https://d4.by/image/catalog/d4_img/1760400000/1760447777227_17604477715926050338981714167315.jpg,https://d4.by/image/catalog/d4_img/1760400000/1760447784231_17604477780215172258784874857438.jpg,https://d4.by/image/catalog/d4_img/1760400000/1760447793572_1760447785052484107510784413034.jpg,https://d4.by/image/catalog/d4_img/1760400000/1760447801591_17604477945354996039928523648076.jpg"
"293843";"Chevrolet";"Lacetti";"2007";"Двигатель";"";"дизель";"2.0";"CRDi";"";"";"";"0";"0";"";"";"0";"Z20S1 ";"Из Бельгии, хорошее состояние, гарантия , цена указана за двигатель без навесного оборудования ";"0";"0";"";"200";"USD";"";"";"";"";"";"https://d4.by/image/catalog/d4_img/1698192000/1698218745534_16982187399725712328288727187999.jpg,https://d4.by/image/catalog/d4_img/1698192000/1698218751727_16982187483568334767955726038478.jpg,https://d4.by/image/catalog/d4_img/1698192000/1698218738844_1698218735007246828318863595744.jpg,https://d4.by/image/catalog/d4_img/1698192000/1698218733802_16982187285146453033270783791013.jpg,https://d4.by/image/catalog/d4_img/1698192000/1698218761196_16982187554052098375991741234579.jpg,https://d4.by/image/catalog/d4_img/1698192000/1698218727476_16982187234734470946317701487776.jpg,https://d4.by/image/catalog/d4_img/1698192000/1698218722514_16982187152479158304804957746534.jpg"
"330929";"Skoda";"Fabia";"2004";"Двигатель";"";"бензин";"1.2";"";"";"";"";"0";"0";"";"";"0";"AWY";"Из Бельгии. Гарантия на установку и проверку. Цена указана без навесного оборудования ";"0";"0";"";"350";"USD";"";"";"";"";"";"https://d4.by/image/catalog/d4_img/1733270400/1733301857715_17333018521471013034930836453145.jpg,https://d4.by/image/catalog/d4_img/1733270400/1733301863454_17333018585671364770252909654107.jpg,https://d4.by/image/catalog/d4_img/1733270400/1733301868885_1733301864256464713531074134590.jpg,https://d4.by/image/catalog/d4_img/1733270400/1733301875215_17333018698094100811759591182531.jpg,https://d4.by/image/catalog/d4_img/1733270400/1733301881141_17333018761232786520444475055276.jpg,https://d4.by/image/catalog/d4_img/1733270400/1733301885635_17333018820143613627067939550614.jpg"
"339976";"Daihatsu";"Sirion";"2005";"Двигатель";"";"бензин";"1.3";"";"";"";"";"0";"0";"";"";"0";"K3";"Из Бельгии. Гарантия на установку и проверку. Цена указана без навесного оборудования ";"0";"0";"";"350";"USD";"";"";"";"";"";"https://d4.by/image/catalog/d4_img/1740009600/1740033669740_1740033661777636098226725192169.jpg,https://d4.by/image/catalog/d4_img/1740009600/1740033675745_17400336706118599204109961683244.jpg,https://d4.by/image/catalog/d4_img/1740009600/1740033684103_17400336766663447250184032344011.jpg,https://d4.by/image/catalog/d4_img/1740009600/1740033690414_17400336851344757457034305162703.jpg,https://d4.by/image/catalog/d4_img/1740009600/1740033696753_17400336913434387985414935440590.jpg,https://d4.by/image/catalog/d4_img/1740009600/1740033706846_174003369764268740179688131936.jpg,https://d4.by/image/catalog/d4_img/1740009600/1740033713485_17400337077875240990352760512663.jpg,https://d4.by/image/catalog/d4_img/1740009600/1740033719901_1740033714452930869578622231458.jpg"
"319652";"Volkswagen";"Jetta";"2006";"Двигатель";"";"дизель";"1.9";"";"";"";"";"0";"0";"";"";"0";"BKC";"Из Бельгии. Гарантия на установку и проверку  На 2-ух кулачках минимальная выроботка  Цена указана без навесного оборудования ";"0";"0";"";"300";"USD";"";"";"";"";"";"https://d4.by/image/catalog/d4_img/1722816000/1722848959955_17228489453926570404516406714280.jpg,https://d4.by/image/catalog/d4_img/1722816000/1722848944171_17228489325721061322665616409297.jpg,https://d4.by/image/catalog/d4_img/1722816000/1722848980914_IMG_20240805_114431.jpg,https://d4.by/image/catalog/d4_img/1722816000/1722848980900_IMG_20240805_114412.jpg,https://d4.by/image/catalog/d4_img/1722816000/1722848931546_17228489250203898665340414942529.jpg,https://d4.by/image/catalog/d4_img/1722816000/1722848916275_1722848909520826687131355377003.jpg,https://d4.by/image/catalog/d4_img/1722816000/1722848908576_17228489045205143502025753887288.jpg,https://d4.by/image/catalog/d4_img/1722816000/1722848898250_17228488934727208387171299700655.jpg,https://d4.by/image/catalog/d4_img/1722816000/1722848903669_17228488990807940593804384135867.jpg"
"279016";"Renault";"Clio";"2008";"Двигатель";"";"бензин";"1.2";"Ti";"";"";"";"0";"0";"";"";"0";"D4fh784";"Из Германии гарантия на проверку и установку цена без навесного оборудования ";"0";"0";"";"248";"USD";"";"";"";"";"";"https://d4.by/image/catalog/d4_img/1684800000/1684847745022_16848477370803725876276815151430.jpg,https://d4.by/image/catalog/d4_img/1684800000/1684847752703_16848477467833156931177117200583.jpg,https://d4.by/image/catalog/d4_img/1684800000/1684847762424_16848477566685241198913488136320.jpg,https://d4.by/image/catalog/d4_img/1684800000/1684847774277_168484776455938834784736423470.jpg,https://d4.by/image/catalog/d4_img/1684800000/1684847783303_16848477761242446781354175466842.jpg"
"352185";"Renault";"Master";"2005";"Двигатель";"";"дизель";"2.5";"";"";"";"";"0";"0";"";"";"0";"g9u730";"Из Бельгии. Гарантия на установку и проверку, Цена указана без навесного оборудования ";"0";"0";"";"1200";"USD";"";"";"";"";"";"https://d4.by/image/catalog/d4_img/1750809600/1750858449723_17508584433371630797496148843791.jpg,https://d4.by/image/catalog/d4_img/1750809600/1750858416267_17508584100812942213513063119896.jpg,https://d4.by/image/catalog/d4_img/1750809600/1750858424185_17508584171326982793489925291642.jpg,https://d4.by/image/catalog/d4_img/1750809600/1750858430341_1750858425836647032287786883634.jpg,https://d4.by/image/catalog/d4_img/1750809600/1750858435977_17508584313012889208630797963437.jpg,https://d4.by/image/catalog/d4_img/1750809600/1750858442405_1750858436927392924135286658227.jpg"
"187660";"Hyundai";"i20";"2009";"Двигатель";"";"дизель";"1.4";"CRDi";"";"";"";"0";"0";"";"";"0";"D4fc";"Из Бельгии, не большой пробег, цена за столбик ";"0";"0";"";"200";"USD";"";"";"";"";"";"https://d4.by/image/catalog/d4_img/1623024000/1623054893296_16230548687357799242666765486850.jpg,https://d4.by/image/catalog/d4_img/1623024000/1623054861132_16230548488467572271437778132211.jpg,https://d4.by/image/catalog/d4_img/1623024000/1623054841819_16230548327699192021273130163586.jpg,https://d4.by/image/catalog/d4_img/1623024000/1623054823786_16230548158383370001133868444376.jpg,https://d4.by/image/catalog/d4_img/1623024000/1623054812988_16230547925991555531911431034805.jpg,https://d4.by/image/catalog/d4_img/1623024000/1623055505859_16230554993967450611139148607630.jpg"
"333247";"SsangYong";"Kyron";"2007";"Двигатель";"";"дизель";"2.7";"";"";"";"";"0";"0";"";"";"0";"665926";"Из Бельгии. Гарантия на установку и проверку. Цена указана без навесного оборудования ";"0";"0";"";"650";"USD";"";"";"";"";"";"https://d4.by/image/catalog/d4_img/1735257600/1735286000440_1735285993596500771136371899665.jpg,https://d4.by/image/catalog/d4_img/1735257600/1735286015284_1735286006143532982268831333463.jpg,https://d4.by/image/catalog/d4_img/1735257600/1735286036977_17352860273837640086680330145416.jpg,https://d4.by/image/catalog/d4_img/1735257600/1735286005283_17352860013152681940824184925454.jpg,https://d4.by/image/catalog/d4_img/1735257600/1735286043701_17352860389381157466138565700499.jpg,https://d4.by/image/catalog/d4_img/1735257600/1735286021044_17352860168537326636592793079020.jpg,https://d4.by/image/catalog/d4_img/1735257600/1735286026513_17352860218571748643435458519929.jpg"
"375970";"Peugeot";"Expert";"2001";"Двигатель";"";"дизель";"2.0";"";"";"";"";"0";"0";"";"";"0";"RHX";"Из Бельгии.  Гарантия на установку и проверку . Цена указана без навесного оборудования ";"0";"0";"";"315";"USD";"";"";"";"";"";"https://d4.by/image/catalog/d4_img/1769644800/1769694754561_17696947497257406199713317374856.jpg,https://d4.by/image/catalog/d4_img/1769644800/1769694762723_17696947553067746069396032840653.jpg,https://d4.by/image/catalog/d4_img/1769644800/1769694769742_1769694763523441592298775400704.jpg,https://d4.by/image/catalog/d4_img/1769644800/1769694775581_17696947706247928519169866403116.jpg,https://d4.by/image/catalog/d4_img/1769644800/1769694782802_17696947764498914714906028788319.jpg,https://d4.by/image/catalog/d4_img/1769644800/1769694790672_17696947836588250827316412319715.jpg"
"352174";"Ford";"Mondeo";"2007";"Двигатель";"";"дизель";"1.8";"";"";"";"";"0";"0";"";"";"0";"QYBA";"Из Бельгии. Гарантия на установку и проверку, Цена указана без навесного ";"0";"0";"";"550";"USD";"";"";"";"";"";"https://d4.by/image/catalog/d4_img/1750809600/1750856472050_17508564661393489782332753625032.jpg,https://d4.by/image/catalog/d4_img/1750809600/1750856465172_17508564592327867972681937434387.jpg,https://d4.by/image/catalog/d4_img/1750809600/1750856431113_1750856425702673702661843249814.jpg,https://d4.by/image/catalog/d4_img/1750809600/1750856444534_17508564320728580559577681634725.jpg,https://d4.by/image/catalog/d4_img/1750809600/1750856451167_17508564461664551979013779232803.jpg,https://d4.by/image/catalog/d4_img/1750809600/1750856458387_17508564521055091255367097677237.jpg"
"352160";"Skoda";"Fabia";"2004";"Двигатель";"";"дизель";"1.4";"";"";"";"";"0";"0";"";"";"0";"BNM";"Из Бельгии. Гарантия на установку и проверку. Цена указана без навесного оборудования  дефект поддон";"0";"0";"";"300";"USD";"";"";"";"";"";"https://d4.by/image/catalog/d4_img/1750809600/1750851821919_17508518174284696479927193792210.jpg,https://d4.by/image/catalog/d4_img/1750809600/1750851827264_1750851822786358089485122258348.jpg,https://d4.by/image/catalog/d4_img/1750809600/1750851805134_1750851799798878151514887218051.jpg,https://d4.by/image/catalog/d4_img/1750809600/1750851810786_17508518060551135849550201807227.jpg,https://d4.by/image/catalog/d4_img/1750809600/1750851816530_17508518117096712232869198110646.jpg,https://d4.by/image/catalog/d4_img/1750809600/1750851836939_17508518316274643836003503847954.jpg"
"188455";"Mercedes";"B W245";"2006";"Двигатель";"";"дизель";"2.0";"";"";"";"";"0";"0";"";"";"0";" 64094230236799";"Из Бельгии, не большой пробег, цена за столбик ";"0";"0";"";"110";"USD";"";"";"";"";"";"https://d4.by/image/catalog/d4_img/1623628800/1623671357279_16236713509057847126696303872949.jpg,https://d4.by/image/catalog/d4_img/1623628800/1623670825740_16236708151934885827283310753656.jpg,https://d4.by/image/catalog/d4_img/1623628800/1623670806672_16236707961949062366503357922212.jpg,https://d4.by/image/catalog/d4_img/1623628800/1623670787722_1623670778733153435863120507334.jpg,https://d4.by/image/catalog/d4_img/1623628800/1623670766417_1623670733977835870882728967329.jpg"
"353436";"SsangYong";"Rodius";"2007";"Двигатель";"";"дизель";"2.7";"";"";"";"";"0";"0";"";"";"0";"665926";"Из Бельгии. Гарантия на установку и проверку . Цена указана без навесного оборудования ";"0";"0";"";"650";"USD";"";"";"";"";"";"https://d4.by/image/catalog/d4_img/1751846400/1751878348354_17518783414208163190869398412903.jpg,https://d4.by/image/catalog/d4_img/1751846400/1751878367246_1751878361306952382948130287224.jpg,https://d4.by/image/catalog/d4_img/1751846400/1751878340474_17518783342914172380118931121635.jpg,https://d4.by/image/catalog/d4_img/1751846400/1751878354726_17518783492792450137367907649498.jpg,https://d4.by/image/catalog/d4_img/1751846400/1751878360284_17518783558268408313773660724153.jpg,https://d4.by/image/catalog/d4_img/1751846400/1751878333417_17518783271994598574999485409011.jpg,https://d4.by/image/catalog/d4_img/1751846400/1751878326313_17518783202568873843355029752731.jpg"
"302147";"Volkswagen";"Passat";"2001";"Двигатель";"";"дизель";"1.9";"";"";"";"";"0";"0";"";"";"0";"ATJ";"Из Бельгии. Гарантия на установку и проверку  Цена указана без навесного оборудования Небольшая выроботка в распредвале";"0";"0";"";"250";"USD";"";"";"";"";"";"https://d4.by/image/catalog/d4_img/1704499200/1704547134772_17045471296277907312076429771015.jpg,https://d4.by/image/catalog/d4_img/1704499200/1704547147251_17045471427561233341709542213748.jpg,https://d4.by/image/catalog/d4_img/1704499200/1704547158352_17045471482213219273071209619386.jpg,https://d4.by/image/catalog/d4_img/1704499200/1704547141757_17045471358023194231316936165903.jpg,https://d4.by/image/catalog/d4_img/1704499200/1704547128681_17045471234801734831707119160744.jpg"
"177403";"Ford";"Fiesta";"2009";"Двигатель";"";"бензин";"1.2";"";"";"";"";"0";"0";"";"";"0";"Stja";"Из Бельгии,  не большой пробег,цена за столбик ";"0";"0";"";"400";"USD";"";"";"";"";"";"https://d4.by/image/catalog/img/1203202111_16155387084621990403456996843759.jpg,https://d4.by/image/catalog/img/1203202111_16155386933583713573358021661566.jpg"
"41910594";"Fiat";"Scudo";"2011";"Двигатель";"";"дизель";"2.0";"HDi";"";"";"";"";"";"";"";"";"AHZ";"из Бельгии, не большой пробег, цена за столбик ";"0";"0";"";"400";"USD";"";"";"";"";"";"https://d4.by/image/catalog/i/lj/pg/23acd4502a587a2d8f4b7f349698db6d.jpg,https://d4.by/image/catalog/i/lj/pg/874f9dae202dd2d48cb1a6d9b1c24276.jpg,https://d4.by/image/catalog/i/lj/pg/b675ce9b858a5f79948a982c4d2791d5.jpg"
"352149";"Fiat";"Ducato";"2005";"Двигатель";"";"дизель";"2.3";"";"";"";"";"0";"0";"";"";"0";"f1ae0481c";"Из Бельгии. Гарантия на установку и проверку. Цена указана без навесного оборудования ";"0";"0";"";"1350";"USD";"";"";"";"";"";"https://d4.by/image/catalog/d4_img/1750809600/1750849915609_17508499108764142101717835233785.jpg,https://d4.by/image/catalog/d4_img/1750809600/1750849901373_17508498895913199329572666015893.jpg,https://d4.by/image/catalog/d4_img/1750809600/1750849887658_175084988166862633062507213293.jpg,https://d4.by/image/catalog/d4_img/1750809600/1750849857048_17508498519304216287342649126.jpg,https://d4.by/image/catalog/d4_img/1750809600/1750849862429_17508498578961480149650951048474.jpg,https://d4.by/image/catalog/d4_img/1750809600/1750849867729_17508498632605304833091030819872.jpg,https://d4.by/image/catalog/d4_img/1750809600/1750849874542_17508498685705285944709661971595.jpg,https://d4.by/image/catalog/d4_img/1750809600/1750849880750_17508498754045467842865372357891.jpg"
"333152";"Renault";"Clio";"2013";"Двигатель";"";"дизель";"1.5";"";"";"";"";"0";"0";"";"";"0";"K9KHEP8";"Из Бельгии. Гарантия на установку и проверку. Цена указана без навесного оборудования Топливная система delphi нового образца";"0";"0";"";"930";"USD";"";"";"";"";"";"https://d4.by/image/catalog/d4_img/1735171200/1735214583468_17352145778716457675162349070188.jpg,https://d4.by/image/catalog/d4_img/1735171200/1735214598225_17352145942318690268569089004478.jpg,https://d4.by/image/catalog/d4_img/1735171200/1735214603382_17352145990567974597280413134062.jpg,https://d4.by/image/catalog/d4_img/1735171200/1735214611223_17352146042807366935806824451687.jpg,https://d4.by/image/catalog/d4_img/1735171200/1735214570922_17352145659065284086224220705715.jpg,https://d4.by/image/catalog/d4_img/1735171200/1735214565069_17352145602876827324251697407515.jpg,https://d4.by/image/catalog/d4_img/1735171200/1735214559394_17352145506281819673649651491313.jpg,https://d4.by/image/catalog/d4_img/1735171200/1735214576872_17352145717467715707406986276402.jpg,https://d4.by/image/catalog/d4_img/1735171200/1735214593336_1735214589246881040722899378454.jpg,https://d4.by/image/catalog/d4_img/1735171200/1735214588346_1735214584356642922979427499476.jpg"
"339915";"Fiat";"Ducato";"2002";"Двигатель";"";"дизель";"2.8";"TD";"";"";"";"0";"0";"";"";"0";"Sofim814043S";"Из Бельгии. Гарантия на установку и проверку . Цена указана без навесного оборудования ";"0";"0";"";"560";"USD";"";"";"";"";"";"https://d4.by/image/catalog/d4_img/1739923200/1739972594681_17399725881558359862761724354822.jpg,https://d4.by/image/catalog/d4_img/1739923200/1739972601283_17399725956503602168840265147738.jpg,https://d4.by/image/catalog/d4_img/1739923200/1739972587102_17399725816313880492144500785433.jpg,https://d4.by/image/catalog/d4_img/1739923200/1739972611338_1739972602267821993395690610420.jpg,https://d4.by/image/catalog/d4_img/1739923200/1739972580575_17399725760491290682999886943873.jpg,https://d4.by/image/catalog/d4_img/1739923200/1739972575080_1739972569759412794713596090000.jpg,https://d4.by/image/catalog/d4_img/1739923200/1739972568919_1739972555134433690948245263374.jpg"
"42609544";"Hyundai";"i10";"2009";"Двигатель";"";"дизель";"1.1";"CRDi";"";"";"";"";"";"";"";"";"D3fa";"из Бельгии, не большой пробег , цена за столбик ";"0";"0";"";"200";"USD";"";"";"";"";"";"https://d4.by/image/catalog/i/mo/oc/26c8317dc417afa223ac95a688320ac5.jpg,https://d4.by/image/catalog/i/mo/oc/0c1f38a998e4478f5b73d1d30d120993.jpg"
"42613641";"Hyundai";"i10";"2009";"Двигатель";"";"дизель";"1.1";"CRDi";"";"";"";"";"";"";"";"";"D3fa";"из Бельгии, не большой пробег , цена за столбик ";"0";"0";"";"200";"USD";"";"";"";"";"";"https://d4.by/image/catalog/i/km/ln/ff89de91fe30a68d81dec16278dc34fa.jpg,https://d4.by/image/catalog/i/km/ln/14be247a80fbebe0696031cdf8963264.jpg"
"323322";"Seat";"Ibiza";"2005";"Двигатель";"";"бензин";"1.4";"";"";"";"";"0";"0";"";"";"0";"BBZ";"Из Бельгии. Гарантия на установку и проверку. Цена указана без навесного оборудования ";"0";"0";"";"300";"USD";"";"";"";"";"";"https://d4.by/image/catalog/d4_img/1726012800/1726061102444_17260610983717208500815464904355.jpg,https://d4.by/image/catalog/d4_img/1726012800/1726061106946_17260611033297961003941003466329.jpg,https://d4.by/image/catalog/d4_img/1726012800/1726061111566_1726061107863966312851178406717.jpg,https://d4.by/image/catalog/d4_img/1726012800/1726061123577_17260611128517832931831669831437.jpg,https://d4.by/image/catalog/d4_img/1726012800/1726061130109_17260611252083545281208923534804.jpg,https://d4.by/image/catalog/d4_img/1726012800/1726061136853_17260611310322191581422790981796.jpg"
"302129";"Peugeot";"306";"1999";"Двигатель";"";"бензин";"1.6";"";"";"";"";"0";"0";"";"";"0";"NFT";"Из Бельгии. Гарантия на установку и проверку  Цена указана без навесного оборудования ";"0";"0";"";"300";"USD";"";"";"";"";"";"https://d4.by/image/catalog/d4_img/1704499200/1704540894620_17045408896522873456124993178088.jpg,https://d4.by/image/catalog/d4_img/1704499200/1704540888796_17045408843606698619404859808402.jpg,https://d4.by/image/catalog/d4_img/1704499200/1704540905375_17045409008593039908179786822238.jpg,https://d4.by/image/catalog/d4_img/1704499200/1704540899932_17045408955078415836467166463108.jpg,https://d4.by/image/catalog/d4_img/1704499200/1704540911591_17045409064766763763019524897072.jpg"
"189228";"Audi";"A6";"2008";"Двигатель";"";"дизель";"2.7";"TDi";"";"";"";"0";"0";"";"";"0";"Bsg";"Из Бельгии, не большой пробег, цена за столбик ";"0";"0";"";"790";"USD";"";"";"";"";"";"https://d4.by/image/catalog/d4_img/1624060800/1624085409421_16240853990581527709633732028271.jpg,https://d4.by/image/catalog/d4_img/1624060800/1624085393635_16240853869062958202723756300755.jpg,https://d4.by/image/catalog/d4_img/1624060800/1624085383636_1624085372421293258012526785676.jpg,https://d4.by/image/catalog/d4_img/1624060800/1624085363453_16240853553967187403776804034706.jpg,https://d4.by/image/catalog/d4_img/1624060800/1624085352320_1624085338374416584566093096680.jpg,https://d4.by/image/catalog/d4_img/1624060800/1624085335330_16240853243488546942662596718082.jpg,https://d4.by/image/catalog/d4_img/1624060800/1624085316452_16240853082956980665182496101679.jpg"
"350823";"Skoda";"Fabia";"2004";"Двигатель";"";"бензин";"1.2";"";"";"";"";"0";"0";"";"";"0";"AWY";"Из Бельгии. Гарантия на установку и проверку, Комплект как на фото ";"0";"0";"";"350";"USD";"";"";"";"";"";"https://d4.by/image/catalog/d4_img/1749427200/1749477988327_17494779833424963588937559092381.jpg,https://d4.by/image/catalog/d4_img/1749427200/1749478001176_17494779946805068722101545799441.jpg,https://d4.by/image/catalog/d4_img/1749427200/1749477993617_17494779892424412132042322620938.jpg,https://d4.by/image/catalog/d4_img/1749427200/1749478015090_17494780107385168341229590963192.jpg,https://d4.by/image/catalog/d4_img/1749427200/1749478009692_17494780022111925814515418291214.jpg,https://d4.by/image/catalog/d4_img/1749427200/1749477982439_17494779768267925920773926244679.jpg"
"42823135";"Mitsubishi";"Colt";"2006";"Двигатель";"";"бензин";"1.1";"";"";"";"";"";"";"";"";"";"3A91";"из Бельгии, не большой пробег , цена без комплектующих ";"0";"0";"";"146";"USD";"";"";"";"";"";"https://d4.by/image/catalog/i/oi/pe/3ce8e522a115313ae30bb94f65d58837.jpg"
"42823210";"Mitsubishi";"Colt";"2007";"Двигатель";"";"дизель";"1.5";"";"";"";"";"";"";"";"";"";"639";"из Бельгии, не большой пробег , цена за столбик ";"0";"0";"";"146";"USD";"";"";"";"";"";"https://d4.by/image/catalog/i/af/he/72f609bc8fe968c0019561c388e0dd32.jpg,https://d4.by/image/catalog/i/af/he/eb477df1642ae47471f9283d546d7c2e.jpg"
"42824664";"Chevrolet";"Epica";"2006";"Двигатель";"";"дизель";"2.0";"CRDi";"";"";"";"";"";"";"";"";"Z20s1";"из Бельгии, не большой пробег, цена за столбик ";"0";"0";"";"200";"USD";"";"";"";"";"";"https://d4.by/image/catalog/i/jf/ok/7525924c34efb76d39a166cd44287e93.jpg,https://d4.by/image/catalog/i/jf/ok/a50db1e3efc608d9d8797f99ffd69bb7.jpg"
"350035";"Isuzu";"Elf";"2006";"Двигатель";"";"дизель";"4.6";"";"";"";"";"0";"0";"";"";"0";"4HG1";"Гарантия на установку и проверку,  цена указана без навесного оборудования, небольшая выработка в цилиндрах.";"0";"0";"";"1500";"USD";"";"";"";"";"";"https://d4.by/image/catalog/d4_img/1748563200/1748605870147_17486058655496959522533390534684.jpg,https://d4.by/image/catalog/d4_img/1748563200/1748605877460_17486058710788169366258639548933.jpg,https://d4.by/image/catalog/d4_img/1748563200/1748605884267_17486058783832486145110074495766.jpg,https://d4.by/image/catalog/d4_img/1748563200/1748605891741_17486058851383787913895000792830.jpg,https://d4.by/image/catalog/d4_img/1748563200/1748605845981_17486058410929206720126445854193.jpg,https://d4.by/image/catalog/d4_img/1748563200/1748605851076_17486058468606282991120149997650.jpg,https://d4.by/image/catalog/d4_img/1748563200/1748605857650_17486058519221991806363195396027.jpg,https://d4.by/image/catalog/d4_img/1748563200/1748605863993_1748605859241417207110652747343.jpg"
"326637";"Dodge";"Caliber";"2007";"Двигатель";"";"бензин";"2.0";"";"";"";"";"0";"0";"";"";"0";"BBBB8A";"Из Бельгии. Гарантия на установку и проверку. Цена указана без навесного оборудования ";"0";"0";"";"850";"USD";"";"";"";"";"";"https://d4.by/image/catalog/d4_img/1729814400/1729847502054_17298474965256868098913435541848.jpg,https://d4.by/image/catalog/d4_img/1729814400/1729847458092_17298474528772834525467839086418.jpg,https://d4.by/image/catalog/d4_img/1729814400/1729847431666_17298474275202021847424686797092.jpg,https://d4.by/image/catalog/d4_img/1729814400/1729847445073_17298474376539177928049567950620.jpg,https://d4.by/image/catalog/d4_img/1729814400/1729847451955_17298474460426577241948459152494.jpg,https://d4.by/image/catalog/d4_img/1729814400/1729847436671_17298474325028827817464541186400.jpg,https://d4.by/image/catalog/d4_img/1729814400/1729847426661_17298474218116525801778865848832.jpg"
"364262";"Hyundai";"H200";"2004";"Двигатель";"";"дизель";"2.5";"";"";"";"";"0";"0";"";"";"0";"D4CB";"Из Бельгии.  Гарантия на установку и проверку . Цена указана без навесного  оборудования ";"0";"0";"";"950";"USD";"";"";"";"";"";"https://d4.by/image/catalog/d4_img/1759968000/1760002408455_17600024032086590915592455182603.jpg,https://d4.by/image/catalog/d4_img/1759968000/1760002417669_17600024091997231202197083568236.jpg,https://d4.by/image/catalog/d4_img/1759968000/1760002402434_17600023957757314288574007081957.jpg,https://d4.by/image/catalog/d4_img/1759968000/1760002387586_17600023591455828992223375545862.jpg,https://d4.by/image/catalog/d4_img/1759968000/1760002394881_17600023884171125865519814322183.jpg,https://d4.by/image/catalog/d4_img/1759968000/1760002358347_17600023454147726458666330628368.jpg,https://d4.by/image/catalog/d4_img/1759968000/1760002429234_17600024185655866271271538423016.jpg"
"351176";"Ford";"Transit";"2019";"Двигатель";"";"дизель";"2.0";"";"";"";"";"0";"0";"";"";"0";"kj78468,BLRA";"Из Бельгии. Гарантия на установку и проверку. Цена указана без навесного оборудования ";"0";"0";"";"2800";"USD";"";"";"";"";"";"https://d4.by/image/catalog/d4_img/1749772800/1749825118150_17498251130825094063212272316097.jpg,https://d4.by/image/catalog/d4_img/1749772800/1749825112130_17498251036704664142796412557416.jpg,https://d4.by/image/catalog/d4_img/1749772800/1749825096013_17498250913104316412239195033191.jpg,https://d4.by/image/catalog/d4_img/1749772800/1749825102645_17498250970422147904069413857917.jpg,https://d4.by/image/catalog/d4_img/1749772800/1749825143226_17498251379063522381718334855426.jpg,https://d4.by/image/catalog/d4_img/1749772800/1749825136830_17498251284998694766425727771643.jpg,https://d4.by/image/catalog/d4_img/1749772800/1749825127479_1749825119123144466138669241062.jpg,https://d4.by/image/catalog/d4_img/1749772800/1749825090422_1749825084913569789605397217481.jpg"
"323289";"Mitsubishi";"Carisma";"1997";"Двигатель";"";"бензин";"1.6";"";"";"";"";"0";"0";"";"";"0";"4G92";"Из Бельгии. Гарантия на установку и проверку. Цена указана без навесного оборудования ";"0";"0";"";"250";"USD";"";"";"";"";"";"https://d4.by/image/catalog/d4_img/1726012800/1726053262845_17260532574139150189098084743596.jpg,https://d4.by/image/catalog/d4_img/1726012800/1726053268167_17260532637488728457501790530333.jpg,https://d4.by/image/catalog/d4_img/1726012800/1726053275368_17260532691307099621245126748471.jpg,https://d4.by/image/catalog/d4_img/1726012800/1726053283515_17260532763654161183650895431185.jpg,https://d4.by/image/catalog/d4_img/1726012800/1726053289292_1726053284471311297424231658413.jpg"
"333110";"Iveco";"Daily";"2011";"Двигатель";"";"дизель";"2.3";"";"";"";"";"0";"0";"";"";"0";"F1AE0481U";"Из Бельгии. Гарантия на установку и проверку. Цена указана без навесного оборудования ";"0";"0";"";"1700";"USD";"";"";"";"";"";"https://d4.by/image/catalog/d4_img/1735171200/1735203000182_17352029957287741132067798833889.jpg,https://d4.by/image/catalog/d4_img/1735171200/1735202994938_17352029905807923610866670854356.jpg,https://d4.by/image/catalog/d4_img/1735171200/1735203022807_17352030171177495223067302391644.jpg,https://d4.by/image/catalog/d4_img/1735171200/1735203016215_17352030106691000726300106921076.jpg,https://d4.by/image/catalog/d4_img/1735171200/1735202989779_17352029819661092818431547502751.jpg,https://d4.by/image/catalog/d4_img/1735171200/1735203031343_17352030245223326963373579157311.jpg,https://d4.by/image/catalog/d4_img/1735171200/1735203009663_17352030011192743201232991843636.jpg"
"323266";"Volvo";"S70";"1999";"Двигатель";"";"бензин";"2.5";"";"";"";"";"0";"0";"";"";"0";"B5252S";"Из Бельгии. Гарантия на установку и проверку. Цена указана без навесного оборудования ";"0";"0";"";"530";"USD";"";"";"";"";"";"https://d4.by/image/catalog/d4_img/1726012800/1726045505138_17260454999068722250276683698122.jpg,https://d4.by/image/catalog/d4_img/1726012800/1726045511011_17260455059852594788678466134945.jpg,https://d4.by/image/catalog/d4_img/1726012800/1726045517734_17260455118653123049194468348434.jpg,https://d4.by/image/catalog/d4_img/1726012800/1726045527400_17260455201859047134873481732397.jpg,https://d4.by/image/catalog/d4_img/1726012800/1726045532715_17260455282916858389098657766978.jpg,https://d4.by/image/catalog/d4_img/1726012800/1726045539761_17260455336462892642363795850329.jpg"
"43595837";"Honda";"Civic";"2004";"Двигатель";"";"дизель";"1.7";"CDTi";"";"";"";"0";"0";"";"";"0";"4EE2";"из Бельгии,не большой пробег ,, цена за столбик ";"0";"0";"";"200";"USD";"";"";"";"";"";"https://d4.by/image/catalog/i/fk/cl/1747326d3dc8e4a01cf713eb3d25a699.jpg,https://d4.by/image/catalog/i/fk/cl/70c2727f52ca7a54623d86077861c2be.jpg"
"43599802";"Mercedes";"A W169";"2005";"Двигатель";"";"дизель";"2.0";"CDi";"";"";"";"";"";"";"";"";"640940301";"из Бельгии,не большой пробег ,, цена без комплектующих ";"0";"0";"";"100";"USD";"";"";"";"";"";"https://d4.by/image/catalog/i/ak/mc/387637c50728df202457a9598d252485.jpg,https://d4.by/image/catalog/i/ak/mc/d70d6cf7ffd0c69b92f2a06f299fa93b.jpg"
"43626818";"Mazda";"2";"2009";"Двигатель";"";"бензин";"1.3";"";"";"";"";"";"";"";"";"";"Zj";"из Бельгии, не большой пробег, цена за столбик ";"0";"0";"";"270";"USD";"";"";"";"";"";"https://d4.by/image/catalog/i/bd/je/6c9a8fc6d3fb1156b594402cb8c334e4.jpg,https://d4.by/image/catalog/i/bd/je/cafabd7e7a36dc1ea99ded7609f8cf9e.jpg"
"43626961";"Kia";"Picanto";"2009";"Двигатель";"";"дизель";"1.1";"CRDi";"";"";"";"0";"0";"";"";"0";"d3fa";"из Бельгии, не большой пробег , цена за столбик ";"0";"0";"";"200";"USD";"";"";"";"";"";"https://d4.by/image/catalog/i/pj/if/3a86392c9db453a1caf0dd5b0920b52f.jpg,https://d4.by/image/catalog/i/pj/if/bd791368d19a333d7420580e6e8db969.jpg"
"43627223";"Daewoo";"Nubira";"2007";"Двигатель";"";"дизель";"2.0";"";"";"";"";"";"";"";"";"";"z20s";"из Бельгии, не большой пробег , цена без комплектующих ";"0";"0";"";"252";"USD";"";"";"";"";"";"https://d4.by/image/catalog/i/dh/ko/af921fa65a275aecc5c18672bd41de24.jpg"
"339879";"Fiat";"Ducato";"2002";"Двигатель";"";"дизель";"2.8";"TD";"";"";"";"0";"0";"";"";"0";"sofim814043s";"Из Бельгии. Гарантия на установку и проверку. Цена указана без навесного оборудования ";"0";"0";"";"560";"USD";"";"";"";"";"";"https://d4.by/image/catalog/d4_img/1739923200/1739969324607_1739969317970206001394031974785.jpg,https://d4.by/image/catalog/d4_img/1739923200/1739969347413_17399693374941550514877555340917.jpg,https://d4.by/image/catalog/d4_img/1739923200/1739969336564_17399693320546758573415681047182.jpg,https://d4.by/image/catalog/d4_img/1739923200/1739969331074_17399693254862102136468587226308.jpg,https://d4.by/image/catalog/d4_img/1739923200/1739969315711_17399693103822599578532096736939.jpg,https://d4.by/image/catalog/d4_img/1739923200/1739969280894_17399692763406964146192271412499.jpg,https://d4.by/image/catalog/d4_img/1739923200/1739969275428_17399692693785139027567987891912.jpg"
"333077";"Volkswagen";"Sharan";"2005";"Двигатель";"";"дизель";"1.9";"";"";"";"";"0";"0";"";"";"0";"ASZ";"Из Бельгии. Гарантия на установку и проверку  Цена указана без навесного оборудования ";"0";"0";"";"440";"USD";"";"";"";"";"";"https://d4.by/image/catalog/d4_img/1735171200/1735194940052_1735194921444618864789065727820.jpg,https://d4.by/image/catalog/d4_img/1735171200/1735194956543_17351949513933955738424066330526.jpg,https://d4.by/image/catalog/d4_img/1735171200/1735194963868_17351949574571231497908672018459.jpg,https://d4.by/image/catalog/d4_img/1735171200/1735194973232_1735194964902623968714248043250.jpg,https://d4.by/image/catalog/d4_img/1735171200/1735194920713_17351949157404827695342072857188.jpg,https://d4.by/image/catalog/d4_img/1735171200/1735194950528_17351949461435888334863133744647.jpg,https://d4.by/image/catalog/d4_img/1735171200/1735194945299_17351949409074985711235580283948.jpg"
"319331";"Nissan";"Navara";"2007";"Двигатель";"";"дизель";"2.5";"";"";"";"";"0";"0";"";"";"0";"YD25";"Из Бельгии. Гарантия на установку и проверку. Цена указана без навесного оборудования. Пробег 126.000км";"0";"0";"Перед продажей сравнить двигатель.есть 3 варианта по этой маркировке,.навеска тоже отличается, разница по клаппаной крышке,алюминь -пластик,и как стоят форсунки,(сверху у нас ,есть под клаппаной)";"2600";"USD";"";"";"";"";"";"https://d4.by/image/catalog/d4_img/1722470400/1722515616592_17225156107656596825466694694583.jpg,https://d4.by/image/catalog/d4_img/1722470400/1722515635669_17225156306745641717914626502588.jpg,https://d4.by/image/catalog/d4_img/1722470400/1722515629772_17225156238747585591468232893210.jpg,https://d4.by/image/catalog/d4_img/1722470400/1722515609714_17225155999617351071507918711238.jpg,https://d4.by/image/catalog/d4_img/1722470400/1722515622995_17225156174651986566735741631763.jpg,https://d4.by/image/catalog/d4_img/1722470400/1722515599060_17225155927202268991371489365810.jpg,https://d4.by/image/catalog/d4_img/1722470400/1722515656136_17225156498696406451016500698984.jpg,https://d4.by/image/catalog/d4_img/1722470400/1722515591863_17225155852298299279987621227818.jpg,https://d4.by/image/catalog/d4_img/1722470400/1722515647246_17225156366443270266277421434583.jpg"
"44184461";"Chevrolet";"Lacetti";"2007";"Двигатель";"";"дизель";"2.0";"CRDi";"";"";"";"";"";"";"";"";"z20s";"Из Бельгии, не большой пробег ,цена за столбик ";"0";"0";"";"200";"USD";"";"";"";"";"";"https://d4.by/image/catalog/i/fg/fp/8171531bf7d8dbebef494478cb11e514.jpg,https://d4.by/image/catalog/i/fg/fp/a2d9041d78bc181427cf1e17e91c408c.jpg"
"44185239";"Kia";"Venga";"2011";"Двигатель";"";"дизель";"1.6";"CRDi";"";"";"";"0";"0";"";"";"0";"D4FC";"Из Бельгии, не большой пробег, цена за столбик ";"0";"0";"";"200";"USD";"";"";"";"";"";"https://d4.by/image/catalog/i/ih/ma/2e8aa6668b2a3e7f3521db60048b1306.jpg,https://d4.by/image/catalog/i/ih/ma/ed7c270a6a647a6e30b98b75208fe0ed.jpg"
"44185311";"Kia";"Rio";"2012";"Двигатель";"";"дизель";"1.1";"CRDi";"";"";"";"0";"0";"";"";"0";"D3fa";"Из Бельгии, не большой пробег, цена за столбик ,топливная делфи";"0";"0";"";"360";"USD";"";"";"";"";"";"https://d4.by/image/catalog/i/ib/gk/5b77cec87ccb1345c94b83a20ec0f8b3.jpg,https://d4.by/image/catalog/i/ib/gk/11b3c123bd4505c690581d100ab7f9e5.jpg"
"266433";"Volkswagen";"Lupo";"2001";"Двигатель";"";"дизель";"1.2";"TDi PD";"";"";"";"0";"0";"";"";"0";"Ayz";"Из Бельгии гарантия на проверку и установку цена без навесного оборудования ";"0";"0";"";"252";"USD";"";"";"";"";"";"https://d4.by/image/catalog/d4_img/1674259200/1674308074857_16743080675169078861837307374886.jpg,https://d4.by/image/catalog/d4_img/1674259200/1674308084525_16743080767375093843952216615552.jpg,https://d4.by/image/catalog/d4_img/1674259200/1674308093915_16743080862175332814405088112235.jpg,https://d4.by/image/catalog/d4_img/1674259200/1674308104277_16743080955857869756666012710494.jpg"
"326726";"Chrysler";"300C";"2007";"Двигатель";"";"дизель";"3.0";"";"";"";"";"0";"0";"";"";"0";"642982";"Из Бельгии. Гарантия на установку и проверку. Цена указана без навесного оборудования ";"0";"0";"";"1200";"USD";"";"";"";"";"";"https://d4.by/image/catalog/d4_img/1729900800/1729924617079_17299246123871479902749983265804.jpg,https://d4.by/image/catalog/d4_img/1729900800/1729924588268_17299245839241766584910924951714.jpg,https://d4.by/image/catalog/d4_img/1729900800/1729924594090_17299245892425225282425883207328.jpg,https://d4.by/image/catalog/d4_img/1729900800/1729924600389_1729924594918377408026471676179.jpg,https://d4.by/image/catalog/d4_img/1729900800/1729924605638_17299246012594637241433058460462.jpg,https://d4.by/image/catalog/d4_img/1729900800/1729924611379_17299246065175985645104354503975.jpg,https://d4.by/image/catalog/d4_img/1729900800/1729924623440_17299246179462110488817361716165.jpg,https://d4.by/image/catalog/d4_img/1729900800/1729924628781_17299246244887568443707220048658.jpg,https://d4.by/image/catalog/d4_img/1729900800/1729924635354_17299246297176792891749640397943.jpg,https://d4.by/image/catalog/d4_img/1729900800/1729924645273_17299246363003518165503037551053.jpg,https://d4.by/image/catalog/d4_img/1729900800/1729924583122_17299245766875872008489543789799.jpg"
"319445";"Chrysler";"300C";"2007";"Двигатель";"";"дизель";"3.0";"";"";"";"";"0";"0";"";"";"0";"642982";"Из Бельгии. Гарантия на установку и проверку. Цена указана без навесного оборудования. Бит поддон ";"0";"0";"";"1100";"USD";"";"";"";"";"";"https://d4.by/image/catalog/d4_img/1722556800/1722593394380_17225933896225480734002878882783.jpg,https://d4.by/image/catalog/d4_img/1722556800/1722593432075_17225934239694129769343075559069.jpg,https://d4.by/image/catalog/d4_img/1722556800/1722593452400_17225934417712750089718238404431.jpg,https://d4.by/image/catalog/d4_img/1722556800/1722593423081_17225934170309017219767796975505.jpg,https://d4.by/image/catalog/d4_img/1722556800/1722593440832_17225934330204649941348476166754.jpg,https://d4.by/image/catalog/d4_img/1722556800/1722593409528_17225934044092916944321380068513.jpg,https://d4.by/image/catalog/d4_img/1722556800/1722593416176_17225934103309148696082468258754.jpg,https://d4.by/image/catalog/d4_img/1722556800/1722593403405_17225933952184066784889487987148.jpg"
"44902615";"Audi";"A3";"2007";"Двигатель";"";"дизель";"2.0";"TDi";"";"";"";"";"";"";"";"";"BUY";"Из Бельгии, не большой пробег ,цена за столбик ";"0";"0";"";"350";"USD";"";"";"";"";"";"https://d4.by/image/catalog/i/na/cn/e0dd6cb100340854ee72e8d71f819cec.jpg,https://d4.by/image/catalog/i/na/cn/70580d3284b6b19c21293975f815236d.jpg"
"44910628";"Smart";"Forfour";"2006";"Двигатель";"";"дизель";"1.5";"CDi";"";"";"";"";"";"";"";"";"OM639939";"Из Бельгии, не большой пробег ,цена за столбик ";"0";"0";"";"125";"USD";"";"";"";"";"";"https://d4.by/image/catalog/i/bd/mg/044e30f73515329a60cdfc7d5e0583c8.jpg"
"364175";"Alfa Romeo";"146";"1999";"Двигатель";"";"дизель";"1.9";"TD";"";"";"";"0";"0";"";"";"0";"";"Гарантия на установку и проверку . Цена указана без навесного оборудования ";"0";"0";"";"450";"USD";"";"";"";"";"";"https://d4.by/image/catalog/d4_img/1759881600/1759905985776_17599059712642045323738071498993.jpg"
"27143375";"Renault";"Clio";"2007";"Двигатель";"";"бензин";"1.2";"Ti";"";"";"";"0";"0";"";"";"0";"D4FH784";"из Бельгии,небольшой пробег.1.2тб";"0";"0";"";"248";"USD";"";"";"";"";"";"https://d4.by/image/catalog/i/bg/md/e50d3379b6948ffb8b9fca9c529bb6ce.jpg"
"27302035";"Mercedes";"B W245";"2009";"Двигатель";"";"дизель";"2.0";"TDi";"";"";"";"";"";"";"";"";"64094230474035";"из Бельгии, небольшой пробег, цена за столб";"0";"0";"";"110";"USD";"";"";"";"";"";"https://d4.by/image/catalog/i/bp/dc/5f3e72c5487b35f2e6e5bfab9b8d85fd.jpg,https://d4.by/image/catalog/i/bp/dc/16ebbe2a974df77266fae808dbe46698.jpg,https://d4.by/image/catalog/i/bp/dc/067e7009f9c21bd3308b7c632e156570.jpg"
"319352";"BMW";"3 E36";"1999";"Двигатель";"";"дизель";"1.8";"TDS";"";"";"";"0";"0";"";"";"0";"174T1";"Из Бельгии. Гарантия на установку и проверку. Цена указана без навесного оборудования ";"0";"0";"";"600";"USD";"";"";"";"";"";"https://d4.by/image/catalog/d4_img/1722470400/1722521265195_17225212607189044429161224900606.jpg,https://d4.by/image/catalog/d4_img/1722470400/1722521280649_17225212739445513663325287158967.jpg,https://d4.by/image/catalog/d4_img/1722470400/1722521217614_17225212132335269793343798952133.jpg,https://d4.by/image/catalog/d4_img/1722470400/1722521224655_17225212184826314444755554575701.jpg,https://d4.by/image/catalog/d4_img/1722470400/1722521259862_17225212521022791179995749950731.jpg,https://d4.by/image/catalog/d4_img/1722470400/1722521212367_172252120434081059647075653373.jpg,https://d4.by/image/catalog/d4_img/1722470400/1722521288317_17225212823014224907968220079695.jpg,https://d4.by/image/catalog/d4_img/1722470400/1722521303528_17225212984741531128709030880612.jpg,https://d4.by/image/catalog/d4_img/1722470400/1722521297342_17225212893064088686342796760902.jpg,https://d4.by/image/catalog/d4_img/1722470400/1722521273032_17225212662113152709505908457929.jpg"
"28537403";"Volkswagen";"Polo";"1991";"Двигатель";"";"бензин";"1.0";"";"";"";"";"";"";"";"";"";"AAK";"из Германии, небольшой пробег, цена за столб ";"0";"0";"";"162";"USD";"";"";"";"";"";"https://d4.by/image/catalog/i/lc/da/637804b649a4b0a1e68ad43a388c0fa5.jpg,https://d4.by/image/catalog/i/lc/da/702819ae085f3ca7242ce52cfc797a65.jpg"
"333922";"Dacia";"Logan MCV Stepway";"2018";"Двигатель";"";"бензин";"0.9";"Ti";"";"";"";"0";"0";"";"";"0";"H4BB408";"Из Бельгии. Гарантия на установку и проверку. Цена указана без навесного оборудования ";"0";"0";"";"600";"USD";"";"";"";"";"";"https://d4.by/image/catalog/d4_img/1735603200/1735650681827_17356506726387670431523428078101.jpg,https://d4.by/image/catalog/d4_img/1735603200/1735650671735_17356506665207997348265053220069.jpg,https://d4.by/image/catalog/d4_img/1735603200/1735650665590_17356506612484616685654643652200.jpg,https://d4.by/image/catalog/d4_img/1735603200/1735650660287_17356506559907945863795028870115.jpg,https://d4.by/image/catalog/d4_img/1735603200/1735650653403_17356506490124896298856296745772.jpg,https://d4.by/image/catalog/d4_img/1735603200/1735650648232_17356506310061088272176956463192.jpg"
"346231";"Fiat";"Stilo";"2006";"Двигатель";"";"бензин";"1.6";"";"";"";"";"0";"0";"";"";"0";"192B3000";"Из Бельгии. Гарантия на установку и проверку. Цена указана без навесного оборудования ";"0";"0";"";"400";"USD";"";"";"";"";"";"https://d4.by/image/catalog/d4_img/1744070400/1744119532610_17441195274877627408247649453533.jpg,https://d4.by/image/catalog/d4_img/1744070400/1744119579635_17441195688863092381727578836694.jpg,https://d4.by/image/catalog/d4_img/1744070400/1744119548156_17441195436042300816263486786845.jpg,https://d4.by/image/catalog/d4_img/1744070400/1744119542724_17441195334454046623406328997208.jpg,https://d4.by/image/catalog/d4_img/1744070400/1744119584696_17441195805354351281115289660550.jpg,https://d4.by/image/catalog/d4_img/1744070400/1744119567867_17441195630054596053975141342200.jpg,https://d4.by/image/catalog/d4_img/1744070400/1744119562145_17441195540519059724069137432955.jpg,https://d4.by/image/catalog/d4_img/1744070400/1744119553215_1744119549110415247595595094.jpg"
"333914";"Renault";"Laguna";"2003";"Двигатель";"";"бензин";"1.8";"";"";"";"";"0";"0";"";"";"0";"F4P771";"Из Бельгии. Гарантия на установку и проверку. Цена указана без навесного оборудования ";"0";"0";"";"600";"USD";"";"";"";"";"";"https://d4.by/image/catalog/d4_img/1735603200/1735648568603_17356485617517031802762260964641.jpg,https://d4.by/image/catalog/d4_img/1735603200/1735648573610_17356485694538069446586936589665.jpg,https://d4.by/image/catalog/d4_img/1735603200/1735648581599_17356485745396306807051853567586.jpg,https://d4.by/image/catalog/d4_img/1735603200/1735648591709_17356485825016252419783095656323.jpg,https://d4.by/image/catalog/d4_img/1735603200/1735648599300_17356485926688953757874482346692.jpg,https://d4.by/image/catalog/d4_img/1735603200/1735648604592_17356486002332436879757393945303.jpg,https://d4.by/image/catalog/d4_img/1735603200/1735648611752_17356486056201066109497832742381.jpg"
"328033";"Fiat";"Ducato";"2022";"Двигатель";"";"дизель";"2.2";"HDi";"";"";"";"0";"0";"";"";"0";"Pv32A0122,c02500b1,";"Из Бельгии, хорошее состояние, гарантия,с тестового автомобиля,пробег 5км,цена указана за двигатель без навесного оборудования,дефект клапанной крышки";"0";"0";"";"8000";"USD";"";"";"";"";"";"https://d4.by/image/catalog/d4_img/1731024000/1731050671086_17310506670291058203738280919137.jpg,https://d4.by/image/catalog/d4_img/1731024000/1731050665997_17310506613976137013855842722427.jpg,https://d4.by/image/catalog/d4_img/1731024000/1731050655011_17310506427761828168951681666820.jpg,https://d4.by/image/catalog/d4_img/1731024000/1731050641851_17310506378397327075758149640434.jpg,https://d4.by/image/catalog/d4_img/1731024000/1731050636739_17310506279666159534585112588191.jpg,https://d4.by/image/catalog/d4_img/1731024000/1731050660468_17310506558254195384130227658766.jpg,https://d4.by/image/catalog/d4_img/1731024000/1731050676426_17310506719762479947383840884272.jpg"
"363753";"Volkswagen";"Golf";"2006";"Двигатель";"";"дизель";"2.0";"TDi PD";"";"";"";"0";"0";"";"";"0";"BMN";"Из Бельгии,цена указана без навесного оборудования,битый поддон, гарантия на установку и проверку";"0";"0";"";"200";"USD";"";"";"";"";"";"https://d4.by/image/catalog/d4_img/1759363200/1759415309927_17594152944275524350107760736677.jpg,https://d4.by/image/catalog/d4_img/1759363200/1759415316581_17594153108901916059116121017003.jpg,https://d4.by/image/catalog/d4_img/1759363200/1759415473007_IMG_20251002_173056.jpg,https://d4.by/image/catalog/d4_img/1759363200/1759415293622_17594152870293865379607282648864.jpg,https://d4.by/image/catalog/d4_img/1759363200/1759415336202_17594153244471390952973126410611.jpg,https://d4.by/image/catalog/d4_img/1759363200/1759415286127_17594152802756541830339310629754.jpg,https://d4.by/image/catalog/d4_img/1759363200/1759415322952_17594153178854298172540598831101.jpg"
"201259";"Renault";"Twingo";"2015";"Двигатель";"";"бензин";"1.0";"Ti";"";"";"";"0";"0";"";"";"0";"h4da";"Из Бельгии не большой пробег цена за столбик ";"0";"0";"";"1246";"USD";"";"";"";"";"";"https://d4.by/image/catalog/d4_img/1633305600/1633338701446_16333386937166608779582024219350.jpg,https://d4.by/image/catalog/d4_img/1633305600/1633338669094_16333386586243785674336215975949.jpg,https://d4.by/image/catalog/d4_img/1633305600/1633338656097_16333386373314218469762816701904.jpg,https://d4.by/image/catalog/d4_img/1633305600/1633338682592_16333386722787721326074001723152.jpg"
"317103";"Renault";"Megane";"2007";"Двигатель";"";"бензин";"1.4";"";"";"";"";"0";"0";"";"";"0";"K4JD740";"Из Бельгии. Гарантия на установку и проверку. Цена указана без навесного оборудования ";"0";"0";"";"550";"USD";"";"";"";"";"";"https://d4.by/image/catalog/d4_img/1720137600/1720169088545_17201690760364642083605648293525.jpg,https://d4.by/image/catalog/d4_img/1720137600/1720169370412_17201693612464773747470259413165.jpg,https://d4.by/image/catalog/d4_img/1720137600/1720169075123_17201690686383287797707924445559.jpg,https://d4.by/image/catalog/d4_img/1720137600/1720169061344_17201690550018159136798270206577.jpg,https://d4.by/image/catalog/d4_img/1720137600/1720169054092_17201690474111654158742517032002.jpg,https://d4.by/image/catalog/d4_img/1720137600/1720169096747_17201690895225584247608505568884.jpg,https://d4.by/image/catalog/d4_img/1720137600/1720169067702_17201690622264051581061201388491.jpg"
"333875";"Dacia";"Logan";"2014";"Двигатель";"";"дизель";"1.5";"";"";"";"";"0";"0";"";"";"0";"K9K612";"Из Бельгии. Гарантия на установку и проверку. Цена указана без навесного оборудования ";"0";"0";"";"480";"USD";"";"";"";"";"";"https://d4.by/image/catalog/d4_img/1735603200/1735642580493_17356425749778057995743322213468.jpg,https://d4.by/image/catalog/d4_img/1735603200/1735642585791_17356425812928028155532203738101.jpg,https://d4.by/image/catalog/d4_img/1735603200/1735642590844_17356425866332258456560467823275.jpg,https://d4.by/image/catalog/d4_img/1735603200/1735642595690_17356425917198640726770318542681.jpg,https://d4.by/image/catalog/d4_img/1735603200/1735642602287_17356425972352553754366440755404.jpg,https://d4.by/image/catalog/d4_img/1735603200/1735642607558_17356426031475550650826509180987.jpg,https://d4.by/image/catalog/d4_img/1735603200/1735642612616_17356426085181497479895676900682.jpg,https://d4.by/image/catalog/d4_img/1735603200/1735642625117_17356426135005080303505068523200.jpg"
"316877";"Renault";"Laguna";"2002";"Двигатель";"";"бензин";"1.8";"";"АКПП";"";"";"0";"0";"";"";"0";"F4P775";"Из Бельгии. Гарантия на установку и проверку  Цена указана без навесного оборудования ";"0";"0";"";"420";"USD";"";"";"";"";"";"https://d4.by/image/catalog/d4_img/1719964800/1719996363880_17199963584023639200627951521206.jpg,https://d4.by/image/catalog/d4_img/1719964800/1719996355640_17199963484658608940877686689920.jpg,https://d4.by/image/catalog/d4_img/1719964800/1719996373754_17199963647618246882018784398624.jpg,https://d4.by/image/catalog/d4_img/1719964800/1719996383469_1719996374618480088555899395879.jpg,https://d4.by/image/catalog/d4_img/1719964800/1719996340855_17199963332816868794948625330676.jpg,https://d4.by/image/catalog/d4_img/1719964800/1719996347614_17199963417371406633342723723992.jpg"
"341181";"Renault";"Espace";"2007";"Двигатель";"";"дизель";"2.0";"";"";"";"";"0";"0";"";"";"0";"M9ra740, M9R740";"Из Бельгии. Гарантия на установку и проверку. Цена указана без навесного оборудования ";"0";"0";"";"520";"USD";"";"";"";"";"";"https://d4.by/image/catalog/d4_img/1740528000/1740565734338_17405657296998978820023872491745.jpg,https://d4.by/image/catalog/d4_img/1740528000/1740565744881_17405657416736693982189464725240.jpg,https://d4.by/image/catalog/d4_img/1740528000/1740565762658_17405657559253203792368137464161.jpg,https://d4.by/image/catalog/d4_img/1740528000/1740565728896_17405657239083880694947868108302.jpg,https://d4.by/image/catalog/d4_img/1740528000/1740565767635_17405657635499200072820060103098.jpg,https://d4.by/image/catalog/d4_img/1740528000/1740565749226_17405657457666381809336156254096.jpg,https://d4.by/image/catalog/d4_img/1740528000/1740565754984_17405657501956185595080046991007.jpg,https://d4.by/image/catalog/d4_img/1740528000/1740565740833_17405657368306159320314600022780.jpg"
"322867";"Hyundai";"Elantra";"2003";"Двигатель";"";"бензин";"1.5";"";"";"";"";"0";"0";"";"";"0";"G4FK";"Гарантия на установку и проверку. Цена указана без навесного оборудования. Трещина на клапанной крышке ";"0";"0";"";"600";"USD";"";"";"";"";"";"https://d4.by/image/catalog/d4_img/1725494400/1725541108174_17255411041632893808095021965988.jpg,https://d4.by/image/catalog/d4_img/1725494400/1725541103198_17255410976854861948732758625741.jpg,https://d4.by/image/catalog/d4_img/1725494400/1725541084305_17255410775765675630958566877468.jpg,https://d4.by/image/catalog/d4_img/1725494400/1725541095261_17255410903847520672443345620823.jpg,https://d4.by/image/catalog/d4_img/1725494400/1725541115309_17255411090967738684948321038268.jpg,https://d4.by/image/catalog/d4_img/1725494400/1725541089470_17255410852015781325948910627763.jpg"
"322866";"Mercedes";"C W203";"2005";"Двигатель";"";"дизель";"2.2";"";"";"";"";"0";"0";"";"";"0";"646962";"Из Бельгии. Гарантия на установку и проверку. Цена указана без навесного оборудования ";"0";"0";"";"1100";"USD";"";"";"";"";"";"https://d4.by/image/catalog/d4_img/1725494400/1725539693586_17255396879364831940268430223593.jpg,https://d4.by/image/catalog/d4_img/1725494400/1725539700301_17255396945274396372181790406113.jpg,https://d4.by/image/catalog/d4_img/1725494400/1725539706194_17255397012617542533122211768528.jpg,https://d4.by/image/catalog/d4_img/1725494400/1725539727887_17255397188483334068504387542941.jpg,https://d4.by/image/catalog/d4_img/1725494400/1725539717772_17255397125642092592119697544945.jpg,https://d4.by/image/catalog/d4_img/1725494400/1725539711610_17255397070732322857686350466246.jpg"
"286443";"Audi";"A4";"2006";"Двигатель";"";"дизель";"2.7";"TDi";"";"";"";"0";"0";"";"";"0";"Bpp";"Из Бельгии гарантия на проверку и установку цена без навесного оборудования ";"0";"0";"";"490";"USD";"";"";"";"";"";"https://d4.by/image/catalog/d4_img/1690588800/1690636721201_16906366973266036688004420761234.jpg,https://d4.by/image/catalog/d4_img/1690588800/1690636694877_16906366888426326554566412279748.jpg,https://d4.by/image/catalog/d4_img/1690588800/1690636659986_16906366496096888598823899913878.jpg,https://d4.by/image/catalog/d4_img/1690588800/1690636742469_16906367236258762348746606444050.jpg,https://d4.by/image/catalog/d4_img/1690588800/1690636669514_16906366623549188642536511333172.jpg,https://d4.by/image/catalog/d4_img/1690588800/1690636686576_16906366718463800959654926673453.jpg"
"33886226";"Suzuki";"Alto";"2007";"Двигатель";"";"бензин";"1.0";"";"";"";"";"0";"0";"";"";"0";"K10bn";"из Бельгии, небольшой пробег, цена за столбик ";"0";"0";"";"291";"USD";"";"";"";"";"";"https://d4.by/image/catalog/i/mf/di/f79b75ed6d4e3b7104b160251cabeba3.jpg,https://d4.by/image/catalog/i/mf/di/dbf3ebb2ee80392a89d41533153f051c.jpg"
"33925585";"Mercedes";"A W169";"2006";"Двигатель";"";"дизель";"2.0";"CDi";"";"";"";"0";"0";"";"";"0";"640941302";"из Бельгии, небольшой пробег, цена за столбик ";"0";"0";"";"190";"USD";"";"";"";"";"";"https://d4.by/image/catalog/i/il/ih/8beea2e859d8706461ad2fb8f4dfb8a2.jpg,https://d4.by/image/catalog/i/il/ih/ecb526a510a5b92b163f1f48d70f01c4.jpg,https://d4.by/image/catalog/i/il/ih/12569b81c9a901edb752acc1a95834f3.jpg"
"34199245";"Chrysler";"Voyager";"2005";"Двигатель";"";"дизель";"2.8";"CRDi";"";"";"";"0";"0";"";"";"0";"VM28C";"из Бельгии небольшой пробег, цена за столбик/маркировка не читается";"0";"0";"";"270";"USD";"";"";"";"";"";"https://d4.by/image/catalog/i/on/ap/fce48aff0ec54c8c000b9b6024b99f7e.jpg,https://d4.by/image/catalog/i/on/ap/e3ad6ca00138cb9cb2b78833d770b3b6.jpg,https://d4.by/image/catalog/i/on/ap/920696439ab180d88e3b6858e95effb8.jpg"
"319179";"Volkswagen";"Tiguan";"2012";"Двигатель";"";"бензин";"1.4";"";"";"";"";"0";"0";"";"";"0";"CTH";"Из Бельгии. Гарантия на установку и проверку. Цена указана без навесного оборудования. Скол на заливной части, ";"0";"0";"";"750";"USD";"";"";"";"";"";"https://d4.by/image/catalog/d4_img/1722297600/1722350732298_17223507277314626165029344188264.jpg,https://d4.by/image/catalog/d4_img/1722297600/1722350738591_17223507331478834544742607658450.jpg,https://d4.by/image/catalog/d4_img/1722297600/1722350774557_17223507681621555133951547506631.jpg,https://d4.by/image/catalog/d4_img/1722297600/1722350757425_17223507482244960623903298698915.jpg,https://d4.by/image/catalog/d4_img/1722297600/1722350786331_17223507755683879660541856081217.jpg,https://d4.by/image/catalog/d4_img/1722297600/1722350767128_17223507583503709661305712865562.jpg,https://d4.by/image/catalog/d4_img/1722297600/1722350746750_17223507395178959656284516851904.jpg,https://d4.by/image/catalog/d4_img/1722297600/1722350726879_17223507207399044647701292081904.jpg"
"344236";"MAN";"L2000";"1999";"Двигатель";"";"дизель";"6.9";"";"";"";"";"0";"0";"";"";"0";"D0826lfl09,75882715425211";"Из Бельгии. Гарантия на установку и проверку. Цена указана в сборе за комплектный двигатель ";"0";"0";"";"4500";"USD";"";"";"";"";"";"https://d4.by/image/catalog/d4_img/1742342400/1742383014578_17423830105863141059317137053757.jpg,https://d4.by/image/catalog/d4_img/1742342400/1742383051281_17423830473782960379807842655376.jpg,https://d4.by/image/catalog/d4_img/1742342400/1742383056162_17423830523031775502343913206626.jpg,https://d4.by/image/catalog/d4_img/1742342400/1742383068411_17423830571357950409625978804327.jpg,https://d4.by/image/catalog/d4_img/1742342400/1742383027623_17423830238666589303505923160603.jpg,https://d4.by/image/catalog/d4_img/1742342400/1742382982565_17423829756562538938562486848935.jpg,https://d4.by/image/catalog/d4_img/1742342400/1742382994290_17423829841335290324110685368709.jpg,https://d4.by/image/catalog/d4_img/1742342400/1742383046395_17423830343201791786583180160106.jpg,https://d4.by/image/catalog/d4_img/1742342400/1742383032525_17423830284927839595550550574655.jpg,https://d4.by/image/catalog/d4_img/1742342400/1742383009587_17423829952851100664064482315290.jpg,https://d4.by/image/catalog/d4_img/1742342400/1742383020516_17423830155138677702433021234585.jpg"
"197849";"Suzuki";"Alto";"2003";"Двигатель";"";"бензин";"1.0";"";"";"";"";"0";"0";"";"";"0";"F10dn";"Из Германии, не большой пробег, цена за столбик ";"0";"0";"";"239";"USD";"";"";"";"";"";"https://d4.by/image/catalog/d4_img/1631059200/1631107551352_16311075443718288263179946545252.jpg,https://d4.by/image/catalog/d4_img/1631059200/1631107591800_16311075832668604545976271655893.jpg,https://d4.by/image/catalog/d4_img/1631059200/1631107542550_1631107535737122465345726378580.jpg,https://d4.by/image/catalog/d4_img/1631059200/1631107581191_163110757658157674986023083220.jpg"
"341145";"Ford";"Focus";"2004";"Двигатель";"";"дизель";"1.8";"TDCi";"";"";"";"0";"0";"";"";"0";"F9DA";"Из Бельгии. Гарантия на установку и проверку. Цена указана без навесного оборудования ";"0";"0";"";"300";"USD";"";"";"";"";"";"https://d4.by/image/catalog/d4_img/1740528000/1740558821422_17405588168733400546835275273133.jpg,https://d4.by/image/catalog/d4_img/1740528000/1740558798696_17405587906246907346271079637725.jpg,https://d4.by/image/catalog/d4_img/1740528000/1740558784013_17405587791774347863500368974884.jpg,https://d4.by/image/catalog/d4_img/1740528000/1740558816048_17405588105506823696002210342490.jpg,https://d4.by/image/catalog/d4_img/1740528000/1740558789780_17405587848667912442452361146261.jpg,https://d4.by/image/catalog/d4_img/1740528000/1740558778442_17405587724156846483171184021755.jpg,https://d4.by/image/catalog/d4_img/1740528000/1740558807946_17405588041473572841811456317949.jpg,https://d4.by/image/catalog/d4_img/1740528000/1740558803266_1740558799562174826602372197959.jpg"
"353001";"Ford";"C-Max";"2008";"Двигатель";"";"дизель";"1.8";"TDCi";"";"";"";"0";"0";"";"";"0";"FFDA";"Из Бельгии. Гарантия на установку и проверку, Цена указана без навесного оборудования ";"0";"0";"";"690";"USD";"";"";"";"";"";"https://d4.by/image/catalog/d4_img/1751414400/1751448470347_17514484654801234701687760444181.jpg,https://d4.by/image/catalog/d4_img/1751414400/1751448479336_17514484711832743479295649888074.jpg,https://d4.by/image/catalog/d4_img/1751414400/1751448485534_175144848026631421202505147134.jpg,https://d4.by/image/catalog/d4_img/1751414400/1751448490637_1751448486423548096389199357362.jpg,https://d4.by/image/catalog/d4_img/1751414400/1751448501793_17514484975261311056482191936579.jpg,https://d4.by/image/catalog/d4_img/1751414400/1751448496504_17514484915014603670578034347332.jpg,https://d4.by/image/catalog/d4_img/1751414400/1751448464620_17514484590778504182488315680695.jpg"
"24735387";"Honda";"Civic";"2004";"Двигатель";"";"дизель";"1.7";"CDTi";"";"";"";"0";"0";"";"";"0";"4EE2";"из Бельгии, небольшой пробег, цена за столб";"0";"0";"";"200";"USD";"";"";"";"";"";"https://d4.by/image/catalog/i/em/hi/df39f50e19d2114dae499c993330cc6a.jpg,https://d4.by/image/catalog/i/em/hi/3293ecfe8a3f99713f453af3d5d35773.jpg"
"372213";"Chrysler";"Voyager";"2005";"Двигатель";"";"дизель";"2.8";"";"";"";"";"0";"0";"";"";"0";"VM28C";"Из Бельгии.  Гарантия на установку и проверку.  Цена указана без навесного оборудования ";"0";"0";"";"270";"USD";"";"";"";"";"";"https://d4.by/image/catalog/d4_img/1766793600/1766843329448_17668433238513326701460106988845.jpg,https://d4.by/image/catalog/d4_img/1766793600/1766843354777_17668433503874626119528061672622.jpg,https://d4.by/image/catalog/d4_img/1766793600/1766843349577_17668433431953810138497280139573.jpg,https://d4.by/image/catalog/d4_img/1766793600/1766843341791_1766843335465816138326622080167.jpg,https://d4.by/image/catalog/d4_img/1766793600/1766843334577_17668433302431558104685825344118.jpg"
"24121533";"Honda";"Civic";"2004";"Двигатель";"";"дизель";"1.7";"CDTi";"МКПП";"";"";"";"";"";"";"";"4EE2";"из Бельгии, небольшой пробег, цена за столб";"0";"0";"";"200";"USD";"";"";"";"";"";"https://d4.by/image/catalog/i/gd/ke/7149d2b0d3a8980328269d8c1aa3df9b.jpg,https://d4.by/image/catalog/i/gd/ke/f6b7b8205c8d1a0c866199fda8b1b607.jpg"
"322693";"Chevrolet";"Aveo";"2009";"Двигатель";"";"бензин";"1.2";"";"";"";"";"0";"0";"";"";"0";"B12D1";"Гарантия на установку и проверку. Цена указана без навесного оборудования. Требует замены передней плиты, (после дтп)";"0";"0";"заломаны болты в блоке...";"500";"USD";"";"";"";"";"";"https://d4.by/image/catalog/d4_img/1725321600/1725346594640_17253465907912797316013879826414.jpg,https://d4.by/image/catalog/d4_img/1725321600/1725346589262_17253465834324857819351095741084.jpg,https://d4.by/image/catalog/d4_img/1725321600/1725346567059_1725346562135314636456450407801.jpg,https://d4.by/image/catalog/d4_img/1725321600/1725346561223_17253465555951130890991481541261.jpg,https://d4.by/image/catalog/d4_img/1725321600/1725346602637_17253465977484325306547463104303.jpg,https://d4.by/image/catalog/d4_img/1725321600/1725346582575_17253465745443120891581158129250.jpg,https://d4.by/image/catalog/d4_img/1725321600/1725346573414_17253465681103773215150312867704.jpg"
"330340";"Toyota";"Auris";"2009";"Двигатель";"";"дизель";"1.4";"";"";"";"";"0";"0";"";"";"0";"1ND";"Из Бельгии. Гарантия на установку и проверку. Цена указана без навесного оборудования. Компрессор кондиционера внизу стоит. Есть варианты по двигателю. ";"0";"0";"";"800";"USD";"";"";"";"";"";"https://d4.by/image/catalog/d4_img/1732752000/1732800956109_17328009507616537987499275423149.jpg,https://d4.by/image/catalog/d4_img/1732752000/1732800963326_17328009569477443776269176068601.jpg,https://d4.by/image/catalog/d4_img/1732752000/1732800968609_17328009641653560655784118871254.jpg,https://d4.by/image/catalog/d4_img/1732752000/1732800976570_17328009695246356676487250566863.jpg,https://d4.by/image/catalog/d4_img/1732752000/1732800981717_17328009775206937896422787218274.jpg,https://d4.by/image/catalog/d4_img/1732752000/1732800986690_17328009825957195418230915696426.jpg,https://d4.by/image/catalog/d4_img/1732752000/1732800991662_17328009876433893837172317543270.jpg,https://d4.by/image/catalog/d4_img/1732752000/1732800996973_1732800992579325858827196505806.jpg"
"22833371";"Mitsubishi";"Colt";"2007";"Двигатель";"";"дизель";"1.5";"CRDi";"";"";"";"";"";"";"";"";"639";"из Бельгии, небольшой пробег, цена за столб";"0";"0";"";"146";"USD";"";"";"";"";"";"https://d4.by/image/catalog/i/ic/pb/fb77300cff14ab6c901afec74001bf1f.jpg"
"308862";"Chrysler";"Neon";"1997";"Двигатель";"";"бензин";"1.8";"";"АКПП";"";"";"0";"0";"";"";"0";"";"Хорошее состояние, гарантия,номер не читается,8-и клапанный";"0";"0";"";"250";"USD";"";"";"";"";"";"https://d4.by/image/catalog/d4_img/1712880000/1712908881653_17129088768121417146002962330700.jpg,https://d4.by/image/catalog/d4_img/1712880000/1712908875847_1712908871566501598893576150594.jpg,https://d4.by/image/catalog/d4_img/1712880000/1712908870638_17129088666256703403099090809525.jpg,https://d4.by/image/catalog/d4_img/1712880000/1712908857275_17129088495431878285015570211736.jpg,https://d4.by/image/catalog/d4_img/1712880000/1712908865691_17129088581154050329891070986949.jpg"
"22781887";"Suzuki";"Swift";"2007";"Двигатель";"";"бензин";"1.3";"";"";"";"";"";"";"";"";"";"M13a";"из Европы, цена за столб";"0";"0";"";"230";"USD";"";"";"";"";"";"https://d4.by/image/catalog/i/kb/hc/f2a758a0d29bf122a26ddb6961d64055.jpg"
"34960456";"Kia";"Picanto";"2005";"Двигатель";"";"дизель";"1.1";"CRD";"";"";"";"";"";"";"";"";"D3fa";"из Бельгии не большой пробег цена за столбик ";"0";"0";"";"200";"USD";"";"";"";"";"";"https://d4.by/image/catalog/i/jd/ko/14e66d6db74cda33cb5cacb89c1ace81.jpg,https://d4.by/image/catalog/i/jd/ko/fc55fbf2510b248b26a5e4ad03be0710.jpg"
"332758";"Rover";"Streetwise";"2005";"Двигатель";"";"бензин";"1.4";"";"";"";"";"0";"0";"";"";"0";"14N4S1";"Из Бельгии. Гарантия на установку и проверку. Цена указана без навесного оборудования ";"0";"0";"";"600";"USD";"";"";"";"";"";"https://d4.by/image/catalog/d4_img/1734998400/1735036682763_17350366737694825854246492667625.jpg,https://d4.by/image/catalog/d4_img/1734998400/1735036661126_1735036654163743042367684412398.jpg,https://d4.by/image/catalog/d4_img/1734998400/1735036694373_17350366837053889323563747616137.jpg,https://d4.by/image/catalog/d4_img/1734998400/1735036672894_17350366680448700844890693159979.jpg,https://d4.by/image/catalog/d4_img/1734998400/1735036700652_1735036695285291529045592418489.jpg,https://d4.by/image/catalog/d4_img/1734998400/1735036647144_17350366428761673810315432278423.jpg,https://d4.by/image/catalog/d4_img/1734998400/1735036653282_17350366479923208961378731882998.jpg,https://d4.by/image/catalog/d4_img/1734998400/1735036642058_17350366314218656469737405523254.jpg"
"371454";"Volkswagen";"Polo";"2004";"Двигатель";"";"бензин";"1.2";"";"";"";"";"0";"0";"";"";"0";"AZQ";"Из Бельгии.  Гарантия на установку и проверку .в сборе  как на фото ";"0";"0";"";"500";"USD";"";"";"";"";"";"https://d4.by/image/catalog/d4_img/1766016000/1766068529300_1766068524271182544397803717785.jpg,https://d4.by/image/catalog/d4_img/1766016000/1766068537668_17660685300933194373414887210895.jpg,https://d4.by/image/catalog/d4_img/1766016000/1766068543059_17660685386128689560400381894938.jpg,https://d4.by/image/catalog/d4_img/1766016000/1766068551351_17660685439326967758137626375071.jpg,https://d4.by/image/catalog/d4_img/1766016000/1766068559246_17660685522294002752514851811394.jpg,https://d4.by/image/catalog/d4_img/1766016000/1766068567099_17660685628026775538102097452458.jpg,https://d4.by/image/catalog/d4_img/1766016000/1766068573892_17660685679466267813127759077122.jpg,https://d4.by/image/catalog/d4_img/1766016000/1766068580881_1766068574794147980941557261627.jpg"
"315907";"Volkswagen";"Polo";"2016";"Двигатель";"";"бензин";"1.6";"";"";"";"";"0";"0";"";"";"0";"CLR";"Из Бельгии. Гарантия на установку и проверку  Цена указана без катализатора, (Полностью новый без пробега)";"0";"0";"";"3100";"USD";"";"";"";"";"";"https://d4.by/image/catalog/d4_img/1719187200/1719235655922_17192356508534300343443734981840.jpg,https://d4.by/image/catalog/d4_img/1719187200/1719235676400_17192356704278294606015760844749.jpg,https://d4.by/image/catalog/d4_img/1719187200/1719235641550_17192356371346645758708347068489.jpg,https://d4.by/image/catalog/d4_img/1719187200/1719235669504_17192356568698664634508792619262.jpg,https://d4.by/image/catalog/d4_img/1719187200/1719235649944_17192356432786806028245301203274.jpg,https://d4.by/image/catalog/d4_img/1719187200/1719235692398_17192356856447842101839736535367.jpg,https://d4.by/image/catalog/d4_img/1719187200/1719235684096_17192356773655725056782513270098.jpg,https://d4.by/image/catalog/d4_img/1719187200/1719235636256_17192356315503418353164682146197.jpg,https://d4.by/image/catalog/d4_img/1719187200/1719235630776_17192356249606176202108262973879.jpg"
"319053";"Toyota";"iQ";"2012";"Двигатель";"";"дизель";"1.4";"";"";"";"";"0";"0";"";"";"0";"1ND";"Из Бельгии. Гарантия на установку и проверку. Цена указана без навесного оборудования. Есть варианты по двигателям сравнить по корпусу мысленного фильтра.";"0";"0";"";"800";"USD";"";"";"";"";"";"https://d4.by/image/catalog/d4_img/1722211200/1722257294888_17222572885203467641068917721297.jpg,https://d4.by/image/catalog/d4_img/1722211200/1722257287370_17222572782285264299179391998288.jpg,https://d4.by/image/catalog/d4_img/1722211200/1722257277305_17222572724811046894815580293508.jpg,https://d4.by/image/catalog/d4_img/1722211200/1722257271561_1722257266364133780160201852464.jpg,https://d4.by/image/catalog/d4_img/1722211200/1722257307594_17222573022941475522655706660064.jpg,https://d4.by/image/catalog/d4_img/1722211200/1722257301353_17222572958003034480782382319856.jpg,https://d4.by/image/catalog/d4_img/1722211200/1722257324679_1722257317211356033268317487745.jpg,https://d4.by/image/catalog/d4_img/1722211200/1722257315573_17222573085677504314486645546205.jpg"
"352927";"Iveco";"Daily";"2003";"Двигатель";"";"дизель";"2.8";"TD";"";"";"";"0";"0";"";"";"0";"sofim814043c";"Из Бельгии. Гарантия на установку и проверку . Цена указана без навесного оборудования ";"0";"0";"";"1850";"USD";"";"";"";"";"";"https://d4.by/image/catalog/d4_img/1751328000/1751377213404_17513772080007212060346392852406.jpg,https://d4.by/image/catalog/d4_img/1751328000/1751377242654_17513772369551184905858182626427.jpg,https://d4.by/image/catalog/d4_img/1751328000/1751377224422_17513772194243863108225981953923.jpg,https://d4.by/image/catalog/d4_img/1751328000/1751377218488_17513772143036668462032535279829.jpg,https://d4.by/image/catalog/d4_img/1751328000/1751377268492_17513772624957823294825721775971.jpg,https://d4.by/image/catalog/d4_img/1751328000/1751377229760_17513772255112260431022341178861.jpg,https://d4.by/image/catalog/d4_img/1751328000/1751377235929_17513772307227075776031911007370.jpg,https://d4.by/image/catalog/d4_img/1751328000/1751377260795_1751377251443375416227533138538.jpg,https://d4.by/image/catalog/d4_img/1751328000/1751377250324_17513772443358907562740288397056.jpg"
"203175";"SsangYong";"Rodius";"2006";"Двигатель";"";"дизель";"2.7";"CDi";"";"";"";"0";"0";"";"";"0";"D27dt";"Из Бельгии,не большой пробег, цена за столбик ";"0";"0";"";"460";"USD";"";"";"";"";"";"https://d4.by/image/catalog/d4_img/1634774400/1634821712223_16348217054027059212233912961139.jpg,https://d4.by/image/catalog/d4_img/1634774400/1634821723422_16348217144041153012952671620971.jpg,https://d4.by/image/catalog/d4_img/1634774400/1634821703036_16348216958075567236305802297212.jpg,https://d4.by/image/catalog/d4_img/1634774400/1634821733491_16348217254436936935527353129743.jpg"
"375168";"Audi";"A3";"2005";"Двигатель";"";"бензин";"2.0";"";"";"";"";"0";"0";"";"";"0";"BVY";"Из Бельгии.  Гарантия на установку и проверку . Цена указана без навесного оборудования ";"0";"0";"";"530";"USD";"";"";"";"";"";"https://d4.by/image/catalog/d4_img/1769126400/1769179023581_17691790158992628495273594042579.jpg,https://d4.by/image/catalog/d4_img/1769126400/1769178958706_1769178951975259670940989889737.jpg,https://d4.by/image/catalog/d4_img/1769126400/1769178951238_17691789459391521115186713774346.jpg,https://d4.by/image/catalog/d4_img/1769126400/1769178945209_17691789357956606352840328544764.jpg,https://d4.by/image/catalog/d4_img/1769126400/1769179014787_17691790087951767554835359263120.jpg,https://d4.by/image/catalog/d4_img/1769126400/1769179007572_17691790005225459122466616991605.jpg,https://d4.by/image/catalog/d4_img/1769126400/1769179036776_17691790317042243557099475121671.jpg,https://d4.by/image/catalog/d4_img/1769126400/1769179030893_17691790244218600918452158901842.jpg"
"319025";"Ford";"Focus";"2002";"Двигатель";"";"дизель";"1.8";"TDCi";"";"";"";"0";"0";"";"";"0";"FFDA";"Из Бельгии. Гарантия на установку и проверку. Цена указана без навесного оборудования ";"0";"0";"";"290";"USD";"";"";"";"";"";"https://d4.by/image/catalog/d4_img/1722211200/1722248503280_17222484986168853842562257352614.jpg,https://d4.by/image/catalog/d4_img/1722211200/1722248497752_17222484928457585508394365651749.jpg,https://d4.by/image/catalog/d4_img/1722211200/1722248491938_17222484866402207701727852910780.jpg,https://d4.by/image/catalog/d4_img/1722211200/1722248485820_17222484814604212442259505217086.jpg,https://d4.by/image/catalog/d4_img/1722211200/1722248480623_17222484765864085573285320588497.jpg,https://d4.by/image/catalog/d4_img/1722211200/1722248475697_17222484688483656821296491613972.jpg"
"332704";"Saab";"9-5";"2000";"Двигатель";"";"бензин";"2.0";"Ti";"";"";"";"0";"0";"";"";"0";"B205EEM";"Из Бельгии. Гарантия на установку и проверку. Цена указана без навесного оборудования ";"0";"0";"";"450";"USD";"";"";"";"";"";"https://d4.by/image/catalog/d4_img/1734998400/1735025268636_1735025264317159263935873599348.jpg,https://d4.by/image/catalog/d4_img/1734998400/1735025273866_17350252695045189683584038638735.jpg,https://d4.by/image/catalog/d4_img/1734998400/1735025280621_17350252747925239029801664725062.jpg,https://d4.by/image/catalog/d4_img/1734998400/1735025263473_1735025259330697657104388862516.jpg,https://d4.by/image/catalog/d4_img/1734998400/1735025258505_17350252529777713826609388032229.jpg,https://d4.by/image/catalog/d4_img/1734998400/1735025291608_17350252814555225096032884045958.jpg"
"351799";"Volkswagen";"Golf";"2006";"Двигатель";"";"дизель";"1.9";"";"";"";"";"0";"0";"";"";"0";"BRU";"Из Бельгии. Гарантия на установку и проверку. Цена указана без навесного оборудования, Маленькая выроботка на распредвале(на пару кулачков)";"0";"0";"";"360";"USD";"";"";"";"";"";"https://d4.by/image/catalog/d4_img/1750636800/1750667883208_17506678783593511672610629345261.jpg,https://d4.by/image/catalog/d4_img/1750636800/1750667888584_1750667884015370928032152262643.jpg,https://d4.by/image/catalog/d4_img/1750636800/1750667917403_17506679111311324230813135432413.jpg,https://d4.by/image/catalog/d4_img/1750636800/1750667910222_17506679053641699734715504350622.jpg,https://d4.by/image/catalog/d4_img/1750636800/1750667904504_17506678941065489135388130518912.jpg,https://d4.by/image/catalog/d4_img/1750636800/1750667922785_17506679183737226498433812322637.jpg,https://d4.by/image/catalog/d4_img/1750636800/1750667893229_17506678894309131439683545160946.jpg"
"330934";"Geely";"CK";"2007";"Двигатель";"";"бензин";"1.3";"";"";"";"";"0";"0";"";"";"0";"MR479Q";"Гарантия на установку и проверку. Цена указана без навесного оборудования . Маркировка на блоке не читается ";"0";"0";"";"350";"USD";"";"";"";"";"";"https://d4.by/image/catalog/d4_img/1733270400/1733303795228_17333037906088648265395217224380.jpg,https://d4.by/image/catalog/d4_img/1733270400/1733303789763_17333037848285558327299676066782.jpg,https://d4.by/image/catalog/d4_img/1733270400/1733303821051_17333038146163905865335302869246.jpg,https://d4.by/image/catalog/d4_img/1733270400/1733303813776_1733303807099260967708532035031.jpg,https://d4.by/image/catalog/d4_img/1733270400/1733303806220_1733303801845949833091064530249.jpg,https://d4.by/image/catalog/d4_img/1733270400/1733303800765_17333037960925236715472186975359.jpg,https://d4.by/image/catalog/d4_img/1733270400/1733303832242_17333038270303257593070136447742.jpg,https://d4.by/image/catalog/d4_img/1733270400/1733303826110_17333038219238049005022557845919.jpg"
"319008";"Toyota";"Corolla Verso";"2007";"Двигатель";"";"дизель";"2.2";"";"";"";"";"0";"0";"";"";"0";"2ad";"Из Бельгии. Гарантия на установку и проверку. Цена указана без навесного оборудования ";"0";"0";"";"230";"USD";"";"";"";"";"";"https://d4.by/image/catalog/d4_img/1722211200/1722243074044_17222430700062017528281983154316.jpg,https://d4.by/image/catalog/d4_img/1722211200/1722243069232_17222430640865876753106901567113.jpg,https://d4.by/image/catalog/d4_img/1722211200/1722243080179_17222430748803325379611233084927.jpg,https://d4.by/image/catalog/d4_img/1722211200/1722243086115_17222430810775702990601080937527.jpg,https://d4.by/image/catalog/d4_img/1722211200/1722243091896_1722243086967660781544255254252.jpg,https://d4.by/image/catalog/d4_img/1722211200/1722243109030_17222431029193936447221233988796.jpg,https://d4.by/image/catalog/d4_img/1722211200/1722243101990_17222430927376051271588249323386.jpg"
"316939";"Dacia";"Dokker";"2016";"Двигатель";"";"дизель";"1.5";"";"";"";"";"0";"0";"";"";"0";"K9K666";"Из Бельгии. Гарантия на установку и проверку  Цена указана без навесного оборудования  ";"0";"0";"Маркировка чуть плохо читается ";"760";"USD";"";"";"";"";"";"https://d4.by/image/catalog/d4_img/1720051200/1720076876137_17200768704446785834804023175858.jpg,https://d4.by/image/catalog/d4_img/1720051200/1720076869510_1720076862127249645854339514499.jpg,https://d4.by/image/catalog/d4_img/1720051200/1720076861188_1720076854471456876210167472381.jpg,https://d4.by/image/catalog/d4_img/1720051200/1720076894143_17200768854889131441743557964922.jpg,https://d4.by/image/catalog/d4_img/1720051200/1720076883638_17200768770844214189597229012260.jpg,https://d4.by/image/catalog/d4_img/1720051200/1720076853518_17200768463045053789506146932159.jpg"
"332519";"Volkswagen";"Sharan";"2005";"Двигатель";"";"дизель";"1.9";"";"";"";"";"0";"0";"";"";"0";"ASZ";"Из Бельгии. Гарантия на установку и проверку  130 л.с Цена указана без навесного оборудования ";"0";"0";"Датчик коленвала в блоке,подходит на Т5";"440";"USD";"";"";"";"";"";"https://d4.by/image/catalog/d4_img/1734912000/1734939575743_17349395398928296347490685464485.jpg,https://d4.by/image/catalog/d4_img/1734912000/1734939587463_17349395816235838094276936592782.jpg,https://d4.by/image/catalog/d4_img/1734912000/1734939604656_17349395993913144654815789811681.jpg,https://d4.by/image/catalog/d4_img/1734912000/1734939598466_17349395939557886706616999993203.jpg,https://d4.by/image/catalog/d4_img/1734912000/1734939612729_17349396056245892863429325086061.jpg,https://d4.by/image/catalog/d4_img/1734912000/1734939593136_1734939588333940772031733025949.jpg,https://d4.by/image/catalog/d4_img/1734912000/1734939580827_17349395765531982475828598944714.jpg,https://d4.by/image/catalog/d4_img/1734912000/1734939617438_IMG_20241223_094126.jpg"
"227640";"Seat";"Ibiza";"2003";"Двигатель";"";"бензин";"1.4";"";"";"";"";"0";"0";"";"";"0";"BKY";"Из Германии не большой пробег цена без навесного оборудования.";"0";"0";"";"220";"USD";"";"";"";"";"";"https://d4.by/image/catalog/d4_img/1648512000/1648547152790_16485471446684743322188268901259.jpg,https://d4.by/image/catalog/d4_img/1648512000/1648547184378_1648547178519248233679784491079.jpg,https://d4.by/image/catalog/d4_img/1648512000/1648547168947_16485471620615821048344575438751.jpg,https://d4.by/image/catalog/d4_img/1648512000/1648547160438_16485471545612853186638387476002.jpg,https://d4.by/image/catalog/d4_img/1648512000/1648547176689_16485471707331454917125172709932.jpg"
"319017";"Mitsubishi";"Colt";"2007";"Двигатель";"";"дизель";"1.5";"";"";"";"";"0";"0";"";"";"0";"6399393";"Из Бельгии. Гарантия на установку и проверку. Цена указана без навесного оборудования ";"0";"0";"";"150";"USD";"";"";"";"";"";"https://d4.by/image/catalog/d4_img/1722211200/1722245732738_17222457271426029572481154904805.jpg,https://d4.by/image/catalog/d4_img/1722211200/1722245759719_17222457466113628706066445066359.jpg,https://d4.by/image/catalog/d4_img/1722211200/1722245745552_17222457393596602551609551570044.jpg,https://d4.by/image/catalog/d4_img/1722211200/1722245738482_17222457336881843897699650179205.jpg,https://d4.by/image/catalog/d4_img/1722211200/1722245726195_17222457216856347754891082588166.jpg,https://d4.by/image/catalog/d4_img/1722211200/1722245720855_1722245715772740271113239194000.jpg"
"299252";"Volkswagen";"Polo";"2003";"Двигатель";"";"дизель";"1.4";"TDi";"";"";"";"0";"0";"";"";"0";"BAY";"Из Бельгии гарантия на установку и проверку цена без навесного оборудования ДУФЕКТ ПОДДОН";"0";"0";"";"150";"USD";"";"";"";"";"";"https://d4.by/image/catalog/d4_img/1701907200/1701939914890_17019399077434282858524636202249.jpg,https://d4.by/image/catalog/d4_img/1701907200/1701939920172_17019399158497349777352944696789.jpg,https://d4.by/image/catalog/d4_img/1701907200/1701939928279_17019399211696764672605075860685.jpg,https://d4.by/image/catalog/d4_img/1701907200/1701939933086_17019399292811242382288234326185.jpg,https://d4.by/image/catalog/d4_img/1701907200/1701939941392_17019399350676932397594007748177.jpg"
"197243";"Ford";"Fiesta";"2003";"Двигатель";"";"бензин";"1.2";"";"";"";"";"0";"0";"";"";"0";"M7JB";"Из Германии, не большой пробег, цена за столбик ";"0";"0";"";"300";"USD";"";"";"";"";"";"https://d4.by/image/catalog/d4_img/1630713600/1630765119257_16307651123113257796297853305954.jpg,https://d4.by/image/catalog/d4_img/1630713600/1630765127108_16307651210245079795369551069056.jpg,https://d4.by/image/catalog/d4_img/1630713600/1630765145200_16307651392444555397449811166914.jpg,https://d4.by/image/catalog/d4_img/1630713600/1630765156069_16307651470098323190730363299871.jpg,https://d4.by/image/catalog/d4_img/1630713600/1630765135278_16307651290811981563140147812684.jpg"
"324423";"Seat";"Ibiza";"2004";"Двигатель";"";"бензин";"1.4";"";"";"";"";"0";"0";"";"";"0";"BBZ";"Из Бельгии. Гарантия на установку и проверку. Цена указана без навесного оборудования ";"0";"0";"";"300";"USD";"";"";"";"";"";"https://d4.by/image/catalog/d4_img/1727136000/1727174249515_17271742447894676225348169951260.jpg,https://d4.by/image/catalog/d4_img/1727136000/1727174243884_17271742398592689950446598671177.jpg,https://d4.by/image/catalog/d4_img/1727136000/1727174238991_17271742329192529537850932924545.jpg,https://d4.by/image/catalog/d4_img/1727136000/1727174255627_17271742504635804905496548096271.jpg,https://d4.by/image/catalog/d4_img/1727136000/1727174261512_17271742565321655281741243753296.jpg"
"201333";"Chevrolet";"Lacetti";"2007";"Двигатель";"";"дизель";"2.0";"CRDi";"";"";"";"0";"0";"";"";"0";"z20s1";"Из Бельгии не большой пробег цена за столбик ";"0";"0";"";"200";"USD";"";"";"";"";"";"https://d4.by/image/catalog/d4_img/1633305600/1633353176561_16333531640016703549921762378601.jpg,https://d4.by/image/catalog/d4_img/1633305600/1633353161074_16333531531086247561436834740179.jpg,https://d4.by/image/catalog/d4_img/1633305600/1633353137931_16333531265966136394548332217323.jpg,https://d4.by/image/catalog/d4_img/1633305600/1633353150204_16333531414314384455365894997258.jpg"
"290322";"Mazda";"2";"2008";"Двигатель";"";"бензин";"1.3";"";"";"";"";"0";"0";"";"";"0";"Zj";"Из Бельгии гарантия на проверку и установку цена без навесного оборудования ";"0";"0";"";"270";"USD";"";"";"";"";"";"https://d4.by/image/catalog/d4_img/1695254400/1695302225199_16953022134872564975902984506670.jpg,https://d4.by/image/catalog/d4_img/1695254400/1695302211192_16953022005458483608430236996140.jpg,https://d4.by/image/catalog/d4_img/1695254400/1695302196951_16953021903193649996654012302382.jpg,https://d4.by/image/catalog/d4_img/1695254400/1695302188391_16953021463374733397847976527687.jpg,https://d4.by/image/catalog/d4_img/1695254400/1695302144442_16953021274835955018426017807504.jpg"
"173976";"Alfa Romeo";"156";"2004";"Двигатель";"";"дизель";"1.9";"JTD";"";"";"";"0";"0";"";"";"0";"192a5000";"Из Бельгии, не большой пробег, цена за столбик ";"0";"0";"";"200";"USD";"";"";"";"";"";"https://d4.by/image/catalog/d4_img/1621555200/1621595952852_16215959449661754315767554274846.jpg,https://d4.by/image/catalog/d4_img/1621555200/1621595964681_16215959589748149464890628262724.jpg"
"174258";"Mercedes";"A W169";"2007";"Двигатель";"";"дизель";"2.0";"CDi";"";"";"";"0";"0";"";"";"0";"640940";"Из Бельгии,не большой пробег,гарантия,цена за столбик";"0";"0";"";"100";"USD";"";"";"";"";"";"https://d4.by/image/catalog/img/1702202106_16135864078616103927418051488678.jpg"
"332634";"Volvo";"V60";"2021";"Двигатель";"";"бензин";"2.0";"Ti";"";"";"";"0";"0";"";"";"0";"B4204T46";"Из Бельгии. Гарантия на установку и проверку. Цена указана без навесного оборудования. Бит поддон ";"0";"0";"";"3000";"USD";"";"";"";"";"";"https://d4.by/image/catalog/d4_img/1734912000/1734957911445_17349579025045782222392842377734.jpg,https://d4.by/image/catalog/d4_img/1734912000/1734957879259_17349578740786555385184894891449.jpg,https://d4.by/image/catalog/d4_img/1734912000/1734957895480_17349578913872098563413953214197.jpg,https://d4.by/image/catalog/d4_img/1734912000/1734957920038_17349579133169191554928258729483.jpg,https://d4.by/image/catalog/d4_img/1734912000/1734957873212_17349578684535216032798431724740.jpg,https://d4.by/image/catalog/d4_img/1734912000/1734957890447_17349578857192129482823564210696.jpg,https://d4.by/image/catalog/d4_img/1734912000/1734957884802_17349578802025497794430271426481.jpg,https://d4.by/image/catalog/d4_img/1734912000/1734957901568_17349578963722826378357146133155.jpg"
"177411";"Hyundai";"i20";"2010";"Двигатель";"";"дизель";"1.4";"";"";"";"";"0";"0";"";"";"0";"D4fc";"Из, бельгии, не большой пробег,цена за столбик ";"0";"0";"";"200";"USD";"";"";"";"";"";"https://d4.by/image/catalog/img/1203202112_16155419304663656056657721770576.jpg"
"327392_1";"Renault";"Master";"2004";"Двигатель";"";"дизель";"2.2";"DCi";"";"";"";"0";"0";"";"";"0";"G9T722, G9TF722";"Из Бельгии, хорошее состояние, гарантия цена указана за двигатель без навесного оборудования ";"0";"0";"";"1150";"USD";"";"";"";"";"";"https://d4.by/image/catalog/d4_img/1730419200/1730457588101_17304575843485085685328297886813.jpg,https://d4.by/image/catalog/d4_img/1730419200/1730457583480_17304575790531166001830606052133.jpg,https://d4.by/image/catalog/d4_img/1730419200/1730457566372_17304575625173826649302006796545.jpg,https://d4.by/image/catalog/d4_img/1730419200/1730457561672_17304575570574353967399056511512.jpg,https://d4.by/image/catalog/d4_img/1730419200/1730457571577_17304575673352582938306333320594.jpg,https://d4.by/image/catalog/d4_img/1730419200/1730457578101_17304575726197576551595768154675.jpg"
"327392_2";"Opel";"Movano";"2004";"Двигатель";"";"дизель";"2.2";"DCi";"";"";"";"0";"0";"";"";"0";"G9T722, G9TF722";"Из Бельгии, хорошее состояние, гарантия цена указана за двигатель без навесного оборудования ";"0";"0";"";"1150";"USD";"";"";"";"";"";"https://d4.by/image/catalog/d4_img/1730419200/1730457566372_17304575625173826649302006796545.jpg,https://d4.by/image/catalog/d4_img/1730419200/1730457561672_17304575570574353967399056511512.jpg,https://d4.by/image/catalog/d4_img/1730419200/1730457588101_17304575843485085685328297886813.jpg,https://d4.by/image/catalog/d4_img/1730419200/1730457583480_17304575790531166001830606052133.jpg,https://d4.by/image/catalog/d4_img/1730419200/1730457578101_17304575726197576551595768154675.jpg,https://d4.by/image/catalog/d4_img/1730419200/1730457571577_17304575673352582938306333320594.jpg"
"316793";"Suzuki";"Swift";"2021";"Двигатель";"";"бензин";"1.2";"";"";"";"";"0";"0";"";"";"0";"K12D";"Из Бельгии. Гарантия на установку и проверку  Цена указана без навесного оборудования ";"0";"0";"";"1100";"USD";"";"";"";"";"";"https://d4.by/image/catalog/d4_img/1719878400/1719917655416_17199176462235902185883211321739.jpg,https://d4.by/image/catalog/d4_img/1719878400/1719917645213_17199176391814576874662048514600.jpg,https://d4.by/image/catalog/d4_img/1719878400/1719917628940_17199176228287151574492152341915.jpg,https://d4.by/image/catalog/d4_img/1719878400/1719917638232_17199176298247211200010450936226.jpg,https://d4.by/image/catalog/d4_img/1719878400/1719917675555_17199176576983009502060919030551.jpg"
"200206";"Kia";"Venga";"2010";"Двигатель";"";"дизель";"1.4";"CRDi";"";"";"";"0";"0";"";"";"0";"D4FC";"Из Бельгии, не большой пробег, цена за столбик ";"0";"0";"";"200";"USD";"";"";"";"";"";"https://d4.by/image/catalog/d4_img/1632700800/1632745134650_16327451295756953400272927898022.jpg,https://d4.by/image/catalog/d4_img/1632700800/1632745152779_163274514622943233886491002839.jpg,https://d4.by/image/catalog/d4_img/1632700800/1632745143870_16327451366502865241849410993178.jpg,https://d4.by/image/catalog/d4_img/1632700800/1632745127460_16327451110304807167004953568301.jpg"
"347777";"Renault";"Laguna";"1998";"Двигатель";"";"бензин";"1.8";"";"";"";"";"0";"0";"";"";"0";"F3P674";"Гарантия на установку и проверку. Цена указана без навесного оборудования ";"0";"0";"";"360";"USD";"";"";"";"";"";"https://d4.by/image/catalog/d4_img/1745798400/1745826171674_17458261592943978723680112148904.jpg,https://d4.by/image/catalog/d4_img/1745798400/1745826184413_17458261767641448363025941714266.jpg,https://d4.by/image/catalog/d4_img/1745798400/1745826191819_17458261874536668621467668424569.jpg,https://d4.by/image/catalog/d4_img/1745798400/1745826175940_17458261725757163186866726943217.jpg,https://d4.by/image/catalog/d4_img/1745798400/1745826158320_17458261499883389109127737986562.jpg,https://d4.by/image/catalog/d4_img/1745798400/1745826133954_17458261287372206166513506652974.jpg,https://d4.by/image/catalog/d4_img/1745798400/1745826141064_17458261348153189438759311069026.jpg"
"348500";"Daewoo";"Matiz";"2000";"Двигатель";"";"бензин";"0.8";"";"";"";"";"0";"0";"";"";"0";"F8CV";"Гарантия на установку и проверку, Цена указана без навесного оборудования . Трамблер";"0";"0";"";"660";"USD";"";"";"";"";"";"https://d4.by/image/catalog/d4_img/1746748800/1746797062161_17467970580835077070760046138861.jpg,https://d4.by/image/catalog/d4_img/1746748800/1746797057096_17467970530682036974795027550768.jpg,https://d4.by/image/catalog/d4_img/1746748800/1746797068101_17467970630228952369549939374511.jpg,https://d4.by/image/catalog/d4_img/1746748800/1746797084183_17467970777176431525766714504321.jpg,https://d4.by/image/catalog/d4_img/1746748800/1746797052214_17467970479994431677090689041630.jpg,https://d4.by/image/catalog/d4_img/1746748800/1746797076012_17467970691768849542264298953077.jpg,https://d4.by/image/catalog/d4_img/1746748800/1746797047115_17467970428218901754660538640847.jpg"
"281962";"Chevrolet";"Lacetti";"2007";"Двигатель";"";"дизель";"2.0";"";"";"";"";"0";"0";"";"";"0";"Z20s1";"Из Бельгии гарантия на проверку и установку цена без навесного оборудования ";"0";"0";"";"200";"USD";"";"";"";"";"";"https://d4.by/image/catalog/d4_img/1686873600/1686901518215_1686901504592282962851967615840.jpg,https://d4.by/image/catalog/d4_img/1686873600/1686901502200_16869014964036111902920522855313.jpg,https://d4.by/image/catalog/d4_img/1686873600/1686901494475_16869014888911412788463029195085.jpg,https://d4.by/image/catalog/d4_img/1686873600/1686901486937_1686901478876590803866227598640.jpg,https://d4.by/image/catalog/d4_img/1686873600/1686901476916_16869014685635611626114357326432.jpg"
"290834";"Mazda";"2";"2008";"Двигатель";"";"бензин";"1.3";"";"";"";"";"0";"0";"";"";"0";"Zj";"Из Бельгии гарантия на проверку и установку цена без навесного оборудования ";"0";"0";"";"270";"USD";"";"";"";"";"";"https://d4.by/image/catalog/d4_img/1695945600/1695975102191_16959750940876608976799438365640.jpg,https://d4.by/image/catalog/d4_img/1695945600/1695975074355_16959750685563925830649804961444.jpg,https://d4.by/image/catalog/d4_img/1695945600/1695975092360_16959750861725754748466957741889.jpg,https://d4.by/image/catalog/d4_img/1695945600/1695975084478_16959750761707384632752920469716.jpg,https://d4.by/image/catalog/d4_img/1695945600/1695975066787_16959750606841470144223326979851.jpg"
"362667";"Volkswagen";"Sharan";"2003";"Двигатель";"";"дизель";"1.9";"";"";"";"";"0";"0";"";"";"0";"AUY";"Из Бельгии. Гарантия на установку и проверку. Цена указана без навесного оборудования, небольшая выработка тна распредвале, Заварен кусочек блока, (не на что не влияет)";"0";"0";"";"230";"USD";"";"";"";"";"";"https://d4.by/image/catalog/d4_img/1758499200/1758530813600_17585308067434773865807545819407.jpg,https://d4.by/image/catalog/d4_img/1758499200/1758530835817_17585308299222395700092047754542.jpg,https://d4.by/image/catalog/d4_img/1758499200/1758530829036_17585308220244807241055686083869.jpg,https://d4.by/image/catalog/d4_img/1758499200/1758530796668_17585307914027238119956387604725.jpg,https://d4.by/image/catalog/d4_img/1758499200/1758530805727_17585307987365311971301641557158.jpg,https://d4.by/image/catalog/d4_img/1758499200/1758530790596_17585307861567006297572378142641.jpg,https://d4.by/image/catalog/d4_img/1758499200/1758530821005_IMG_20250922_113758.jpg,https://d4.by/image/catalog/d4_img/1758499200/1758530820977_IMG_20250922_113802.jpg"
"301955";"Volkswagen";"Touran";"2003";"Двигатель";"";"дизель";"2.0";"TDi";"";"";"";"0";"0";"";"";"0";"Azv";"Из Бельгии гарантия на установку и проверку цена без навесного оборудования ";"0";"0";"";"300";"USD";"";"";"";"";"";"https://d4.by/image/catalog/d4_img/1704326400/1704373779438_17043737699604500048809519931071.jpg,https://d4.by/image/catalog/d4_img/1704326400/1704373768692_17043737574321229789277480934623.jpg,https://d4.by/image/catalog/d4_img/1704326400/1704373756240_17043737462542862109149304666800.jpg,https://d4.by/image/catalog/d4_img/1704326400/1704373790044_17043737805462427502798970814828.jpg,https://d4.by/image/catalog/d4_img/1704326400/1704373745110_17043737365004376210590356972777.jpg"
"326388";"Opel";"Astra";"2005";"Двигатель";"";"дизель";"1.7";"";"";"";"";"0";"0";"";"";"0";"Z17DTL";"Из Бельгии. Гарантия на установку и проверку. Цена указана без навесного оборудования. ТНВД на 3 болта";"0";"0";"";"280";"USD";"";"";"";"";"";"https://d4.by/image/catalog/d4_img/1729641600/1729685767562_172968576050590246073064741646.jpg,https://d4.by/image/catalog/d4_img/1729641600/1729685759588_17296857548148861472521831863406.jpg,https://d4.by/image/catalog/d4_img/1729641600/1729685753947_17296857482886031091701366026897.jpg,https://d4.by/image/catalog/d4_img/1729641600/1729685747403_17296857429667596506315899046209.jpg,https://d4.by/image/catalog/d4_img/1729641600/1729685781421_172968576856622573259672827090.jpg,https://d4.by/image/catalog/d4_img/1729641600/1729685742072_17296857360634728084161368601772.jpg"
"210616";"Hyundai";"i20";"2008";"Двигатель";"";"дизель";"1.4";"CRDi";"";"";"";"0";"0";"";"";"0";"D4FC";"Из Бельгии не большой пробег цена без навесного оборудования гарантия на проверку и установку ";"0";"0";"";"200";"USD";"";"";"";"";"";"https://d4.by/image/catalog/d4_img/1638921600/1638970523988_16389705159733213110659326866572.jpg,https://d4.by/image/catalog/d4_img/1638921600/1638970532849_16389705258346170589912170362978.jpg"
"325010";"Renault";"Safrane";"1994";"Двигатель";"";"бензин";"2.0";"";"";"";"";"0";"0";"";"";"0";"J7R732";"Гарантия на установку и проверку. Цена указана без навесного оборудования. Бит поддон ";"0";"0";"";"225";"USD";"";"";"";"";"";"https://d4.by/image/catalog/d4_img/1727827200/1727876170200_17278761583781813218832953227323.jpg,https://d4.by/image/catalog/d4_img/1727827200/1727876201854_17278761935383877076916569934036.jpg,https://d4.by/image/catalog/d4_img/1727827200/1727876232553_1727876225986364010376638296883.jpg,https://d4.by/image/catalog/d4_img/1727827200/1727876265026_17278762576838158591785898018796.jpg,https://d4.by/image/catalog/d4_img/1727827200/1727876136914_17278761320911409520000927644966.jpg,https://d4.by/image/catalog/d4_img/1727827200/1727876001809_17278759942663444769284437798813.jpg,https://d4.by/image/catalog/d4_img/1727827200/1727876298937_17278762896475393123846906279515.jpg"
"216734";"Audi";"A4";"2011";"Двигатель";"";"дизель";"2.7";"TDi";"";"";"";"0";"0";"";"";"0";"CGK";"Из Германии, не большой пробег, цена за столбик ";"0";"0";"";"980";"USD";"";"";"";"";"";"https://d4.by/image/catalog/d4_img/1642118400/1642166984016_16421669560583145676360832915479.jpg,https://d4.by/image/catalog/d4_img/1642118400/1642166995486_16421669864733576868111230566636.jpg,https://d4.by/image/catalog/d4_img/1642118400/1642167006904_16421669975822447621629395081251.jpg,https://d4.by/image/catalog/d4_img/1642118400/1642167018168_16421670090726240131596939551007.jpg,https://d4.by/image/catalog/d4_img/1642118400/1642167035616_16421670207154365454094637026634.jpg"
"351620";"DAF";"XF";"2010";"Двигатель";"";"дизель";"12.9";"";"";"";"";"0";"0";"";"";"0";"MX300U1";"Из Бельгии. Гарантия на установку и проверку, Хорошее состояние. Пробег 400000 тысяч  Цена указана без навесного оборудования ";"0";"0";"";"9500";"USD";"";"";"";"";"";"https://d4.by/image/catalog/d4_img/1750464000/1750487541515_17504875358172382635786369824850.jpg,https://d4.by/image/catalog/d4_img/1750464000/1750487564646_17504875492822269805079300690201.jpg,https://d4.by/image/catalog/d4_img/1750464000/1750487572719_17504875655955344795146947047233.jpg,https://d4.by/image/catalog/d4_img/1750464000/1750487579371_17504875737698225720495310304910.jpg,https://d4.by/image/catalog/d4_img/1750464000/1750487622347_17504876129731817910414234727308.jpg,https://d4.by/image/catalog/d4_img/1750464000/1750487631279_17504876238175975273065648377756.jpg,https://d4.by/image/catalog/d4_img/1750464000/1750487600755_17504875924278633357532701170409.jpg,https://d4.by/image/catalog/d4_img/1750464000/1750487591517_17504875872744999006817077610256.jpg,https://d4.by/image/catalog/d4_img/1750464000/1750487586280_1750487581008586921429753660747.jpg,https://d4.by/image/catalog/d4_img/1750464000/1750487612052_17504876026402121573508318412045.jpg,https://d4.by/image/catalog/d4_img/1750464000/1750487534874_17504875279406390694773013262593.jpg,https://d4.by/image/catalog/d4_img/1750464000/1750487548241_17504875432182560857662653362546.jpg"
"352623";"Volkswagen";"Polo";"2004";"Двигатель";"";"бензин";"1.4";"";"МКПП";"";"";"0";"0";"";"";"0";"BBY";"Из Бельгии, хорошее состояние, гарантия ,под мкпп ,цена за двигатель без навесного оборудования,железный поддон ";"0";"0";"";"235";"USD";"";"";"";"";"";"https://d4.by/image/catalog/d4_img/1751068800/1751119217592_17511192131544765804383339224520.jpg,https://d4.by/image/catalog/d4_img/1751068800/1751119207595_1751119202969974448882938355883.jpg,https://d4.by/image/catalog/d4_img/1751068800/1751119212198_1751119208468547828729999248438.jpg,https://d4.by/image/catalog/d4_img/1751068800/1751119232821_17511192272477563251133552819574.jpg,https://d4.by/image/catalog/d4_img/1751068800/1751119226193_17511192229557849680532986132332.jpg,https://d4.by/image/catalog/d4_img/1751068800/1751119221963_17511192184699192355332608789865.jpg"
"352622";"Dacia";"Logan";"2011";"Двигатель";"";"дизель";"1.5";"DCi";"";"";"";"0";"0";"";"";"0";"k9ke892,k9k892";"Из Бельгии, хорошее состояние, гарантия , цена указана за двигатель без навесного оборудования , стартер спереди,топливная делфи";"0";"0";"";"600";"USD";"";"";"";"";"";"https://d4.by/image/catalog/d4_img/1751068800/1751117722682_17511177183292820467173081788244.jpg,https://d4.by/image/catalog/d4_img/1751068800/1751117717406_17511177135002140958552343810833.jpg,https://d4.by/image/catalog/d4_img/1751068800/1751117743913_17511177394903243490868834296687.jpg,https://d4.by/image/catalog/d4_img/1751068800/1751117738098_17511177339705330832235619785930.jpg,https://d4.by/image/catalog/d4_img/1751068800/1751117781387_1751117770164680832128189056247.jpg,https://d4.by/image/catalog/d4_img/1751068800/1751117769212_17511177533461734057919631263756.jpg,https://d4.by/image/catalog/d4_img/1751068800/1751117732983_17511177292915535228329858146536.jpg,https://d4.by/image/catalog/d4_img/1751068800/1751117728359_17511177236208971349101945053004.jpg"
"301018";"Audi";"A4";"2002";"Двигатель";"";"бензин";"2.0";"";"";"";"";"0";"0";"";"";"0";"AWA";"Из Бельгии, хорошее состояние, гарантия, цена без навесного оборудования";"0";"0";"";"230";"USD";"";"";"";"";"";"https://d4.by/image/catalog/d4_img/1703548800/1703587489726_17035874840285092208757522696567.jpg,https://d4.by/image/catalog/d4_img/1703548800/1703587524667_17035875202536243176271576871597.jpg,https://d4.by/image/catalog/d4_img/1703548800/1703587529580_17035875257617564594136367013875.jpg,https://d4.by/image/catalog/d4_img/1703548800/1703587517031_17035875012329016136524322878130.jpg,https://d4.by/image/catalog/d4_img/1703548800/1703587499920_17035874958015861164445557487793.jpg,https://d4.by/image/catalog/d4_img/1703548800/1703587494775_17035874906107374131907327782740.jpg"
"256643";"Hyundai";"i10";"2009";"Двигатель";"";"дизель";"1.1";"";"";"";"";"0";"0";"";"";"0";"D3fa";"Из Бельгии, гарантия на проверку и установку ,цена без комплектующих ";"0";"0";"";"200";"USD";"";"";"";"";"";"https://d4.by/image/catalog/d4_img/1665014400/1665050220372_16650502148912570401987768021975.jpg,https://d4.by/image/catalog/d4_img/1665014400/1665050239811_16650502315236532259206044349305.jpg,https://d4.by/image/catalog/d4_img/1665014400/1665050212990_16650502068198098356659514982454.jpg,https://d4.by/image/catalog/d4_img/1665014400/1665050205128_16650501972753677682470636545690.jpg,https://d4.by/image/catalog/d4_img/1665014400/1665050229543_16650502233464043759853202425963.jpg"
"374750";"Dacia";"Sandero";"2019";"Двигатель";"";"бензин";"1.0";"";"";"";"";"0";"0";"";"";"0";"B4DE411";"Из Бельгии.  Гарантия на установку и проверку,  Цена указана без навесного оборудования ";"0";"0";"";"1100";"USD";"";"";"";"";"";"https://d4.by/image/catalog/d4_img/1768953600/1769006350616_17690063426505467421461866327106.jpg,https://d4.by/image/catalog/d4_img/1768953600/1769006341827_17690063369981456928446560442064.jpg,https://d4.by/image/catalog/d4_img/1768953600/1769006336242_17690063318715736439227731947756.jpg,https://d4.by/image/catalog/d4_img/1768953600/1769006330991_176900632430390469498335441685.jpg,https://d4.by/image/catalog/d4_img/1768953600/1769006323482_17690063167866647078366014585512.jpg,https://d4.by/image/catalog/d4_img/1768953600/1769006303630_17690062990795300453202786680973.jpg,https://d4.by/image/catalog/d4_img/1768953600/1769006315994_17690063116013584528188337179786.jpg,https://d4.by/image/catalog/d4_img/1768953600/1769006310856_17690063045847121929862906387796.jpg"
"263006";"Suzuki";"Liana";"2005";"Двигатель";"";"бензин";"1.3";"";"";"";"";"0";"0";"";"";"0";"M13a";"Из Бельгии гарантия на проверку и установку цена без навесного оборудования ";"0";"0";"";"230";"USD";"";"";"";"";"";"https://d4.by/image/catalog/d4_img/1670457600/1670498536979_16704985302031308207726003484021.jpg,https://d4.by/image/catalog/d4_img/1670457600/1670498553048_16704985470936724605699713688262.jpg,https://d4.by/image/catalog/d4_img/1670457600/1670498545188_16704985387703776120756807649176.jpg,https://d4.by/image/catalog/d4_img/1670457600/1670498527756_16704985214163119770575479168277.jpg,https://d4.by/image/catalog/d4_img/1670457600/1670498519092_1670498509685708367867884403.jpg"
"374720";"Volkswagen";"Sharan";"2003";"Двигатель";"";"бензин";"1.8";"Ti";"";"";"";"0";"0";"";"";"0";"AWC";"Из Бельгии.  Гарантия на установку и проверку,  Цена указана без навесного оборудования ";"0";"0";"";"740";"USD";"";"";"";"";"";"https://d4.by/image/catalog/d4_img/1768953600/1769000667150_17690006614355612775721104264355.jpg,https://d4.by/image/catalog/d4_img/1768953600/1769000681105_17690006679418126508275650889958.jpg,https://d4.by/image/catalog/d4_img/1768953600/1769000722166_1769000705355585327126154086930.jpg,https://d4.by/image/catalog/d4_img/1768953600/1769000704539_17690007003364472887945815537949.jpg,https://d4.by/image/catalog/d4_img/1768953600/1769000699504_17690006872762964619747481559828.jpg,https://d4.by/image/catalog/d4_img/1768953600/1769000686450_17690006822101002825906039367670.jpg,https://d4.by/image/catalog/d4_img/1768953600/1769000652092_17690006468107036772656927118994.jpg,https://d4.by/image/catalog/d4_img/1768953600/1769000660591_17690006528357117233073137220015.jpg"
"374703";"Peugeot";"Partner";"2009";"Двигатель";"";"бензин";"1.6";"";"";"";"";"0";"0";"";"";"0";"NFR";"Из Бельгии.  Гарантия на установку и проверку,  Цена указана без навесного оборудования ";"0";"0";"";"750";"USD";"";"";"";"";"";"https://d4.by/image/catalog/d4_img/1768953600/1768998411182_17689984049668369856821350377743.jpg,https://d4.by/image/catalog/d4_img/1768953600/1768998404179_17689983992316509558963544990605.jpg,https://d4.by/image/catalog/d4_img/1768953600/1768998453219_1768998447081989819780885924113.jpg,https://d4.by/image/catalog/d4_img/1768953600/1768998417032_17689984119426983020742998585030.jpg,https://d4.by/image/catalog/d4_img/1768953600/1768998445841_17689984347055389085007923080668.jpg,https://d4.by/image/catalog/d4_img/1768953600/1768998433924_17689984278363232561836766263278.jpg,https://d4.by/image/catalog/d4_img/1768953600/1768998427086_17689984229096426438971211049346.jpg,https://d4.by/image/catalog/d4_img/1768953600/1768998422089_17689984177401596427793930843653.jpg"
"374676";"Renault";"Laguna";"2004";"Двигатель";"";"бензин";"3.0";"";"";"";"";"0";"0";"";"";"0";"L7XE";"Из Бельгии.  Гарантия на установку и проверку,  Цена указана без навесного оборудования ";"0";"0";"";"350";"USD";"";"";"";"";"";"https://d4.by/image/catalog/d4_img/1768953600/1768995985162_17689959810804227366521123491100.jpg,https://d4.by/image/catalog/d4_img/1768953600/1768995980385_17689959744785114019163385859657.jpg,https://d4.by/image/catalog/d4_img/1768953600/1768995990801_17689959860132764986303625384494.jpg,https://d4.by/image/catalog/d4_img/1768953600/1768995997382_17689959915613326997781961682849.jpg,https://d4.by/image/catalog/d4_img/1768953600/1768996005366_17689959982516749515439186147465.jpg,https://d4.by/image/catalog/d4_img/1768953600/1768996016592_17689960115803340504304137777117.jpg,https://d4.by/image/catalog/d4_img/1768953600/1768996010783_17689960061678708974332387441326.jpg"
"268634";"Renault";"Clio";"2012";"Двигатель";"";"дизель";"1.5";"DCi";"";"";"";"0";"0";"";"";"0";"K9kb608";"Из Бельгии гарантия на проверку и установку цена без навесного оборудования ";"0";"0";"";"530";"USD";"";"";"";"";"";"https://d4.by/image/catalog/d4_img/1676073600/1676123214228_16761232070152639317925553061898.jpg,https://d4.by/image/catalog/d4_img/1676073600/1676123205124_16761231969281889798749740160982.jpg,https://d4.by/image/catalog/d4_img/1676073600/1676123180760_16761231732112276937634266445826.jpg,https://d4.by/image/catalog/d4_img/1676073600/1676123195258_16761231824013188842735814022159.jpg"
"321997";"Mercedes";"A W168";"2001";"Двигатель";"";"бензин";"1.9";"";"";"";"";"0";"0";"";"";"0";"166990";"Гарантия на установку и проверку. Цена указана без навесного оборудования ";"0";"0";"";"220";"USD";"";"";"";"";"";"https://d4.by/image/catalog/d4_img/1724716800/1724755163238_17247551588264665935042558244305.jpg,https://d4.by/image/catalog/d4_img/1724716800/1724755170275_1724755164099227528372110072495.jpg,https://d4.by/image/catalog/d4_img/1724716800/1724755157829_1724755152741560516106906831168.jpg,https://d4.by/image/catalog/d4_img/1724716800/1724755180166_17247551712808809415452038172208.jpg,https://d4.by/image/catalog/d4_img/1724716800/1724755151862_17247551469031210732881909025190.jpg,https://d4.by/image/catalog/d4_img/1724716800/1724755146021_17247551382572050335806018300613.jpg"
"368801";"Mercedes";"Vito W639";"2008";"Двигатель";"";"дизель";"2.2";"";"";"";"";"0";"0";"";"";"0";"646980";"Из Бельгии.  Гарантия на установку и проверку . Цена указана без навесного оборудования ";"0";"0";"";"1400";"USD";"";"";"";"";"";"https://d4.by/image/catalog/d4_img/1763942400/1763976754907_17639767480121830026222465193474.jpg,https://d4.by/image/catalog/d4_img/1763942400/1763976747140_17639767413375816482336281015729.jpg,https://d4.by/image/catalog/d4_img/1763942400/1763976740403_17639767334804377230920330162366.jpg,https://d4.by/image/catalog/d4_img/1763942400/1763976774991_17639767687644756878428524384231.jpg,https://d4.by/image/catalog/d4_img/1763942400/1763976767956_17639767626466884830890125880947.jpg,https://d4.by/image/catalog/d4_img/1763942400/1763976761813_17639767556519013995375764435502.jpg,https://d4.by/image/catalog/d4_img/1763942400/1763976732668_17639767269386928975992343532773.jpg,https://d4.by/image/catalog/d4_img/1763942400/1763976726192_17639767198127032074689983469451.jpg"
"225512_1";"Alfa Romeo";"146";"1996";"Двигатель";"";"дизель";"2.5";"TD";"";"";"";"0";"0";"";"";"0";"8144912200";"Гарантия на проверку и установку, цена за столбик, ";"0";"0";"";"335";"USD";"";"";"";"";"";"https://d4.by/image/catalog/d4_img/1647302400/1647341993423_16473419880985593614040419715486.jpg,https://d4.by/image/catalog/d4_img/1647302400/1647341986134_16473419771974730017801308971134.jpg,https://d4.by/image/catalog/d4_img/1647302400/1647341974701_16473419629846394114813268029769.jpg,https://d4.by/image/catalog/d4_img/1647302400/1647341961273_16473419561742382107875724842385.jpg,https://d4.by/image/catalog/d4_img/1647302400/1647341954507_16473419473603221669287753939530.jpg"
"225512_2";"Fiat";"Croma";"1996";"Двигатель";"";"дизель";"2.5";"TD";"";"";"";"0";"0";"";"";"0";"8144912200";"Гарантия на проверку и установку, цена за столбик,";"0";"0";"";"315";"USD";"";"";"";"";"";"https://d4.by/image/catalog/d4_img/1647302400/1647341993423_16473419880985593614040419715486.jpg,https://d4.by/image/catalog/d4_img/1647302400/1647341986134_16473419771974730017801308971134.jpg,https://d4.by/image/catalog/d4_img/1647302400/1647341974701_16473419629846394114813268029769.jpg,https://d4.by/image/catalog/d4_img/1647302400/1647341961273_16473419561742382107875724842385.jpg,https://d4.by/image/catalog/d4_img/1647302400/1647341954507_16473419473603221669287753939530.jpg"
"352545";"Fiat";"Ducato";"2003";"Двигатель";"";"дизель";"2.8";"JTD";"";"";"";"0";"0";"";"";"0";"814043s,sofim814043s";"Из Бельгии, хорошее состояние, гарантия ,цена указана за двигатель без навесного оборудования ";"0";"0";"";"560";"USD";"";"";"";"";"";"https://d4.by/image/catalog/d4_img/1751068800/1751101622044_17511016163575407371042884019902.jpg,https://d4.by/image/catalog/d4_img/1751068800/1751101637801_17511016328692493699615450309929.jpg,https://d4.by/image/catalog/d4_img/1751068800/1751101632014_17511016275591953847668292206431.jpg,https://d4.by/image/catalog/d4_img/1751068800/1751101643609_1751101638713673994251722563824.jpg,https://d4.by/image/catalog/d4_img/1751068800/1751101650658_17511016444416331907008764367918.jpg,https://d4.by/image/catalog/d4_img/1751068800/1751101626698_17511016229147991324520954197537.jpg"
"362252";"Renault";"Espace";"2004";"Двигатель";"";"бензин";"2.0";"Ti";"";"";"";"0";"0";"";"";"0";"F4R794";"Из Бельгии. Гарантия на установку и проверку. Цена указана без навесного оборудования ";"0";"0";"";"550";"USD";"";"";"";"";"";"https://d4.by/image/catalog/d4_img/1758067200/1758099703205_17580996983411873666254597892925.jpg,https://d4.by/image/catalog/d4_img/1758067200/1758099677518_17580996729606981875119641519899.jpg,https://d4.by/image/catalog/d4_img/1758067200/1758099697481_17580996902065506815702837475561.jpg,https://d4.by/image/catalog/d4_img/1758067200/1758099688591_17580996783936605319035203851425.jpg,https://d4.by/image/catalog/d4_img/1758067200/1758099717631_17580997123075408739262354696635.jpg,https://d4.by/image/catalog/d4_img/1758067200/1758099672183_17580996658457402529935785004949.jpg,https://d4.by/image/catalog/d4_img/1758067200/1758099711375_17580997040566798008051567566140.jpg"
"368762";"Renault";"Kangoo";"2012";"Двигатель";"";"дизель";"1.5";"";"";"";"";"0";"0";"";"";"0";"K9K808";"Из Бельгии.  Гарантия на установку и проверку. Цена указана без навесного оборудования ";"0";"0";"";"620";"USD";"";"";"";"";"";"https://d4.by/image/catalog/d4_img/1763942400/1763970207508_17639701956675896635536951101357.jpg,https://d4.by/image/catalog/d4_img/1763942400/1763970223011_17639702164656147400160438858795.jpg,https://d4.by/image/catalog/d4_img/1763942400/1763970256161_17639702501007097429280199384707.jpg,https://d4.by/image/catalog/d4_img/1763942400/1763970215646_17639702084078408033966006062089.jpg,https://d4.by/image/catalog/d4_img/1763942400/1763970249212_17639702423476770561229596622578.jpg,https://d4.by/image/catalog/d4_img/1763942400/1763970232037_1763970226237854241308933478265.jpg,https://d4.by/image/catalog/d4_img/1763942400/1763970182902_17639701760696590514942269358216.jpg,https://d4.by/image/catalog/d4_img/1763942400/1763970189039_17639701836344603877967906034880.jpg,https://d4.by/image/catalog/d4_img/1763942400/1763970241467_1763970232879463213739462754033.jpg,https://d4.by/image/catalog/d4_img/1763942400/1763970194701_17639701898133110781374419312021.jpg"
"362214";"BMW";"5 E39";"2001";"Двигатель";"";"бензин";"2.2";"";"";"";"";"0";"0";"";"";"0";"226S1";"Из Бельгии. Гарантия на установку и проверку. Цена указана без навесного оборудования ";"0";"0";"";"550";"USD";"";"";"";"";"";"https://d4.by/image/catalog/d4_img/1758067200/1758091416449_17580914110278698642316362362433.jpg,https://d4.by/image/catalog/d4_img/1758067200/1758091409365_17580914046095233022106787527460.jpg,https://d4.by/image/catalog/d4_img/1758067200/1758091403676_17580913945822398452323265178848.jpg,https://d4.by/image/catalog/d4_img/1758067200/1758091393667_1758091387524271146439689552904.jpg,https://d4.by/image/catalog/d4_img/1758067200/1758091385954_17580913796657434255234379131381.jpg,https://d4.by/image/catalog/d4_img/1758067200/1758091378775_17580913748611952278715432562277.jpg,https://d4.by/image/catalog/d4_img/1758067200/1758091374056_17580913657494396465784941117064.jpg"
"362195";"Renault";"Megane";"2006";"Двигатель";"";"бензин";"1.6";"i";"";"";"";"0";"0";"";"";"0";"K4M9766";"Из Бельгии. Гарантия на установку и проверку. Цена указана без навесного оборудования ";"0";"0";"";"500";"USD";"";"";"";"";"";"https://d4.by/image/catalog/d4_img/1757980800/1758033588109_17580335805482604777555174319652.jpg,https://d4.by/image/catalog/d4_img/1757980800/1758033553030_17580335485034442691746277456147.jpg,https://d4.by/image/catalog/d4_img/1757980800/1758033569057_17580335618002119197247633688981.jpg,https://d4.by/image/catalog/d4_img/1757980800/1758033579672_17580335751648861043252150957901.jpg,https://d4.by/image/catalog/d4_img/1757980800/1758033574221_1758033569906775658616676899563.jpg,https://d4.by/image/catalog/d4_img/1757980800/1758033560854_17580335539631248723211641808668.jpg,https://d4.by/image/catalog/d4_img/1757980800/1758033547631_17580335426698755394265052120784.jpg,https://d4.by/image/catalog/d4_img/1757980800/1758033541886_17580335368234073863852882748924.jpg"
"362169";"Ford";"B-Max";"2014";"Двигатель";"";"бензин";"1.0";"Ti";"";"";"";"0";"0";"";"";"0";"M1DA";"Из Бельгии. Гарантия на установку и проверку. Цена указана без навесного оборудования ";"0";"0";"";"950";"USD";"";"";"";"";"";"https://d4.by/image/catalog/d4_img/1757980800/1758028719672_1758028715574867060957929435739.jpg,https://d4.by/image/catalog/d4_img/1757980800/1758028692437_17580286859534208159304565820267.jpg,https://d4.by/image/catalog/d4_img/1757980800/1758028699519_1758028695326412316246655492737.jpg,https://d4.by/image/catalog/d4_img/1757980800/1758028685143_17580286810012465364604405076607.jpg,https://d4.by/image/catalog/d4_img/1757980800/1758028713142_17580287060396386173987970637872.jpg,https://d4.by/image/catalog/d4_img/1757980800/1758028705077_17580287003374311844497781470214.jpg,https://d4.by/image/catalog/d4_img/1757980800/1758028680180_17580286760597329011265540268006.jpg"
"362149";"Renault";"Kangoo";"2012";"Двигатель";"";"дизель";"1.5";"";"";"";"";"0";"0";"";"";"0";"K9K808";"Из Бельгии. Гарантия на установку и проверку. Цена указана без навесного оборудования ";"0";"0";"";"600";"USD";"";"";"";"";"";"https://d4.by/image/catalog/d4_img/1757980800/1758024279618_17580242759163330678901224026244.jpg,https://d4.by/image/catalog/d4_img/1757980800/1758024284718_17580242804572072290062051726260.jpg,https://d4.by/image/catalog/d4_img/1757980800/1758024273883_1758024269645389679202282740064.jpg,https://d4.by/image/catalog/d4_img/1757980800/1758024268754_17580242613055772376156611345957.jpg,https://d4.by/image/catalog/d4_img/1757980800/1758024260489_17580242552344701419244494284949.jpg,https://d4.by/image/catalog/d4_img/1757980800/1758024254405_17580242493975840968630589811621.jpg,https://d4.by/image/catalog/d4_img/1757980800/1758024248516_17580242443193359099080759470579.jpg,https://d4.by/image/catalog/d4_img/1757980800/1758024243472_17580242376438104867755198595937.jpg"
"352505";"Renault";"Megane";"2004";"Двигатель";"";"бензин";"1.4";"";"";"";"";"0";"0";"";"";"0";"k4j732,k4jf732";"Из Бельгии, хорошее состояние, гарантия,цена указана за двигатель без навесного оборудования!!";"0";"0";"";"700";"USD";"";"";"";"";"";"https://d4.by/image/catalog/d4_img/1751068800/1751092940966_17510929369358399969748225726453.jpg,https://d4.by/image/catalog/d4_img/1751068800/1751092952972_1751092941877544822882748095413.jpg,https://d4.by/image/catalog/d4_img/1751068800/1751092935976_17510929325301321938211433148659.jpg,https://d4.by/image/catalog/d4_img/1751068800/1751092922886_17510929177599216475114008464162.jpg,https://d4.by/image/catalog/d4_img/1751068800/1751092931496_17510929279426559135024077394210.jpg,https://d4.by/image/catalog/d4_img/1751068800/1751092927096_17510929236755820225818934911395.jpg"
"324777";"BMW";"3 E46";"2003";"Двигатель";"";"бензин";"1.8";"";"";"";"";"0";"0";"";"";"0";"75163280AAB";"Из Бельгии. Гарантия на установку и проверку. Цена указана без навесного оборудования ";"0";"0";"";"480";"USD";"";"";"";"";"";"https://d4.by/image/catalog/d4_img/1727654400/1727694922675_17276949173273675980479671323763.jpg,https://d4.by/image/catalog/d4_img/1727654400/1727694928757_17276949238868468737384777581423.jpg,https://d4.by/image/catalog/d4_img/1727654400/1727694933982_17276949296994542737447634152791.jpg,https://d4.by/image/catalog/d4_img/1727654400/1727694939589_17276949348192022377578712997728.jpg,https://d4.by/image/catalog/d4_img/1727654400/1727694946129_1727694940478738566474515951006.jpg"
"362124";"Peugeot";"607";"2005";"Двигатель";"";"дизель";"2.7";"";"";"";"";"0";"0";"";"";"0";"ELD11";"Из Бельгии. Гарантия на установку и проверку. Цена указана без навесного оборудования ";"0";"0";"";"850";"USD";"";"";"";"";"";"https://d4.by/image/catalog/d4_img/1757980800/1758018642552_17580186382768377270641105065866.jpg,https://d4.by/image/catalog/d4_img/1757980800/1758018637407_17580186321914532238296368510813.jpg,https://d4.by/image/catalog/d4_img/1757980800/1758018664592_1758018660600556719442388441198.jpg,https://d4.by/image/catalog/d4_img/1757980800/1758018659733_17580186536125023473925575026320.jpg,https://d4.by/image/catalog/d4_img/1757980800/1758018651006_17580186435463031057917913068468.jpg,https://d4.by/image/catalog/d4_img/1757980800/1758018669769_17580186656587916599480114002445.jpg"
"324761";"Fiat";"Punto";"2005";"Двигатель";"";"бензин";"1.2";"";"";"";"";"0";"0";"";"";"0";"188A4000";"Из Бельгии. Гарантия на установку и проверку. Цена указана без навесного оборудования ";"0";"0";"Маркировка одна , моторы разные , перед продажей сравнить со старым , разница по клаппаной крышке";"300";"USD";"";"";"";"";"";"https://d4.by/image/catalog/d4_img/1727654400/1727684104476_17276840986861933417884707386715.jpg,https://d4.by/image/catalog/d4_img/1727654400/1727684093283_17276840893448407575497657586534.jpg,https://d4.by/image/catalog/d4_img/1727654400/1727684097842_17276840940836826531142134897057.jpg,https://d4.by/image/catalog/d4_img/1727654400/1727684083834_17276840793258486058983247428478.jpg,https://d4.by/image/catalog/d4_img/1727654400/1727684088587_17276840845954001214932663180699.jpg,https://d4.by/image/catalog/d4_img/1727654400/1727684112578_17276841053996077865921140875401.jpg"
"362094";"Saab";"9-3";"2006";"Двигатель";"";"бензин";"2.8";"Ti";"";"";"";"0";"0";"";"";"0";"Z28NET";"Из Бельгии. Гарантия на установку и проверку. Цена указана без навесного оборудования ";"0";"0";"";"950";"USD";"";"";"";"";"";"https://d4.by/image/catalog/d4_img/1757980800/1758013155197_17580131505338197698712956418461.jpg,https://d4.by/image/catalog/d4_img/1757980800/1758013149509_17580131445821315489768065215721.jpg,https://d4.by/image/catalog/d4_img/1757980800/1758013143676_1758013139660830269629877647565.jpg,https://d4.by/image/catalog/d4_img/1757980800/1758013138818_17580131345472899148959089357703.jpg,https://d4.by/image/catalog/d4_img/1757980800/1758013119072_17580131146318454632570931846830.jpg,https://d4.by/image/catalog/d4_img/1757980800/1758013126025_17580131199964082202153607470650.jpg,https://d4.by/image/catalog/d4_img/1757980800/1758013132921_1758013126935819025341623997587.jpg,https://d4.by/image/catalog/d4_img/1757980800/1758013113712_17580131094236458662447309014225.jpg"
"366146";"Peugeot";"208";"2014";"Двигатель";"";"дизель";"1.4";"";"";"";"";"0";"0";"";"";"0";"8H01";"Из Бельгии.  Гарантия на установку и проверку.  Цена указана без навесного оборудов ";"0";"0";"";"450";"USD";"";"";"";"";"";"https://d4.by/image/catalog/d4_img/1761782400/1761806409135_17618064027333766402051914718966.jpg,https://d4.by/image/catalog/d4_img/1761782400/1761806401519_17618063923723536492048528298514.jpg,https://d4.by/image/catalog/d4_img/1761782400/1761806391478_17618063839036299411319448989285.jpg,https://d4.by/image/catalog/d4_img/1761782400/1761806383141_17618063773546175217100566992980.jpg,https://d4.by/image/catalog/d4_img/1761782400/1761806376567_17618063707135215115796577035121.jpg,https://d4.by/image/catalog/d4_img/1761782400/1761806369850_17618063620922912410392767892003.jpg,https://d4.by/image/catalog/d4_img/1761782400/1761806361201_176180635508686785608515329553.jpg"
"324726";"Opel";"Corsa";"2006";"Двигатель";"";"дизель";"1.3";"";"";"";"";"0";"0";"";"";"0";"Z13DT";"Из Бельгии. Гарантия на установку и проверку. Цена указана без навесного оборудования ";"0";"0";"";"390";"USD";"";"";"";"";"";"https://d4.by/image/catalog/d4_img/1727481600/1727526479628_17275264692708700265122557426373.jpg,https://d4.by/image/catalog/d4_img/1727481600/1727526468274_17275264637833050069182787736325.jpg,https://d4.by/image/catalog/d4_img/1727481600/1727526462910_17275264565067508839278524874840.jpg,https://d4.by/image/catalog/d4_img/1727481600/1727526455586_17275264486451507490335193706679.jpg,https://d4.by/image/catalog/d4_img/1727481600/1727526447757_17275264425212910512534824559799.jpg,https://d4.by/image/catalog/d4_img/1727481600/1727526441710_17275264348366146036979881776682.jpg"
"343773";"Skoda";"Fabia";"2003";"Двигатель";"";"бензин";"1.4";"";"МКПП";"";"";"0";"0";"";"";"0";"BBY";"Из Бельгии. Гарантия на установку и проверку . Цена указана без навесного оборудования ";"0";"0";"";"240";"USD";"";"";"";"";"";"https://d4.by/image/catalog/d4_img/1741910400/1741962364258_17419623606215144864481829614653.jpg,https://d4.by/image/catalog/d4_img/1741910400/1741962359753_1741962355612635168591747155133.jpg,https://d4.by/image/catalog/d4_img/1741910400/1741962354608_17419623492835406474650464272441.jpg,https://d4.by/image/catalog/d4_img/1741910400/1741962378650_17419623725725705485185511551174.jpg,https://d4.by/image/catalog/d4_img/1741910400/1741962370755_17419623670106353949925797865417.jpg,https://d4.by/image/catalog/d4_img/1741910400/1741962393438_17419623861936462921239694863056.jpg,https://d4.by/image/catalog/d4_img/1741910400/1741962385204_17419623801927306753975080253587.jpg"
"251624";"Audi";"A6";"2006";"Двигатель";"";"бензин";"3.2";"";"";"";"";"0";"0";"";"";"0";"AUK";"Из Бельгии, гарантия на проверку и установку,цена без комплектующих  в 2х цилиндрах есть задиры";"0";"0";"";"750";"USD";"";"";"";"";"";"https://d4.by/image/catalog/d4_img/1661212800/1661251614151_16612516083057908652143948817150.jpg,https://d4.by/image/catalog/d4_img/1661212800/1661251606307_16612515996943369687456061273817.jpg,https://d4.by/image/catalog/d4_img/1661212800/1661251589289_16612515808744767219133985317957.jpg,https://d4.by/image/catalog/d4_img/1661212800/1661251597921_1661251590998456073507849785451.jpg,https://d4.by/image/catalog/d4_img/1661212800/1661251622773_16612516160042640543380572601353.jpg,https://d4.by/image/catalog/d4_img/1744243200/1744295977102_0-02-05-5c8968e27013441818eae83bce8932f6ebebf16f1a4b75f2d16d2a5e2b288af1_9238cebb0677361a.jpg,https://d4.by/image/catalog/d4_img/1744243200/1744295985582_0-02-05-2fa3e85db28507adbc82d98f1d13c00174d1bbd88eb21413154b6bbd3bcf0b22_9b87ce3805fe0b0f.jpg"
"362052";"Opel";"Insignia";"2010";"Двигатель";"";"дизель";"2.0";"CDTi";"";"";"";"0";"0";"";"";"0";"A20DTH";"Из Бельгии. Гарантия на установку и проверку, цена указана без навесного оборудования ";"0";"0";"";"600";"USD";"";"";"";"";"";"https://d4.by/image/catalog/d4_img/1757980800/1758004434614_17580044300943855265701650243535.jpg,https://d4.by/image/catalog/d4_img/1757980800/1758004482790_1758004471828720071758320175248.jpg,https://d4.by/image/catalog/d4_img/1757980800/1758004451267_17580044356615763453016591213206.jpg,https://d4.by/image/catalog/d4_img/1757980800/1758004459279_17580044523082340303570280589541.jpg,https://d4.by/image/catalog/d4_img/1757980800/1758004470852_17580044651074983461337017665716.jpg,https://d4.by/image/catalog/d4_img/1757980800/1758004464219_17580044602363527320893221917034.jpg"
"324680";"Opel";"Insignia";"2010";"Двигатель";"";"дизель";"2.0";"";"";"";"";"0";"0";"";"";"0";"A20DTH";"Из Бельгии. Гарантия на установку и проверку. Цена указана без навесного оборудования ";"0";"0";"";"600";"USD";"";"";"";"";"";"https://d4.by/image/catalog/d4_img/1727481600/1727506349951_17275063447263413035803544042455.jpg,https://d4.by/image/catalog/d4_img/1727481600/1727506369682_17275063626006517810679665021977.jpg,https://d4.by/image/catalog/d4_img/1727481600/1727506343851_17275063379023162941283599913769.jpg,https://d4.by/image/catalog/d4_img/1727481600/1727506361708_17275063564817500133681730370892.jpg,https://d4.by/image/catalog/d4_img/1727481600/1727506355634_17275063508986198640712959139463.jpg,https://d4.by/image/catalog/d4_img/1727481600/1727506379313_17275063707641469772331249533475.jpg,https://d4.by/image/catalog/d4_img/1727481600/1727506337062_1727506331394891221372338291054.jpg"
"351313";"Volkswagen";"Fox";"2005";"Двигатель";"";"бензин";"1.2";"";"";"";"";"0";"0";"";"";"0";"BMD  ";"Из Бельгии.Гарантия на установку и проверку,  Цена указана без навесного оборудования ";"0";"0";"";"295";"USD";"";"";"";"";"";"https://d4.by/image/catalog/d4_img/1750032000/1750067787612_17500677836002083937115059832282.jpg,https://d4.by/image/catalog/d4_img/1750032000/1750067782764_1750067778880643362691603905256.jpg,https://d4.by/image/catalog/d4_img/1750032000/1750067773016_17500677688625859732811338493430.jpg,https://d4.by/image/catalog/d4_img/1750032000/1750067778033_17500677739193988928914552331021.jpg,https://d4.by/image/catalog/d4_img/1750032000/1750067768014_17500677631166733741765558345736.jpg"
"327068";"Mercedes";"B W245";"2006";"Двигатель";"";"дизель";"2.0";"CDi";"АКПП";"";"";"0";"0";"";"";"0";"";"Из Бельгии, хорошее состояние, гарантия ,маркировка не читается ,цена указана без навесного оборудования ";"0";"0";"";"110";"USD";"";"";"";"";"";"https://d4.by/image/catalog/d4_img/1730160000/1730212747808_17302127437233551463149630509231.jpg,https://d4.by/image/catalog/d4_img/1730160000/1730212762605_17302127583677434791958768407092.jpg,https://d4.by/image/catalog/d4_img/1730160000/1730212754708_17302127487346605979156901084236.jpg,https://d4.by/image/catalog/d4_img/1730160000/1730212742845_17302127351761455985769431948003.jpg"
"345766";"Ford";"C-Max";"2004";"Двигатель";"";"бензин";"1.6";"";"";"";"";"0";"0";"";"";"0";"4M5G6007,ADDA";"Из Бельгии. Гарантия на установку и проверку. Цена указана без навесного оборудования ";"0";"0";"";"500";"USD";"";"";"";"";"";"https://d4.by/image/catalog/d4_img/1743638400/1743681280902_1743681274513619722886256247261.jpg,https://d4.by/image/catalog/d4_img/1743638400/1743681310729_17436813064136168904457719996228.jpg,https://d4.by/image/catalog/d4_img/1743638400/1743681305547_17436813006943484969898545862911.jpg,https://d4.by/image/catalog/d4_img/1743638400/1743681299832_17436812940425965775211355555182.jpg,https://d4.by/image/catalog/d4_img/1743638400/1743681273646_17436812669923273452312524499593.jpg,https://d4.by/image/catalog/d4_img/1743638400/1743681293032_1743681288077630784166364492410.jpg,https://d4.by/image/catalog/d4_img/1743638400/1743681287159_17436812817924452242819168846118.jpg"
"239666";"Volvo";"S80";"2010";"Двигатель";"";"дизель";"2.4";"TDi";"АКПП";"";"";"0";"0";"";"";"0";"D5244T";"Из Бельгии, не большой пробег, цена за столбик, термостат сзади ";"0";"0";"";"2068";"USD";"";"";"";"";"";"https://d4.by/image/catalog/d4_img/1654214400/1654248363438_16542483551822334887236813593177.jpg,https://d4.by/image/catalog/d4_img/1654214400/1654248353036_16542483462426478726494240607916.jpg,https://d4.by/image/catalog/d4_img/1654214400/1654248344215_16542483380017181448290954928303.jpg,https://d4.by/image/catalog/d4_img/1654214400/1654248336105_1654248327394384073257507372446.jpg,https://d4.by/image/catalog/d4_img/1654214400/1654248325455_16542483180322786985724343216878.jpg,https://d4.by/image/catalog/d4_img/1654214400/1654248316044_16542483068676032489234775113668.jpg,https://d4.by/image/catalog/d4_img/1654214400/1654248305185_16542482978232032842591755716774.jpg,https://d4.by/image/catalog/d4_img/1654214400/1654248295594_16542482868533456605028116143297.jpg,https://d4.by/image/catalog/d4_img/1654214400/1654248284481_16542482745414239798174972163328.jpg,https://d4.by/image/catalog/d4_img/1654214400/1654248272685_1654248263707896854112409831618.jpg,https://d4.by/image/catalog/d4_img/1654214400/1654248262036_16542482485853007540107589843337.jpg"
"262474";"Citroen";"XM";"1994";"Двигатель";"";"дизель";"2.1";"D";"";"";"";"0";"0";"";"";"0";"";"Гарантия на проверку и установку цена без навесного оборудования маркировка не читаеться ";"0";"0";"";"200";"USD";"";"";"";"";"";"https://d4.by/image/catalog/d4_img/1669420800/1669473717372_16694737109613267316925672229585.jpg,https://d4.by/image/catalog/d4_img/1669420800/1669473701657_16694736918508878236560506798115.jpg,https://d4.by/image/catalog/d4_img/1669420800/1669473688142_16694736815554550143091410374906.jpg,https://d4.by/image/catalog/d4_img/1669420800/1669473679421_16694736702887967784216041088386.jpg,https://d4.by/image/catalog/d4_img/1669420800/1669473727202_16694737195378991247325397696529.jpg"
"351491";"Seat";"Ibiza";"2004";"Двигатель";"";"бензин";"1.2";"";"";"";"";"0";"0";"";"";"0";"BMD  ";"Из Бельгии. Гарантия на установку и проверку, цена указана без навесного оборудования ";"0";"0";"";"295";"USD";"";"";"";"";"";"https://d4.by/image/catalog/d4_img/1750204800/1750249152646_17502491483945743392783881744617.jpg,https://d4.by/image/catalog/d4_img/1750204800/1750249147570_17502491420045332834744857377428.jpg,https://d4.by/image/catalog/d4_img/1750204800/1750249175516_17502491700454907157947495650464.jpg,https://d4.by/image/catalog/d4_img/1750204800/1750249169141_17502491645328084092267515538227.jpg,https://d4.by/image/catalog/d4_img/1750204800/1750249181029_17502491764582026687484672019040.jpg,https://d4.by/image/catalog/d4_img/1750204800/1750249159918_17502491535499002849366168770133.jpg"
"240646";"Renault";"Safrane";"1996";"Двигатель";"";"бензин";"2.0";"";"";"";"";"0";"0";"";"";"0";"J7RQ732";"Гарантия на проверку и установку, цена без комплектующих ";"0";"0";"";"225";"USD";"";"";"";"";"";"https://d4.by/image/catalog/d4_img/1654646400/1654699498590_1654699491774802971793367118250.jpg,https://d4.by/image/catalog/d4_img/1654646400/1654699549603_16546995434687964942038236955972.jpg,https://d4.by/image/catalog/d4_img/1654646400/1654699541704_16546995353058315085607695723457.jpg,https://d4.by/image/catalog/d4_img/1654646400/1654699533479_1654699516578395517169418346933.jpg,https://d4.by/image/catalog/d4_img/1654646400/1654699514841_16546995012519092114089653997176.jpg"
"352405";"Volvo";"S40";"2000";"Двигатель";"";"дизель";"1.9";"DTi";"";"";"";"0";"0";"";"";"0";"D4192T2";"Из Бельгии. Гарантия на установку и проверку . Цена указана без навесного оборудования ";"0";"0";"";"450";"USD";"";"";"";"";"";"https://d4.by/image/catalog/d4_img/1750982400/1751013552986_17510135462443242320603323079284.jpg,https://d4.by/image/catalog/d4_img/1750982400/1751013559864_17510135538658492743559322802417.jpg,https://d4.by/image/catalog/d4_img/1750982400/1751013565963_17510135607981644401404866074241.jpg,https://d4.by/image/catalog/d4_img/1750982400/1751013577420_17510135720536967072007190501360.jpg,https://d4.by/image/catalog/d4_img/1750982400/1751013571177_17510135668075088888341247882956.jpg,https://d4.by/image/catalog/d4_img/1750982400/1751013591453_17510135842741523276178064507635.jpg,https://d4.by/image/catalog/d4_img/1750982400/1751013583295_17510135782868260879450241449056.jpg"
"378704_2";"BMW";"3 E46";"2004";"Двигатель";"";"дизель";"3.0";"";"АКПП";"";"";"0";"0";"";"";"0";"M57D2,306D2,7783467A,M57D30TU,M57N";"Из Германии, с леворульного авто (не Англия).  Двигатель M57 (306D2), форсунки Bosch (0445110216) , турбина с вакуумным управлением, задний привод , снимался с авто с пробегом 310.000км. Цена указана за столб, можно комплектом - цену уточняйте.  . Доставка по всей РБ, в РФ транспортными компаниями. Если не доступен звоните/пишите - Viber, WhatsApp, Telegram.";"0";"0";"Запчасть Даника ";"950";"USD";"";"Брест";"+375(29)824-89-27 Viber WhatsApp Telegram";"";"";"https://d4.by/image/catalog/d4_img/1771372800/1771447172138_IMG_0687.jpeg,https://d4.by/image/catalog/d4_img/1771372800/1771447172138_IMG_0686.jpeg,https://d4.by/image/catalog/d4_img/1771372800/1771447172138_IMG_0682.jpeg,https://d4.by/image/catalog/d4_img/1771372800/1771447172138_IMG_0683.jpeg,https://d4.by/image/catalog/d4_img/1771372800/1771447172138_IMG_0679.jpeg,https://d4.by/image/catalog/d4_img/1771372800/1771447172138_IMG_0681.jpeg,https://d4.by/image/catalog/d4_img/1771372800/1771447172138_IMG_0680.jpeg,https://d4.by/image/catalog/d4_img/1771372800/1771447172137_IMG_0678.jpeg"
"378704_3";"BMW";"X5 E53";"2004";"Двигатель";"";"дизель";"3.0";"";"АКПП";"";"";"0";"0";"";"";"0";"M57D2,306D2,7783467A,M57D30TU,M57N";"Из Германии, с леворульного авто (не Англия).  Двигатель M57 (306D2), форсунки Bosch (0445110216) , турбина с вакуумным управлением, задний привод , снимался с авто с пробегом 310.000км. Цена указана за столб, можно комплектом - цену уточняйте.  . Доставка по всей РБ, в РФ транспортными компаниями. Если не доступен звоните/пишите - Viber, WhatsApp, Telegram.";"0";"0";"Запчасть Даника ";"950";"USD";"";"Брест";"+375(29)824-89-27 Viber WhatsApp Telegram";"";"";"https://d4.by/image/catalog/d4_img/1771372800/1771447172138_IMG_0683.jpeg,https://d4.by/image/catalog/d4_img/1771372800/1771447172138_IMG_0682.jpeg,https://d4.by/image/catalog/d4_img/1771372800/1771447172138_IMG_0680.jpeg,https://d4.by/image/catalog/d4_img/1771372800/1771447172138_IMG_0679.jpeg,https://d4.by/image/catalog/d4_img/1771372800/1771447172137_IMG_0678.jpeg,https://d4.by/image/catalog/d4_img/1771372800/1771447172138_IMG_0681.jpeg,https://d4.by/image/catalog/d4_img/1771372800/1771447172138_IMG_0686.jpeg,https://d4.by/image/catalog/d4_img/1771372800/1771447172138_IMG_0687.jpeg"
"378704_1";"BMW";"5 E60/E61";"2004";"Двигатель";"";"дизель";"3.0";"";"АКПП";"";"";"0";"0";"";"";"0";"M57D2,306D2,7783467A,M57D30TU,M57N";"Из Германии, с леворульного авто (не Англия).  Двигатель M57 (306D2), форсунки Bosch (0445110216) , турбина с вакуумным управлением, задний привод , снимался с авто с пробегом 310.000км. Цена указана за столб, можно комплектом - цену уточняйте.  . Доставка по всей РБ, в РФ транспортными компаниями. Если не доступен звоните/пишите - Viber, WhatsApp, Telegram.";"0";"0";"Запчасть Даника ";"950";"USD";"";"Брест";"+375(29)824-89-27 Viber WhatsApp Telegram";"";"";"https://d4.by/image/catalog/d4_img/1771372800/1771447172138_IMG_0686.jpeg,https://d4.by/image/catalog/d4_img/1771372800/1771447172138_IMG_0683.jpeg,https://d4.by/image/catalog/d4_img/1771372800/1771447172138_IMG_0682.jpeg,https://d4.by/image/catalog/d4_img/1771372800/1771447172138_IMG_0680.jpeg,https://d4.by/image/catalog/d4_img/1771372800/1771447172138_IMG_0687.jpeg,https://d4.by/image/catalog/d4_img/1771372800/1771447172138_IMG_0681.jpeg,https://d4.by/image/catalog/d4_img/1771372800/1771447172138_IMG_0679.jpeg,https://d4.by/image/catalog/d4_img/1771372800/1771447172137_IMG_0678.jpeg"
"343715";"Volkswagen";"Bora";"2001";"Двигатель";"";"бензин";"1.6";"";"";"";"";"0";"0";"";"";"0";"BCB";"Из Бельгии. Гарантия на установку и проверку. Цена указана без навесного оборудования ";"0";"0";"";"360";"USD";"";"";"";"";"";"https://d4.by/image/catalog/d4_img/1741910400/1741944241380_17419442367343862581210275384427.jpg,https://d4.by/image/catalog/d4_img/1741910400/1741944235902_17419442305425743088181689669469.jpg,https://d4.by/image/catalog/d4_img/1741910400/1741944247100_17419442422638295729456209176454.jpg,https://d4.by/image/catalog/d4_img/1741910400/1741944253302_1741944248032771208357936587888.jpg,https://d4.by/image/catalog/d4_img/1741910400/1741944229542_17419442207389209407583993441104.jpg,https://d4.by/image/catalog/d4_img/1741910400/1741944264651_17419442566636539498698046856626.jpg,https://d4.by/image/catalog/d4_img/1741910400/1741944219851_17419442149471362343009404558803.jpg"
"327003";"Renault";"Laguna";"2012";"Двигатель";"";"дизель";"1.5";"DCi";"";"";"";"0";"0";"";"";"0";"K9kr846,k9k846";"Из Бельгии, хорошее состояние, гарантия ,цена указана за двигатель без навесного оборудования ,топливная continental ";"0";"0";"";"700";"USD";"";"";"";"";"";"https://d4.by/image/catalog/d4_img/1730160000/1730189346825_17301893213103229669937334526506.jpg,https://d4.by/image/catalog/d4_img/1730160000/1730189299804_17301892955192571836708409834771.jpg,https://d4.by/image/catalog/d4_img/1730160000/1730189320259_17301893159313215583708483354313.jpg,https://d4.by/image/catalog/d4_img/1730160000/1730189314843_17301893114054215941200624598720.jpg,https://d4.by/image/catalog/d4_img/1730160000/1730189310454_17301893060855189422175741705013.jpg,https://d4.by/image/catalog/d4_img/1730160000/1730189305245_17301893006418251473196783083375.jpg"
"289641";"Renault";"Megane";"2011";"Двигатель";"";"дизель";"1.5";"DCi";"";"";"";"0";"0";"";"";"0";"K9kr846";"Из Бельгии гарантия на проверку и установку цена без навесного оборудования ";"0";"0";"";"700";"USD";"";"";"";"";"";"https://d4.by/image/catalog/d4_img/1694736000/1694767442083_16947674360127259702143759830263.jpg,https://d4.by/image/catalog/d4_img/1694736000/1694767434194_16947674280361103095087714932708.jpg,https://d4.by/image/catalog/d4_img/1694736000/1694767425913_16947674198033499286273197115577.jpg,https://d4.by/image/catalog/d4_img/1694736000/1694767418034_16947673982735845479467969243608.jpg"
"312213";"Volkswagen";"Jetta";"2007";"Двигатель";"";"дизель";"1.9";"";"";"";"";"0";"0";"";"";"0";"BRU";"Из Бельгии. Гарантия на установку и проверку  Цена указана без навесного оборудования  Есть маленькая выроботка на распредвала ";"0";"0";"";"360";"USD";"";"";"";"";"";"https://d4.by/image/catalog/d4_img/1715904000/1715946921019_1715946916665453304840432264118.jpg,https://d4.by/image/catalog/d4_img/1715904000/1715947016892_IMG_20240517_143401.jpg,https://d4.by/image/catalog/d4_img/1715904000/1715947016875_IMG_20240517_143351.jpg,https://d4.by/image/catalog/d4_img/1715904000/1715946915790_17159469101901028524717232086699.jpg,https://d4.by/image/catalog/d4_img/1715904000/1715947016863_IMG_20240517_143339.jpg,https://d4.by/image/catalog/d4_img/1715904000/1715946953555_17159469400283290166036777197292.jpg,https://d4.by/image/catalog/d4_img/1715904000/1715946932795_17159469270308051964401718247701.jpg,https://d4.by/image/catalog/d4_img/1715904000/1715946926122_17159469218816847036008434827276.jpg"
"352458";"Ford";"Focus";"2003";"Двигатель";"";"дизель";"1.8";"TDCi";"";"";"";"0";"0";"";"";"0";"FFDA";"Из Бельгии. Гарантия на установку и проверку. Цена указана без навесного оборудования ";"0";"0";"";"290";"USD";"";"";"";"";"";"https://d4.by/image/catalog/d4_img/1750982400/1751026254240_1751026243034368244306650278691.jpg,https://d4.by/image/catalog/d4_img/1750982400/1751026242077_1751026234780307438940357148073.jpg,https://d4.by/image/catalog/d4_img/1750982400/1751026209524_17510262049422809280140137564664.jpg,https://d4.by/image/catalog/d4_img/1750982400/1751026233810_17510262245632760138852080947440.jpg,https://d4.by/image/catalog/d4_img/1750982400/1751026223400_17510262104461611619256715754194.jpg,https://d4.by/image/catalog/d4_img/1750982400/1751026204093_17510261983266533598357089323372.jpg"
"324534";"Volkswagen";"Golf";"2006";"Двигатель";"";"дизель";"1.9";"";"";"";"";"0";"0";"";"";"0";"BRU";"Из Бельгии. Гарантия на установку и проверку. Цена указана без навесного оборудования ";"0";"0";"";"400";"USD";"";"";"";"";"";"https://d4.by/image/catalog/d4_img/1727308800/1727346666339_17273466621714951343833873301447.jpg,https://d4.by/image/catalog/d4_img/1727308800/1727346684222_17273466743407935090889001137400.jpg,https://d4.by/image/catalog/d4_img/1727308800/1727346673465_17273466672584832302893456575214.jpg,https://d4.by/image/catalog/d4_img/1727308800/1727346656062_17273466510879107606120805464776.jpg,https://d4.by/image/catalog/d4_img/1727308800/1727346661349_17273466569338676979591153029916.jpg"
"285379";"Audi";"A6";"2012";"Двигатель";"";"дизель";"3.0";"TDi";"";"";"";"0";"0";"";"";"0";"CLA";"Из Бельгии гарантия на проверку и установку, цена без навесного оборудования. ";"0";"0";"";"2200";"USD";"";"";"";"";"";"https://d4.by/image/catalog/d4_img/1689897600/1689928940611_16899289336622513425094758249020.jpg,https://d4.by/image/catalog/d4_img/1689897600/1689928929482_16899289204053269927326698808451.jpg,https://d4.by/image/catalog/d4_img/1689897600/1689928968609_16899289606284041561851671836561.jpg,https://d4.by/image/catalog/d4_img/1689897600/1689928918552_16899289105388505801937058176469.jpg,https://d4.by/image/catalog/d4_img/1689897600/1689928958608_1689928951823924262619035211429.jpg,https://d4.by/image/catalog/d4_img/1689897600/1689928949801_16899289427841544424658038244325.jpg"
"246971";"Toyota";"iQ";"2011";"Двигатель";"";"бензин";"1.0";"";"АКПП";"";"";"0";"0";"";"";"0";"1KR";"Из Бельгии, гарантия на проверку и установку, цена без комплектующих ";"0";"0";"";"360";"USD";"";"";"";"";"";"https://d4.by/image/catalog/d4_img/1658448000/1658486286650_16584862785024292703144398151598.jpg,https://d4.by/image/catalog/d4_img/1658448000/1658486294717_16584862882924502936274166625293.jpg,https://d4.by/image/catalog/d4_img/1658448000/1658486302597_16584862964965919564379234512688.jpg,https://d4.by/image/catalog/d4_img/1658448000/1658486312653_16584863047298250452916423621846.jpg,https://d4.by/image/catalog/d4_img/1658448000/1658486320798_16584863143883322123996208467475.jpg"
"378475";"Renault";"Megane";"2004";"Двигатель";"";"бензин";"1.6";"";"";"";"";"0";"0";"";"";"0";"K4M760";"Из Бельгии, Гарантия на установку и проверку,  Цена указана без навесного оборудования ";"0";"0";"";"560";"USD";"";"";"";"";"";"https://d4.by/image/catalog/d4_img/1771286400/1771335559388_17713355540801103284476730948529.jpg,https://d4.by/image/catalog/d4_img/1771286400/1771335568461_17713355600825937908439286341991.jpg,https://d4.by/image/catalog/d4_img/1771286400/1771335575989_17713355693527277205808178235970.jpg,https://d4.by/image/catalog/d4_img/1771286400/1771335582245_17713355768358720711998709272972.jpg,https://d4.by/image/catalog/d4_img/1771286400/1771335589444_17713355830618994700567685563739.jpg,https://d4.by/image/catalog/d4_img/1771286400/1771335595449_1771335590277702586045663740481.jpg,https://d4.by/image/catalog/d4_img/1771286400/1771335605604_17713355989716479681740433938491.jpg,https://d4.by/image/catalog/d4_img/1771286400/1771335664187_17713356559098539666462582959753.jpg"
"247271";"Mercedes";"B W245";"2009";"Двигатель";"";"дизель";"2.0";"CDi";"";"";"";"0";"0";"";"";"0";"640941";"Из Бельгии гарантия на проверку и установку цена без навесного оборудования.";"0";"0";"";"190";"USD";"";"";"";"";"";"https://d4.by/image/catalog/d4_img/1658534400/1658573401505_16585733925995411529257643556335.jpg,https://d4.by/image/catalog/d4_img/1658534400/1658573390787_16585733848992933037224964713721.jpg,https://d4.by/image/catalog/d4_img/1658534400/1658573380431_16585733743838981818162104672399.jpg,https://d4.by/image/catalog/d4_img/1658534400/1658573372693_16585733656963353095538699755493.jpg"
"316844";"Renault";"Scenic";"2008";"Двигатель";"";"дизель";"1.9";"";"";"";"";"0";"0";"";"";"0";"f9q818";"Из Бельгии. Гарантия на установку и проверку, Цена указана без навесного оборудования  Бит поддон  (Маркировка не читается)";"0";"0";"";"540";"USD";"";"";"";"";"";"https://d4.by/image/catalog/d4_img/1719878400/1719931216425_17199312104424453050397418910785.jpg,https://d4.by/image/catalog/d4_img/1719878400/1719931256196_17199312489343742627257447790332.jpg,https://d4.by/image/catalog/d4_img/1719878400/1719931243926_17199312264158670415306005898201.jpg,https://d4.by/image/catalog/d4_img/1719878400/1719931208809_17199312002133752965630619199163.jpg,https://d4.by/image/catalog/d4_img/1719878400/1719931199284_17199311939158294369667525671185.jpg,https://d4.by/image/catalog/d4_img/1719878400/1719931193072_17199311865771044455705619493996.jpg,https://d4.by/image/catalog/d4_img/1719878400/1719931185592_17199311779248601701387548183751.jpg"
"340748";"SsangYong";"Rodius";"2007";"Двигатель";"";"дизель";"2.7";"";"";"";"";"0";"0";"";"";"0";"665926";"Из Бельгии. Гарантия на установку и проверку. Цена указана без навесного оборудования ";"0";"0";"";"650";"USD";"";"";"";"";"";"https://d4.by/image/catalog/d4_img/1740355200/1740395609579_17403955934426269604441806360917.jpg,https://d4.by/image/catalog/d4_img/1740355200/1740395592469_1740395588046398008481226682604.jpg,https://d4.by/image/catalog/d4_img/1740355200/1740395587006_17403955825544662479097769153990.jpg,https://d4.by/image/catalog/d4_img/1740355200/1740395581678_17403955769434647357099793057052.jpg,https://d4.by/image/catalog/d4_img/1740355200/1740395576033_17403955676891173710907061755590.jpg,https://d4.by/image/catalog/d4_img/1740355200/1740395566699_17403955613397734564514866217.jpg,https://d4.by/image/catalog/d4_img/1740355200/1740395560359_1740395552545845591491708994640.jpg,https://d4.by/image/catalog/d4_img/1740355200/1740395551627_17403955451962330787711602207972.jpg"
"252842";"Saab";"9-5";"1998";"Двигатель";"";"бензин";"2.3";"Ti";"";"";"";"0";"0";"";"";"0";"";"Не большой дефект коленвала на фото,цена без комплектующих, маркировка не читается ";"0";"0";"";"400";"USD";"";"";"";"";"";"https://d4.by/image/catalog/d4_img/1661990400/1662022335326_16620223286606282542313595768657.jpg,https://d4.by/image/catalog/d4_img/1661990400/1662022344509_16620223371355111321708656892274.jpg,https://d4.by/image/catalog/d4_img/1661990400/1662022352148_16620223462685253367539418883436.jpg,https://d4.by/image/catalog/d4_img/1661990400/1662022359933_16620223539458381186158944775730.jpg,https://d4.by/image/catalog/d4_img/1661990400/1662022367638_16620223617522723979901946851762.jpg"
"296005";"Audi";"A4";"2015";"Двигатель";"";"дизель";"2.0";"TDi";"";"";"";"0";"0";"";"";"0";"DEU";"Из Бельгии гарантия на установку и проверку, цена без навесного оборудования";"0";"0";"";"1470";"USD";"";"";"";"";"";"https://d4.by/image/catalog/d4_img/1698624000/1698671941473_16986719319355845888546933203296.jpg,https://d4.by/image/catalog/d4_img/1698624000/1698671930571_16986719220933487790680044550058.jpg,https://d4.by/image/catalog/d4_img/1698624000/1698671920911_16986719123354239500916686977507.jpg,https://d4.by/image/catalog/d4_img/1698624000/1698671911122_16986719000134284291287484275419.jpg,https://d4.by/image/catalog/d4_img/1698624000/1698671898781_16986718864524956637983325605451.jpg"
"374187";"Peugeot";"208";"2013";"Двигатель";"";"бензин";"1.2";"";"";"";"";"0";"0";"";"";"0";"HM01";"Из Бельгии.  Гарантия на установку и проверку. Цена указана без навесного оборудования.  Бит поддон";"0";"0";"";"1050";"USD";"";"";"";"";"";"https://d4.by/image/catalog/d4_img/1768780800/1768805518395_17688055122411321012226459899892.jpg,https://d4.by/image/catalog/d4_img/1768780800/1768805532922_17688055273568253556245397470329.jpg,https://d4.by/image/catalog/d4_img/1768780800/1768805539752_17688055338105633524274201725817.jpg,https://d4.by/image/catalog/d4_img/1768780800/1768805479315_17688054739126902230338029119704.jpg,https://d4.by/image/catalog/d4_img/1768780800/1768805484142_1768805480019136846168923513284.jpg,https://d4.by/image/catalog/d4_img/1768780800/1768805490026_1768805485055817762375748574942.jpg,https://d4.by/image/catalog/d4_img/1768780800/1768805500284_17688054911001670600146713801419.jpg,https://d4.by/image/catalog/d4_img/1768780800/1768805505880_17688055011064094134392600210989.jpg,https://d4.by/image/catalog/d4_img/1768780800/1768805511420_17688055067983719354281535487770.jpg,https://d4.by/image/catalog/d4_img/1768780800/1768805526459_17688055193421153287250500822572.jpg"
"374182";"Alfa Romeo";"159";"2009";"Двигатель";"";"бензин";"1.8";"";"";"";"";"0";"0";"";"";"0";"939A4000";"Из Бельгии.  Гарантия на установку и проверку.  Цена указана без навесного оборудования ";"0";"0";"";"700";"USD";"";"";"";"";"";"https://d4.by/image/catalog/d4_img/1768780800/1768804513325_17688045078761549295345383973539.jpg,https://d4.by/image/catalog/d4_img/1768780800/1768804579987_17688045731918418930512277581354.jpg,https://d4.by/image/catalog/d4_img/1768780800/1768804571129_17688045629163679110318635979537.jpg,https://d4.by/image/catalog/d4_img/1768780800/1768804528304_17688045234302537439963443556062.jpg,https://d4.by/image/catalog/d4_img/1768780800/1768804522548_17688045141168880564329922397217.jpg,https://d4.by/image/catalog/d4_img/1768780800/1768804562111_17688045552919210619850765213631.jpg,https://d4.by/image/catalog/d4_img/1768780800/1768804552697_17688045442645993610604370398191.jpg,https://d4.by/image/catalog/d4_img/1768780800/1768804543502_17688045344314168462571921807444.jpg,https://d4.by/image/catalog/d4_img/1768780800/1768804533498_17688045291482626076582105411703.jpg"
"290803";"Volvo";"V90";"2017";"Двигатель";"";"бензин";"2.0";"Ti";"АКПП";"";"";"0";"0";"";"";"0";"B4204T29";"Из Бельгии, хорошее состояние, гарантия , отсутствует поддон, цена указана за двигатель без навесного оборудования ";"0";"0";"";"2900";"USD";"";"";"";"";"";"https://d4.by/image/catalog/d4_img/1695859200/1695908241171_16959082380376856447016502198140.jpg,https://d4.by/image/catalog/d4_img/1695859200/1695908253236_16959082484394638221140884793569.jpg,https://d4.by/image/catalog/d4_img/1695859200/1695908226490_16959082235403892076109396239898.jpg,https://d4.by/image/catalog/d4_img/1695859200/1695908231444_16959082281907627224515641676671.jpg,https://d4.by/image/catalog/d4_img/1695859200/1695908236135_16959082329704208665466274792536.jpg,https://d4.by/image/catalog/d4_img/1695859200/1695908246739_16959082428464358825671076366905.jpg"
"324383";"Seat";"Ibiza";"2003";"Двигатель";"";"бензин";"1.4";"";"";"";"";"0";"0";"";"";"0";"BKY";"Из Бельгии. Гарантия на установку и проверку. Цена указана без навесного оборудования ";"0";"0";"";"220";"USD";"";"";"";"";"";"https://d4.by/image/catalog/d4_img/1727049600/1727094817116_17270948130278572115628203209798.jpg,https://d4.by/image/catalog/d4_img/1727049600/1727094827465_17270948180041855111231405559642.jpg,https://d4.by/image/catalog/d4_img/1727049600/1727094812134_17270948073944940088829146593307.jpg,https://d4.by/image/catalog/d4_img/1727049600/1727094801010_17270947966896449420144758009186.jpg,https://d4.by/image/catalog/d4_img/1727049600/1727094806421_17270948018503528039851779600390.jpg,https://d4.by/image/catalog/d4_img/1727049600/1727094795857_17270947910631782821773624334603.jpg"
"313067";"Renault";"Master";"2005";"Двигатель";"";"дизель";"2.5";"";"";"";"";"0";"0";"";"";"0";"G9UA754";"Из Бельгии. Гарантия на установку и проверку Цена указана без навесного оборудования ";"0";"0";"";"1300";"USD";"";"";"";"";"";"https://d4.by/image/catalog/d4_img/1716768000/1716812017267_17168120122295374097808757707221.jpg,https://d4.by/image/catalog/d4_img/1716768000/1716812024604_17168120182886375042164388426495.jpg,https://d4.by/image/catalog/d4_img/1716768000/1716811998973_17168119919996384236708758404913.jpg,https://d4.by/image/catalog/d4_img/1716768000/1716812005290_17168119998895338258283635727616.jpg,https://d4.by/image/catalog/d4_img/1716768000/1716812011187_17168120062041554942491186139487.jpg,https://d4.by/image/catalog/d4_img/1716768000/1716812849448_1716812841894965824473470730398.jpg"
"314874";"Lifan";"Solano";"2010";"Двигатель";"";"бензин";"1.6";"";"";"";"";"0";"0";"";"";"0";"LF481Q3";"Гарантия на установку и проверку  Цена указана без навесного оборудования  Маркировка не читается ";"0";"0";"";"500";"USD";"";"";"";"";"";"https://d4.by/image/catalog/d4_img/1718236800/1718281903331_17182818946282809928810112861502.jpg,https://d4.by/image/catalog/d4_img/1718236800/1718281893255_171828188724880600182397557540.jpg,https://d4.by/image/catalog/d4_img/1718236800/1718281880255_17182818738475188892415257623360.jpg,https://d4.by/image/catalog/d4_img/1718236800/1718281886304_17182818814535934535793376255440.jpg,https://d4.by/image/catalog/d4_img/1718236800/1718281872864_1718281868143264052473411436330.jpg,https://d4.by/image/catalog/d4_img/1718236800/1718281867284_17182818605895383141273475819899.jpg"
"289405";"Kia";"Picanto";"2009";"Двигатель";"";"дизель";"1.1";"";"";"";"";"0";"0";"";"";"0";"d3fa";"Из Бельгии. Гарантия на установку и проверку  Цена указана без навесного оборудования ";"0";"0";"";"200";"USD";"";"";"";"";"";"https://d4.by/image/catalog/d4_img/1694563200/1694603521409_16946035159924214901226462805932.jpg,https://d4.by/image/catalog/d4_img/1694563200/1694603513773_16946035095902351511217972090612.jpg,https://d4.by/image/catalog/d4_img/1694563200/1694603508119_16946035037694401675798438997285.jpg,https://d4.by/image/catalog/d4_img/1694563200/1694603529311_16946035229341190443359913614088.jpg"
"361349";"Kia";"Carnival";"2002";"Двигатель";"";"дизель";"2.9";"";"";"";"";"0";"0";"";"";"0";"J3";"Из Бельгии. Гарантия на установку и проверку.";"0";"0";"";"500";"USD";"";"";"";"";"";"https://d4.by/image/catalog/d4_img/1757462400/1757495661861_17574956568146468259492505979757.jpg,https://d4.by/image/catalog/d4_img/1757462400/1757495670682_1757495662792228046260251485282.jpg,https://d4.by/image/catalog/d4_img/1757462400/1757495655914_17574956515075178755029142197859.jpg,https://d4.by/image/catalog/d4_img/1757462400/1757495676909_17574956715885892082590783977451.jpg,https://d4.by/image/catalog/d4_img/1757462400/1757495689344_17574956792438238765094019057133.jpg,https://d4.by/image/catalog/d4_img/1757462400/1757495643628_17574956389688783370566517108685.jpg,https://d4.by/image/catalog/d4_img/1757462400/1757495650516_17574956445332027775403407979930.jpg,https://d4.by/image/catalog/d4_img/1757462400/1757495638066_17574956315051835537635747350489.jpg"
"314858";"Citroen";"ZX";"1996";"Двигатель";"";"бензин";"1.4";"";"";"";"";"0";"0";"";"";"0";"KDY";"Гарантия на установку и проверку  Цена указана без навесного оборудования ";"0";"0";"";"200";"USD";"";"";"";"";"";"https://d4.by/image/catalog/d4_img/1718236800/1718276930729_1718276925674345848084240319884.jpg,https://d4.by/image/catalog/d4_img/1718236800/1718276917509_17182769114179181448647589075148.jpg,https://d4.by/image/catalog/d4_img/1718236800/1718276924677_17182769183926252582440233617721.jpg,https://d4.by/image/catalog/d4_img/1718236800/1718276936713_17182769317573319282598121724538.jpg,https://d4.by/image/catalog/d4_img/1718236800/1718276943827_17182769378033511544952866916196.jpg"
"343628";"Skoda";"Fabia";"2013";"Двигатель";"";"бензин";"1.2";"TSI";"";"";"";"0";"0";"";"";"0";"CBZD";"Из Бельгии. Гарантия на установку и проверку. Цена указана без навесного оборудования ";"0";"0";"";"850";"USD";"";"";"";"";"";"https://d4.by/image/catalog/d4_img/1741824000/1741866883188_17418668789088728400719411224592.jpg,https://d4.by/image/catalog/d4_img/1741824000/1741866888653_17418668841901039937927103633595.jpg,https://d4.by/image/catalog/d4_img/1741824000/1741866877976_17418668737028356871131572168980.jpg,https://d4.by/image/catalog/d4_img/1741824000/1741866872701_17418668681822726122915828691328.jpg,https://d4.by/image/catalog/d4_img/1741824000/1741866914156_17418669078063101783883764861197.jpg,https://d4.by/image/catalog/d4_img/1741824000/1741866906786_17418669027307622656919948922991.jpg,https://d4.by/image/catalog/d4_img/1741824000/1741866896494_17418668897454656047480111316204.jpg,https://d4.by/image/catalog/d4_img/1741824000/1741866901782_17418668974796446415314769096093.jpg"
"324320";"Peugeot";"407";"2008";"Двигатель";"Bi-turbo";"дизель";"2.2";"";"";"";"";"0";"0";"";"";"0";"4H01";"Из Бельгии. Гарантия на установку и проверку. Цена указана без навесного оборудования ";"0";"0";"";"500";"USD";"";"";"";"";"";"https://d4.by/image/catalog/d4_img/1726876800/1726924286811_17269242767722546230598565123922.jpg,https://d4.by/image/catalog/d4_img/1726876800/1726924270170_17269242655081798925220930430900.jpg,https://d4.by/image/catalog/d4_img/1726876800/1726924264532_17269242583825427622613098658788.jpg,https://d4.by/image/catalog/d4_img/1726876800/1726924275794_17269242711635403319307584921082.jpg,https://d4.by/image/catalog/d4_img/1726876800/1726924315232_17269243029007859254306678073202.jpg,https://d4.by/image/catalog/d4_img/1726876800/1726924296901_17269242877134190588367722673588.jpg,https://d4.by/image/catalog/d4_img/1726876800/1726924301888_17269242982787976110190287665586.jpg"
"281468";"Volvo";"V70";"2005";"Двигатель";"";"дизель";"2.4";"TDi";"";"";"";"0";"0";"";"";"0";"D5244t";"Из Бельгии гарантия на проверку и установку цена без навесного оборудования ";"0";"0";"";"400";"USD";"";"";"";"";"";"https://d4.by/image/catalog/d4_img/1686614400/1686649239556_16866492337321067657942764784557.jpg,https://d4.by/image/catalog/d4_img/1686614400/1686649231576_16866492265523002637241097144018.jpg,https://d4.by/image/catalog/d4_img/1686614400/1686649178464_16866491712876886765750794603654.jpg,https://d4.by/image/catalog/d4_img/1686614400/1686649187442_16866491805717832419185195064377.jpg,https://d4.by/image/catalog/d4_img/1686614400/1686649197276_16866491897798711242692705508008.jpg,https://d4.by/image/catalog/d4_img/1686614400/1686649247358_1686649241533396105502662657945.jpg,https://d4.by/image/catalog/d4_img/1686614400/1686649224435_16866492197287471847496370273890.jpg,https://d4.by/image/catalog/d4_img/1686614400/1686649217725_16866492129653383230735067580159.jpg,https://d4.by/image/catalog/d4_img/1686614400/1686649210950_16866491996203550227584474214171.jpg"
"314843";"Chery";"QQ";"2008";"Двигатель";"";"бензин";"1.1";"";"";"";"";"0";"0";"";"";"0";"sqr472f";" Гарантия на установку и проверку  Цена указана без навесного оборудования ";"0";"0";"";"600";"USD";"";"";"";"";"";"https://d4.by/image/catalog/d4_img/1718236800/1718273712947_17182737005533935991010022568536.jpg,https://d4.by/image/catalog/d4_img/1718236800/1718273699606_17182736940843171683646397845361.jpg,https://d4.by/image/catalog/d4_img/1718236800/1718273693190_17182736881829045318308612122636.jpg,https://d4.by/image/catalog/d4_img/1718236800/1718273687098_17182736824982882252696418557419.jpg,https://d4.by/image/catalog/d4_img/1718236800/1718273681618_1718273677032454697647421344941.jpg,https://d4.by/image/catalog/d4_img/1718236800/1718273676209_17182736705437771156771451690833.jpg"
"330176";"Mercedes";"Vito W638";"1997";"Двигатель";"";"дизель";"2.3";"";"";"";"";"0";"0";"";"";"0";"OM601942";"Гарантия на установку и проверку. Маркировка не читается . Цена указана без навесного оборудования ";"0";"0";"";"950";"USD";"";"";"";"";"";"https://d4.by/image/catalog/d4_img/1732665600/1732706158712_17327061537027449393349757488030.jpg,https://d4.by/image/catalog/d4_img/1732665600/1732706164632_17327061595178163082631666951970.jpg,https://d4.by/image/catalog/d4_img/1732665600/1732706187513_17327061824728210449389335876164.jpg,https://d4.by/image/catalog/d4_img/1732665600/1732706181477_17327061758822492804852252348049.jpg,https://d4.by/image/catalog/d4_img/1732665600/1732706175024_1732706170838883513733046464727.jpg,https://d4.by/image/catalog/d4_img/1732665600/1732706169888_17327061655892110647647935713518.jpg,https://d4.by/image/catalog/d4_img/1732665600/1732706193103_17327061884762815473404232254027.jpg"
"374131";"Renault";"Megane";"2009";"Двигатель";"";"дизель";"1.5";"";"";"";"";"0";"0";"";"";"0";"k9k830";"Из Бельгии.  Гарантия на установку и проверку.  Цена указана без навесного оборудования.  Топливная Delphi";"0";"0";"";"700";"USD";"";"";"";"";"";"https://d4.by/image/catalog/d4_img/1768608000/1768656404513_17686563960032962714866129426976.jpg,https://d4.by/image/catalog/d4_img/1768608000/1768656395275_17686563869553514217772398345520.jpg,https://d4.by/image/catalog/d4_img/1768608000/1768656386080_17686563761859215191872311156090.jpg,https://d4.by/image/catalog/d4_img/1768608000/1768656375373_17686563708185059980911755382747.jpg,https://d4.by/image/catalog/d4_img/1768608000/1768656416376_17686564118657482399969241683569.jpg,https://d4.by/image/catalog/d4_img/1768608000/1768656421637_17686564171866665369879103522051.jpg,https://d4.by/image/catalog/d4_img/1768608000/1768656411099_17686564054356960023775544033480.jpg"
"353517";"Mercedes";"E W211";"2005";"Двигатель";"";"дизель";"2.2";"";"";"";"";"0";"0";"";"";"0";"646961";"Из Бельгии. Гарантия на установку и проверку. Цена указана без навесного оборудования ";"0";"0";"";"1100";"USD";"";"";"";"";"";"https://d4.by/image/catalog/d4_img/1751846400/1751895710319_17518957045331779194227823545562.jpg,https://d4.by/image/catalog/d4_img/1751846400/1751895715787_17518957113268077217288647226227.jpg,https://d4.by/image/catalog/d4_img/1751846400/1751895720923_17518957167482152311627647264171.jpg,https://d4.by/image/catalog/d4_img/1751846400/1751895725719_17518957219201893794087889264928.jpg,https://d4.by/image/catalog/d4_img/1751846400/1751895735923_17518957267465421718077414268139.jpg,https://d4.by/image/catalog/d4_img/1751846400/1751895741858_17518957369997147744657807921829.jpg"
"361314";"Mercedes";"E W211";"2003";"Двигатель";"";"дизель";"2.7";"";"";"";"";"0";"0";"";"";"0";"647961";"Из Бельгии. Гарантия на установку и проверку. Цена указана без навесного оборудования ";"0";"0";"";"1550";"USD";"";"";"";"";"";"https://d4.by/image/catalog/d4_img/1757462400/1757488652343_17574886473038553950777703129898.jpg,https://d4.by/image/catalog/d4_img/1757462400/1757488634201_17574886297877645611652151594482.jpg,https://d4.by/image/catalog/d4_img/1757462400/1757488628934_17574886245546039598444099328309.jpg,https://d4.by/image/catalog/d4_img/1757462400/1757488623671_17574886154788188259538257414660.jpg,https://d4.by/image/catalog/d4_img/1757462400/1757488646434_17574886414001631220071964407351.jpg,https://d4.by/image/catalog/d4_img/1757462400/1757488640522_17574886358991617086500527198054.jpg,https://d4.by/image/catalog/d4_img/1757462400/1757488679871_1757488670969216631411131826331.jpg,https://d4.by/image/catalog/d4_img/1757462400/1757488670065_17574886611714239785866237301579.jpg,https://d4.by/image/catalog/d4_img/1757462400/1757488660252_17574886553323544324448058824804.jpg"
"340674";"Ford";"Focus";"2003";"Двигатель";"";"дизель";"1.8";"TDCi";"";"";"";"0";"0";"";"";"0";"FFDA";"Из Бельгии. Гарантия на установку и проверку. Цена указана без навесного оборудования ";"0";"0";"";"290";"USD";"";"";"";"";"";"https://d4.by/image/catalog/d4_img/1740355200/1740384682156_17403846769493933248975553655699.jpg,https://d4.by/image/catalog/d4_img/1740355200/1740384718614_1740384713145849847667767838466.jpg,https://d4.by/image/catalog/d4_img/1740355200/1740384712079_17403847071025026879162843575340.jpg,https://d4.by/image/catalog/d4_img/1740355200/1740384705502_17403847008487089322333451326157.jpg,https://d4.by/image/catalog/d4_img/1740355200/1740384699988_17403846947283510865664677378271.jpg,https://d4.by/image/catalog/d4_img/1740355200/1740384693305_17403846875342328524498524857614.jpg,https://d4.by/image/catalog/d4_img/1740355200/1740384686682_17403846829724750946184374125366.jpg"
"374098";"Dacia";"Sandero";"2012";"Двигатель";"";"бензин";"1.2";"";"";"";"";"0";"0";"";"";"0";"D4FD740";"Из Бельгии.  Гарантия на установку и проверку . Цена указана без навесного оборудования ";"0";"0";"";"300";"USD";"";"";"";"";"";"https://d4.by/image/catalog/d4_img/1768608000/1768651137654_1768651127819761829032659165670.jpg,https://d4.by/image/catalog/d4_img/1768608000/1768651127092_17686511224001019077913342894879.jpg,https://d4.by/image/catalog/d4_img/1768608000/1768651121531_17686511145127752040305095011334.jpg,https://d4.by/image/catalog/d4_img/1768608000/1768651113415_17686511037318653659016008701529.jpg,https://d4.by/image/catalog/d4_img/1768608000/1768651146604_1768651138483957804556510267309.jpg,https://d4.by/image/catalog/d4_img/1768608000/1768651102922_17686510972701135400662137563780.jpg,https://d4.by/image/catalog/d4_img/1768608000/1768651096495_17686510916317171781991858970546.jpg"
"260352";"Opel";"Corsa";"2017";"Двигатель";"";"бензин";"1.4";"";"";"";"";"0";"0";"";"";"0";"B14xer";"Из Бельгии. Гарантия на установку и проверку Цена без навесного оборудования ";"0";"0";"";"680";"USD";"";"";"";"";"";"https://d4.by/image/catalog/d4_img/1667865600/1667917483110_166791747739569610705196897910.jpg,https://d4.by/image/catalog/d4_img/1667865600/1667917475465_16679174688159031987369921667639.jpg,https://d4.by/image/catalog/d4_img/1667865600/1667917466514_16679174607995412728141525203174.jpg,https://d4.by/image/catalog/d4_img/1667865600/1667917457221_16679174518343175527005225690851.jpg,https://d4.by/image/catalog/d4_img/1667865600/1667917450201_16679174425738471217972225583101.jpg"
"260448";"Mitsubishi";"Fuso Canter";"2001";"Двигатель";"";"дизель";"3.0";"TDi";"";"";"";"0";"0";"";"";"0";"4m42";"Из Бельгии гарантия на проверку и установку цена без навесного оборудования, дефект клапанной крышки.";"0";"0";"";"2000";"USD";"";"";"";"";"";"https://d4.by/image/catalog/d4_img/1667952000/1667987849624_1667987842596108632967104238258.jpg,https://d4.by/image/catalog/d4_img/1667952000/1667987858283_16679878513874236127942505672631.jpg,https://d4.by/image/catalog/d4_img/1667952000/1667987868255_16679878600777715381382785372563.jpg,https://d4.by/image/catalog/d4_img/1667952000/1667987877574_16679878711281302768894656200394.jpg,https://d4.by/image/catalog/d4_img/1667952000/1667987889763_16679878796562453926014618227227.jpg,https://d4.by/image/catalog/d4_img/1667952000/1667987929388_16679879218398230593582060423237.jpg,https://d4.by/image/catalog/d4_img/1667952000/1667987936960_16679879316281472099946944069190.jpg"
"367999";"Dacia";"Sandero";"2012";"Двигатель";"";"бензин";"1.2";"";"";"";"";"0";"0";"";"";"0";"D4F732";"Из Бельгии.  Гарантия на установку и проверку.  Цена указана без навесного оборудования ";"0";"0";"";"400";"USD";"";"";"";"";"";"https://d4.by/image/catalog/d4_img/1763164800/1763212786107_17632127778121620921432913103565.jpg,https://d4.by/image/catalog/d4_img/1763164800/1763212761946_17632127560507032368219990574840.jpg,https://d4.by/image/catalog/d4_img/1763164800/1763212768113_17632127628894871560584695973015.jpg,https://d4.by/image/catalog/d4_img/1763164800/1763212776991_17632127689438430866739331524468.jpg,https://d4.by/image/catalog/d4_img/1763164800/1763212803683_17632127980317916106223329564194.jpg,https://d4.by/image/catalog/d4_img/1763164800/1763212755237_1763212747657855259637243902961.jpg,https://d4.by/image/catalog/d4_img/1763164800/1763212746955_17632127397001516119702496999028.jpg"
"367995";"Dacia";"Duster";"2012";"Двигатель";"";"бензин";"1.6";"";"";"";"";"0";"0";"";"";"0";"K4M696";"Из Бельгии.  Гарантия на установку и проверку.  Цена указана без навесного оборудования ";"0";"0";"";"980";"USD";"";"";"";"";"";"https://d4.by/image/catalog/d4_img/1763164800/1763209930747_17632099253726059696181305980988.jpg,https://d4.by/image/catalog/d4_img/1763164800/1763209924548_17632099197956355136187539084349.jpg,https://d4.by/image/catalog/d4_img/1763164800/1763209918987_17632099111964588741534038582481.jpg,https://d4.by/image/catalog/d4_img/1763164800/1763209909121_17632099037153912915946210165282.jpg,https://d4.by/image/catalog/d4_img/1763164800/1763209902869_17632098983703535958894593045290.jpg,https://d4.by/image/catalog/d4_img/1763164800/1763209897564_1763209891407167847187094059066.jpg"
"367989";"Renault";"Megane";"2004";"Двигатель";"";"бензин";"1.6";"";"";"";"";"0";"0";"";"";"0";"K4M760";"Из Бельгии.  Гарантия на установку и проверку.  Цена указана комплект как на фото ";"0";"0";"";"560";"USD";"";"";"";"";"";"https://d4.by/image/catalog/d4_img/1763164800/1763203140431_17632031322984649062181786049727.jpg,https://d4.by/image/catalog/d4_img/1763164800/1763203131477_17632031258396847893604796189576.jpg,https://d4.by/image/catalog/d4_img/1763164800/1763203119110_17632031141677297837259036015199.jpg,https://d4.by/image/catalog/d4_img/1763164800/1763203113367_17632031052102984040855619440587.jpg,https://d4.by/image/catalog/d4_img/1763164800/1763203124983_17632031199021956237321327092572.jpg,https://d4.by/image/catalog/d4_img/1763164800/1763203104399_17632030996672593382492323332275.jpg,https://d4.by/image/catalog/d4_img/1763164800/1763203098782_17632030893826492621206620829666.jpg,https://d4.by/image/catalog/d4_img/1763164800/1763203088486_1763203080519875064313643043931.jpg"
"290706";"Honda";"Accord";"2009";"Двигатель";"";"дизель";"2.2";"i-DTEC";"";"";"";"0";"0";"";"";"0";"N22b1";"Из Бельгии гарантия на проверку и установку цена без навесного оборудования ";"0";"0";"";"245";"USD";"";"";"";"";"";"https://d4.by/image/catalog/d4_img/1695772800/1695818323437_16958183166016581285784402583827.jpg,https://d4.by/image/catalog/d4_img/1695772800/1695818312032_16958183039692764956985872080198.jpg,https://d4.by/image/catalog/d4_img/1695772800/1695818302309_16958182938397310449630946355422.jpg,https://d4.by/image/catalog/d4_img/1695772800/1695818291652_16958182859874120308492066353321.jpg"
"367983";"Dacia";"Logan";"2013";"Двигатель";"";"бензин";"1.2";"";"";"";"";"0";"0";"";"";"0";"D4F732";"Из Бельгии.  Гарантия на установку и проверку. Цена указана без навесного оборудования ";"0";"0";"";"400";"USD";"";"";"";"";"";"https://d4.by/image/catalog/d4_img/1763164800/1763199731589_17631997251941475309728991811062.jpg,https://d4.by/image/catalog/d4_img/1763164800/1763199760236_17631997551713320551751113660390.jpg,https://d4.by/image/catalog/d4_img/1763164800/1763199765723_17631997610804292616326247321431.jpg,https://d4.by/image/catalog/d4_img/1763164800/1763199771750_1763199766581961809028648159324.jpg,https://d4.by/image/catalog/d4_img/1763164800/1763199782266_17631997725746012066699660058786.jpg,https://d4.by/image/catalog/d4_img/1763164800/1763199754383_17631997488484759651220974666349.jpg,https://d4.by/image/catalog/d4_img/1763164800/1763199747902_17631997380957321188650890649715.jpg,https://d4.by/image/catalog/d4_img/1763164800/1763199737234_17631997324463448492122053917616.jpg"
"361245";"Renault";"Espace";"2006";"Двигатель";"";"дизель";"2.0";"";"";"";"";"0";"0";"";"";"0";"m9r760";"Из Бельгии. Гарантия на установку и проверку. Цена указана без навесного оборудования ";"0";"0";"";"760";"USD";"";"";"";"";"";"https://d4.by/image/catalog/d4_img/1757376000/1757426514039_17574265082402601416933952317827.jpg,https://d4.by/image/catalog/d4_img/1757376000/1757426543719_1757426539046345141196401807115.jpg,https://d4.by/image/catalog/d4_img/1757376000/1757426550068_17574265448501930030132236866578.jpg,https://d4.by/image/catalog/d4_img/1757376000/1757426538116_17574265313346548365324299317180.jpg,https://d4.by/image/catalog/d4_img/1757376000/1757426530463_17574265251234112537797258988797.jpg,https://d4.by/image/catalog/d4_img/1757376000/1757426524226_17574265201451956504283474658777.jpg,https://d4.by/image/catalog/d4_img/1757376000/1757426519286_17574265150105509542614955737355.jpg"
"367976";"Renault";"Megane";"2000";"Двигатель";"";"дизель";"1.9";"DTi";"";"";"";"0";"0";"";"";"0";"F9Q744";"Из Бельгии.  Гарантия на установку и проверку. Цена указана без навесного оборудования ";"0";"0";"";"480";"USD";"";"";"";"";"";"https://d4.by/image/catalog/d4_img/1763164800/1763197199774_17631971928777507785527061781563.jpg,https://d4.by/image/catalog/d4_img/1763164800/1763197192013_17631971866182485431549318281239.jpg,https://d4.by/image/catalog/d4_img/1763164800/1763197168143_17631971614136569949946743019602.jpg,https://d4.by/image/catalog/d4_img/1763164800/1763197185803_17631971751569022707380117952347.jpg,https://d4.by/image/catalog/d4_img/1763164800/1763197174350_17631971689542930232153754224829.jpg,https://d4.by/image/catalog/d4_img/1763164800/1763197209271_17631972007371734240390696204635.jpg,https://d4.by/image/catalog/d4_img/1763164800/1763197160677_17631971521698343793897148913538.jpg"
"361232";"Dacia";"Logan";"2014";"Двигатель";"";"бензин";"1.2";"";"";"";"";"0";"0";"";"";"0";"D4F732";"Из Бельгии. Гарантия на установку и проверку. Цена указана без навесного оборудования ";"0";"0";"";"400";"USD";"";"";"";"";"";"https://d4.by/image/catalog/d4_img/1757376000/1757423527964_17574235238646666306783269483554.jpg,https://d4.by/image/catalog/d4_img/1757376000/1757423522997_17574235170771541810717263346064.jpg,https://d4.by/image/catalog/d4_img/1757376000/1757423505653_17574234988024661282507814963763.jpg,https://d4.by/image/catalog/d4_img/1757376000/1757423516092_17574235115817959209056871980363.jpg,https://d4.by/image/catalog/d4_img/1757376000/1757423510707_17574235065796395924722891810496.jpg,https://d4.by/image/catalog/d4_img/1757376000/1757423497991_17574234940307835220313932573404.jpg,https://d4.by/image/catalog/d4_img/1757376000/1757423493170_17574234873662339775193683631248.jpg"
"374061";"Renault";"Clio";"2009";"Двигатель";"";"дизель";"1.5";"";"";"";"";"0";"0";"";"";"0";"k9ke892, k9k892";"Из Бельгии.  Гарантия на установку и проверку . Цена указана без навесного оборудования ";"0";"0";"";"600";"USD";"";"";"";"";"";"https://d4.by/image/catalog/d4_img/1768608000/1768644632263_17686446282164028022234252154115.jpg,https://d4.by/image/catalog/d4_img/1768608000/1768644627424_1768644619615275805416914475638.jpg,https://d4.by/image/catalog/d4_img/1768608000/1768644652269_17686446471045642270440850305625.jpg,https://d4.by/image/catalog/d4_img/1768608000/1768644646306_17686446403962228816863624770633.jpg,https://d4.by/image/catalog/d4_img/1768608000/1768644639642_1768644633205469782809288713001.jpg,https://d4.by/image/catalog/d4_img/1768608000/1768644667552_17686446601974324606549834622231.jpg,https://d4.by/image/catalog/d4_img/1768608000/1768644659183_1768644653040539328766558600544.jpg"
"174359";"Peugeot";"108";"2015";"Двигатель";"";"бензин";"1.0";"";"";"";"";"0";"0";"";"";"0";"1kr";"Из Бельгии, не большой пробег, цена за столбик ";"0";"0";"";"315";"USD";"";"";"";"";"";"https://d4.by/image/catalog/img/1802202108_16136382772742402664897493796288.jpg,https://d4.by/image/catalog/img/1802202108_1613638258320616306349082241976.jpg"
"361209";"Dacia";"Logan";"2007";"Двигатель";"";"дизель";"1.5";"";"";"";"";"0";"0";"";"";"0";"K9K796";"Из Бельгии. Гарантия на установку и проверку, Цена указана без навесного оборудования ";"0";"0";"";"800";"USD";"";"";"";"";"";"https://d4.by/image/catalog/d4_img/1757376000/1757418887658_17574188822041664227340951717995.jpg,https://d4.by/image/catalog/d4_img/1757376000/1757418880180_17574188724428684787996820359144.jpg,https://d4.by/image/catalog/d4_img/1757376000/1757418866725_17574188623527333275776817203613.jpg,https://d4.by/image/catalog/d4_img/1757376000/1757418871558_17574188676008629297382828605169.jpg,https://d4.by/image/catalog/d4_img/1757376000/1757418861391_17574188550086168948334463581774.jpg,https://d4.by/image/catalog/d4_img/1757376000/1757418854159_17574188501556249186705016977561.jpg,https://d4.by/image/catalog/d4_img/1757376000/1757418849308_17574188443871319425307432376918.jpg"
"324197";"Fiat";"Punto";"2002";"Двигатель";"";"бензин";"1.2";"";"";"";"";"0";"0";"";"";"0";"188a4000";"Из Бельгии. Гарантия на установку и проверку. Цена указана без навесного оборудования. Под кондиционер  маркировка плохо видна";"0";"0";"Заметка: Маркировка одна , моторы разные , перед продажей сравнить со старым , разница по клаппаной крышке";"300";"USD";"";"";"";"";"";"https://d4.by/image/catalog/d4_img/1726790400/1726820018458_17268200119994615538124962359005.jpg,https://d4.by/image/catalog/d4_img/1726790400/1726820023858_17268200193783503279189521187543.jpg,https://d4.by/image/catalog/d4_img/1726790400/1726820044399_17268200357735309572203282252192.jpg,https://d4.by/image/catalog/d4_img/1726790400/1726820034838_17268200303104549114411226304023.jpg,https://d4.by/image/catalog/d4_img/1726790400/1726820029394_17268200247854931510647066141437.jpg"
"366522_3";"BMW";"X5 E53";"2004";"Двигатель";"530d";"дизель";"3.0";"D";"АКПП";"";"";"0";"0";"";"";"0";"M57D2,7783467A,M57D30TU,M57N";"Из Бельгии, с леворульного авто (не Англия). Двигатель M57 (306D2), форсунки Bosch (0445110131) , турбина с вакуумным управлением, снимался с авто с пробегом 290.000км. Цена указана за столб, можно комплектом - цену уточняйте. Доставка по всей РБ, в РФ транспортными компаниями. Если не доступен звонить/пишите - Viber, WhatsApp, Telegram.";"0";"0";"Запчасть Захара";"950";"USD";"";"Брест";"+375(29)824-89-27 Viber WhatsApp Telegram";"";"";"https://d4.by/image/catalog/d4_img/1762128000/1762189200941_photo_2025-11-03_19-57-46.jpg,https://d4.by/image/catalog/d4_img/1762128000/1762189200940_photo_2025-11-03_19-57-44.jpg,https://d4.by/image/catalog/d4_img/1762128000/1762189200939_photo_2025-11-03_19-57-42.jpg,https://d4.by/image/catalog/d4_img/1762128000/1762189200938_photo_2025-11-03_19-57-41.jpg,https://d4.by/image/catalog/d4_img/1762128000/1762189200935_photo_2025-11-03_19-57-37.jpg,https://d4.by/image/catalog/d4_img/1762128000/1762189200937_photo_2025-11-03_19-57-39.jpg,https://d4.by/image/catalog/d4_img/1762128000/1762189200942_photo_2025-11-03_19-57-47.jpg,https://d4.by/image/catalog/d4_img/1762128000/1762189200933_photo_2025-10-21_18-48-25.jpg"
"345571";"Skoda";"Fabia";"2004";"Двигатель";"";"бензин";"1.2";"";"";"";"";"0";"0";"";"";"0";"AWY";"Из Бельгии. Гарантия на установку и проверку. Цена указана без навесного оборудования ";"0";"0";"";"350";"USD";"";"";"";"";"";"https://d4.by/image/catalog/d4_img/1743465600/1743490256373_17434902508384894912644014311919.jpg,https://d4.by/image/catalog/d4_img/1743465600/1743490262219_17434902572646786426998940467247.jpg,https://d4.by/image/catalog/d4_img/1743465600/1743490250018_17434902455927967743651594520401.jpg,https://d4.by/image/catalog/d4_img/1743465600/1743490227107_1743490219209632110832337199203.jpg,https://d4.by/image/catalog/d4_img/1743465600/1743490244690_17434902336948151039207454571110.jpg,https://d4.by/image/catalog/d4_img/1743465600/1743490232780_17434902279231879767525482333570.jpg,https://d4.by/image/catalog/d4_img/1743465600/1743490267582_17434902630261178344703039409956.jpg,https://d4.by/image/catalog/d4_img/1743465600/1743490273133_17434902684397132705115828313580.jpg"
"321126";"Opel";"Vectra";"2002";"Двигатель";"";"бензин";"1.8";"";"";"";"";"0";"0";"";"";"0";"Z18XEL";"Из Бельгии. Гарантия на установку и проверку  Цена указана без навесного оборудования ";"0";"0";"";"600";"USD";"";"";"";"";"";"https://d4.by/image/catalog/d4_img/1724025600/1724059389424_17240593820073237426596226180472.jpg,https://d4.by/image/catalog/d4_img/1724025600/1724059381006_17240593761353656177530771448807.jpg,https://d4.by/image/catalog/d4_img/1724025600/1724059375221_1724059369991610906618725938741.jpg,https://d4.by/image/catalog/d4_img/1724025600/1724059368957_17240593616815805211474313887377.jpg,https://d4.by/image/catalog/d4_img/1724025600/1724059360791_17240593565176534140842514499698.jpg,https://d4.by/image/catalog/d4_img/1724025600/1724059355682_17240593513426108633767032004131.jpg"
"367855_2";"Peugeot";"5008";"2021";"Двигатель";"";"бензин";"1.2";"Ti";"";"";"";"0";"0";"";"";"0";"HN05";"Из Бельгии.  Гарантия на установку и проверку.  Цена указана без навесного оборудования ";"0";"0";"";"1450";"USD";"";"";"";"";"";"https://d4.by/image/catalog/d4_img/1763078400/1763111494754_17631114882628126174598644310684.jpg,https://d4.by/image/catalog/d4_img/1763078400/1763111525256_17631115171464035868136307253570.jpg,https://d4.by/image/catalog/d4_img/1763078400/1763111516190_1763111508231920180837865821646.jpg,https://d4.by/image/catalog/d4_img/1763078400/1763111480901_1763111475316501316028438545943.jpg,https://d4.by/image/catalog/d4_img/1763078400/1763111487412_176311148180644964222141273972.jpg,https://d4.by/image/catalog/d4_img/1763078400/1763111501500_17631114955722698340779167305905.jpg,https://d4.by/image/catalog/d4_img/1763078400/1763111474475_17631114687652298742562824036192.jpg,https://d4.by/image/catalog/d4_img/1763078400/1763111507354_17631115023047842412484323784798.jpg"
"367855_1";"Peugeot";"3008";"2021";"Двигатель";"";"бензин";"1.2";"Ti";"";"";"";"0";"0";"";"";"0";"HN05";"Из Бельгии.  Гарантия на установку и проверку.  Цена указана без навесного оборудования ";"0";"0";"";"1450";"USD";"";"";"";"";"";"https://d4.by/image/catalog/d4_img/1763078400/1763111474475_17631114687652298742562824036192.jpg,https://d4.by/image/catalog/d4_img/1763078400/1763111494754_17631114882628126174598644310684.jpg,https://d4.by/image/catalog/d4_img/1763078400/1763111487412_176311148180644964222141273972.jpg,https://d4.by/image/catalog/d4_img/1763078400/1763111480901_1763111475316501316028438545943.jpg,https://d4.by/image/catalog/d4_img/1763078400/1763111525256_17631115171464035868136307253570.jpg,https://d4.by/image/catalog/d4_img/1763078400/1763111516190_1763111508231920180837865821646.jpg,https://d4.by/image/catalog/d4_img/1763078400/1763111507354_17631115023047842412484323784798.jpg,https://d4.by/image/catalog/d4_img/1763078400/1763111501500_17631114955722698340779167305905.jpg"
"373982";"Dacia";"Sandero";"2010";"Двигатель";"";"бензин";"1.2";"";"";"";"";"0";"0";"";"";"0";"D4f732,D4ff732";"Из Бельгии. Гарантия на установку и проверку . Цена указана без навесного оборудования ";"0";"0";"";"400";"USD";"";"";"";"";"";"https://d4.by/image/catalog/d4_img/1768521600/1768575211152_17685751936096719811223366459952.jpg,https://d4.by/image/catalog/d4_img/1768521600/1768575192719_17685751839396660379889607918766.jpg,https://d4.by/image/catalog/d4_img/1768521600/1768575165559_17685751615871256013672251447603.jpg,https://d4.by/image/catalog/d4_img/1768521600/1768575160863_17685751561628284523883016922352.jpg,https://d4.by/image/catalog/d4_img/1768521600/1768575155391_17685751492522073416242665108362.jpg,https://d4.by/image/catalog/d4_img/1768521600/1768575183043_17685751768788210105313234013829.jpg,https://d4.by/image/catalog/d4_img/1768521600/1768575175992_17685751714082037178258545053109.jpg,https://d4.by/image/catalog/d4_img/1768521600/1768575170616_17685751664883575623788449071441.jpg"
"282473";"BMW";"7 G11/G12";"2018";"Двигатель";"";"дизель";"3.0";"TDi";"";"";"";"0";"0";"";"";"0";"B57d30a";"Полный привод, цена без навесного оборудования, гарантия на проверку и установку нет клапанной крышки";"0";"0";"";"2450";"USD";"";"";"";"";"";"https://d4.by/image/catalog/d4_img/1687219200/1687264396707_16872643789278959949107581365832.jpg,https://d4.by/image/catalog/d4_img/1687219200/1687264376427_16872643600342273773455073567016.jpg,https://d4.by/image/catalog/d4_img/1687219200/1687264405780_16872643989473953042712239469053.jpg,https://d4.by/image/catalog/d4_img/1687219200/1687264415385_16872644077957133461734144533820.jpg,https://d4.by/image/catalog/d4_img/1687219200/1687264440219_16872644329705615885414014985028.jpg,https://d4.by/image/catalog/d4_img/1687219200/1687264449143_16872644425227293191268126985032.jpg,https://d4.by/image/catalog/d4_img/1687219200/1687264430479_16872644178006000311869642375002.jpg"
"308584";"Chevrolet";"Cruze";"2008";"Двигатель";"";"дизель";"2.0";"";"";"";"";"0";"0";"";"";"0";"Z20s1";"Из Бельгии. Гарантия на установку и проверку Цена указана без навесного оборудования ";"0";"0";"";"200";"USD";"";"";"";"";"";"https://d4.by/image/catalog/d4_img/1712534400/1712579950853_17125799461925352276182776411284.jpg,https://d4.by/image/catalog/d4_img/1712534400/1712579945185_17125799396741386099196641130210.jpg,https://d4.by/image/catalog/d4_img/1712534400/1712579973179_17125799671435211618392658067698.jpg,https://d4.by/image/catalog/d4_img/1712534400/1712579966127_1712579960542736196779791497115.jpg,https://d4.by/image/catalog/d4_img/1712534400/1712579959356_17125799518076324821314644240296.jpg"
"298711";"Volkswagen";"Polo";"2004";"Двигатель";"";"бензин";"1.2";"";"";"";"";"0";"0";"";"";"0";"AWY";"Из Бельгии. Гарантия на установку и проверку   Цена указана без навесного оборудования ";"0";"0";"";"350";"USD";"";"";"";"";"";"https://d4.by/image/catalog/d4_img/1701043200/1701095867185_1701095860064510775709949471856.jpg,https://d4.by/image/catalog/d4_img/1701043200/1701095872814_1701095868118265846055267002348.jpg,https://d4.by/image/catalog/d4_img/1701043200/1701095859247_17010958542864903236768323987088.jpg,https://d4.by/image/catalog/d4_img/1701043200/1701095881766_17010958757295064803908640513679.jpg"
"287598";"Renault";"Espace";"2007";"Двигатель";"";"дизель";"2.0";"DCi";"";"";"";"0";"0";"";"";"0";"M9rc760";"Гарантия на проверку и установку, дефект двух поддонов ( треснут ) цена без навесного оборудования";"0";"0";"";"500";"USD";"";"";"";"";"";"https://d4.by/image/catalog/d4_img/1691452800/1691485734619_16914857263782164041102650103911.jpg,https://d4.by/image/catalog/d4_img/1691452800/1691485723890_16914857140178493348767362552164.jpg,https://d4.by/image/catalog/d4_img/1691452800/1691485711035_16914857020695815856435940484897.jpg,https://d4.by/image/catalog/d4_img/1691452800/1691485700406_16914856894238798317363456574398.jpg,https://d4.by/image/catalog/d4_img/1691452800/1691485687573_16914856752677028826947304220671.jpg,https://d4.by/image/catalog/d4_img/1691452800/1691486037974_16914860274427019247414519638608.jpg,https://d4.by/image/catalog/d4_img/1691452800/1691486048679_16914860399484340092029471418972.jpg,https://d4.by/image/catalog/d4_img/1691452800/1691486059728_16914860505486637009098633234951.jpg,https://d4.by/image/catalog/d4_img/1691452800/1691486067892_16914860615976017633576103335378.jpg"
"320637";"Renault";"Laguna";"2008";"Двигатель";"";"дизель";"2.0";"";"";"";"";"0";"0";"";"";"0";"M9R802";"Из Бельгии. Гарантия на установку и проверку, Цена указана без навесного оборудования ";"0";"0";"";"650";"USD";"";"";"";"";"";"https://d4.by/image/catalog/d4_img/1723420800/1723472286440_17234722806726928115107200268481.jpg,https://d4.by/image/catalog/d4_img/1723420800/1723472342270_17234723332035017943760475096421.jpg,https://d4.by/image/catalog/d4_img/1723420800/1723472320654_17234723126051647141537539961769.jpg,https://d4.by/image/catalog/d4_img/1723420800/1723472308969_17234723040032449345115701676231.jpg,https://d4.by/image/catalog/d4_img/1723420800/1723472301991_17234722961583532624727273214105.jpg,https://d4.by/image/catalog/d4_img/1723420800/1723472291967_17234722872977346658335188683486.jpg"
"353020";"Renault";"Master";"2005";"Двигатель";"";"дизель";"2.5";"";"";"";"";"0";"0";"";"";"0";"G9u754";"Из Бельгии. Гарантия на установку и проверку, Цена указана без навесного оборудования ";"0";"0";"";"1300";"USD";"";"";"";"";"";"https://d4.by/image/catalog/d4_img/1751414400/1751453458971_17514534526758877967256434932327.jpg,https://d4.by/image/catalog/d4_img/1751414400/1751453428009_1751453421436233987427484372792.jpg,https://d4.by/image/catalog/d4_img/1751414400/1751453438492_17514534287997823430043381572582.jpg,https://d4.by/image/catalog/d4_img/1751414400/1751453451830_17514534463622071990340377142790.jpg,https://d4.by/image/catalog/d4_img/1751414400/1751453445434_17514534393693607477169277713288.jpg,https://d4.by/image/catalog/d4_img/1751414400/1751453464038_17514534598699123930731568814443.jpg"
"328581";"Fiat";"Ducato";"2022";"Двигатель";"";"дизель";"2.2";"";"АКПП";"";"";"0";"0";"";"";"0";"PV32A02,,c02500b1,2505608";"Из Бельгии. Гарантия на установку и проверку . Цена указана без навесного оборудования. С текстового авто . Пробег 5 км";"0";"0";"";"8400";"USD";"";"";"";"";"";"https://d4.by/image/catalog/d4_img/1731456000/1731486125202_17314861210547440221974359591446.jpg,https://d4.by/image/catalog/d4_img/1731456000/1731486139587_17314861337602038080794963117509.jpg,https://d4.by/image/catalog/d4_img/1731456000/1731486120068_17314861156974439517181919945319.jpg,https://d4.by/image/catalog/d4_img/1731456000/1731486114776_17314861099146295693010858623329.jpg,https://d4.by/image/catalog/d4_img/1731456000/1731486097614_1731486093128477246033316146749.jpg,https://d4.by/image/catalog/d4_img/1731456000/1731486103084_17314860986205903804267070527015.jpg,https://d4.by/image/catalog/d4_img/1731456000/1731486109035_17314861040168492806578221045656.jpg,https://d4.by/image/catalog/d4_img/1731456000/1731486086617_17314860816753467317942478968284.jpg,https://d4.by/image/catalog/d4_img/1731456000/1731486131998_17314861261598525693924872496109.jpg,https://d4.by/image/catalog/d4_img/1731456000/1731486092288_17314860874491617027956209425510.jpg"
"345474";"Volvo";"V70";"2006";"Двигатель";"";"дизель";"2.4";"";"";"";"";"0";"0";"";"";"0";"D5244t";"Из Бельгии. Гарантия на установку и проверку. Цена указана без навесного оборудования ";"0";"0";"";"470";"USD";"";"";"";"";"";"https://d4.by/image/catalog/d4_img/1743379200/1743402674295_17434026587306276603119635423125.jpg,https://d4.by/image/catalog/d4_img/1743379200/1743402657625_17434026518535961618892267673366.jpg,https://d4.by/image/catalog/d4_img/1743379200/1743402651025_17434026426031369756934670222864.jpg,https://d4.by/image/catalog/d4_img/1743379200/1743402681066_17434026758341098533973782992962.jpg,https://d4.by/image/catalog/d4_img/1743379200/1743402717325_17434027102978048540024540404921.jpg,https://d4.by/image/catalog/d4_img/1743379200/1743402709269_17434026993943768103676986325562.jpg,https://d4.by/image/catalog/d4_img/1743379200/1743402698549_17434026943321350879490068603252.jpg,https://d4.by/image/catalog/d4_img/1743379200/1743402693449_17434026881354033238794502591438.jpg,https://d4.by/image/catalog/d4_img/1743379200/1743402687220_17434026818837426606827028624995.jpg"
"360847";"Volkswagen";"Sharan";"2005";"Двигатель";"";"дизель";"1.9";"";"";"";"";"0";"0";"";"";"0";"BVK";"Из Бельгии. Гарантия на установку и проверку. Цена указана без навесного оборудования, Дефект клапанной крышки ";"0";"0";"";"290";"USD";"";"";"";"";"";"https://d4.by/image/catalog/d4_img/1757116800/1757148246336_17571482392497031181497298639087.jpg,https://d4.by/image/catalog/d4_img/1757116800/1757148222459_17571482177825405442203159147366.jpg,https://d4.by/image/catalog/d4_img/1757116800/1757148232972_1757148223410880984388069891752.jpg,https://d4.by/image/catalog/d4_img/1757116800/1757148197691_17571481933081424809532369403693.jpg,https://d4.by/image/catalog/d4_img/1757116800/1757148192377_17571481870545930190878541281095.jpg,https://d4.by/image/catalog/d4_img/1757116800/1757148202511_17571481985185173089030294692595.jpg,https://d4.by/image/catalog/d4_img/1757116800/1757148216816_17571482033898344983814539680764.jpg,https://d4.by/image/catalog/d4_img/1757116800/1757148238251_1757148233901543675504274301041.jpg"
"343835";"Audi";"A3";"1999";"Двигатель";"";"бензин";"1.6";"";"";"";"";"0";"0";"";"";"0";"APF";"Из Бельгии. Гарантия на установку и проверку. Цена указана без навесного оборудования ";"0";"0";"";"290";"USD";"";"";"";"";"";"https://d4.by/image/catalog/d4_img/1741996800/1742035786585_17420357826247118933072653975527.jpg,https://d4.by/image/catalog/d4_img/1741996800/1742035781736_17420357748542153538312798098282.jpg,https://d4.by/image/catalog/d4_img/1741996800/1742035752921_1742035748654190446274420165217.jpg,https://d4.by/image/catalog/d4_img/1741996800/1742035747862_17420357427894410394410868540118.jpg,https://d4.by/image/catalog/d4_img/1741996800/1742035773806_17420357691387237008025095220602.jpg,https://d4.by/image/catalog/d4_img/1741996800/1742035768276_17420357641251578064749341464028.jpg,https://d4.by/image/catalog/d4_img/1741996800/1742035758011_17420357537454829378760995873899.jpg,https://d4.by/image/catalog/d4_img/1741996800/1742035763203_1742035758899451535587020501789.jpg"
"320756";"Renault";"Espace";"2000";"Двигатель";"";"бензин";"3.0";"";"";"";"";"0";"0";"";"";"0";"L7XC";"Из Бельгии. Гарантия на установку и проверку. Цена указана без навесного оборудования ";"0";"0";"";"280";"USD";"";"";"";"";"";"https://d4.by/image/catalog/d4_img/1723593600/1723629408808_17236294042964465083769127001459.jpg,https://d4.by/image/catalog/d4_img/1723593600/1723629403325_17236293988023908107478963312384.jpg,https://d4.by/image/catalog/d4_img/1723593600/1723629397788_17236293906561727037758014129766.jpg,https://d4.by/image/catalog/d4_img/1723593600/1723629389787_17236293856944361662125866642543.jpg,https://d4.by/image/catalog/d4_img/1723593600/1723629384796_1723629376843724194689298632460.jpg,https://d4.by/image/catalog/d4_img/1723593600/1723629375809_17236293676302776818557372608511.jpg"
"326600";"Fiat";"Ducato";"2022";"Двигатель";"";"дизель";"2.2";"";"АКПП";"";"";"0";"0";"";"";"0";"PV32A02,c022500b1,2505594";"Из Бельгии. Гарантия на установку и проверку. Цена указана без навесного оборудования . Пробег 1000км. дефект клапаной крышки";"0";"0";"";"8100";"USD";"";"";"";"";"";"https://d4.by/image/catalog/d4_img/1729814400/1729838378528_17298383729427735335269550300171.jpg,https://d4.by/image/catalog/d4_img/1729814400/1729838417374_17298384115882616626381646951280.jpg,https://d4.by/image/catalog/d4_img/1729814400/1729838488948_17298384840573557472788017687874.jpg,https://d4.by/image/catalog/d4_img/1729814400/1729838504754_17298384900343982529354016508008.jpg,https://d4.by/image/catalog/d4_img/1729814400/1729838512387_17298385066205980829825971852486.jpg,https://d4.by/image/catalog/d4_img/1729814400/1729838366016_17298383598297550536642392509177.jpg,https://d4.by/image/catalog/d4_img/1729814400/1729838372122_17298383668612914779348820110285.jpg,https://d4.by/image/catalog/d4_img/1729814400/1729838422956_17298384182625380807250662839427.jpg,https://d4.by/image/catalog/d4_img/1729814400/1729838428628_17298384238335153295564292108133.jpg,https://d4.by/image/catalog/d4_img/1729814400/1729838438143_17298384296217034041665048503416.jpg,https://d4.by/image/catalog/d4_img/1729814400/1729838443864_17298384390651686574956562438066.jpg,https://d4.by/image/catalog/d4_img/1729814400/1729842251400_17298422464187901692006617328811.jpg,https://d4.by/image/catalog/d4_img/1729814400/1729842257286_17298422523327476250131023440370.jpg,https://d4.by/image/catalog/d4_img/1729814400/1729842264934_17298422588475697849389331495086.jpg,https://d4.by/image/catalog/d4_img/1729814400/1729838475843_17298384704062253613672533451486.jpg,https://d4.by/image/catalog/d4_img/1729814400/1729838469434_17298384652242169354361239728188.jpg,https://d4.by/image/catalog/d4_img/1729814400/1729838464015_17298384558235664390133854233721.jpg,https://d4.by/image/catalog/d4_img/1729814400/1729838454831_17298384453356191383195142081439.jpg,https://d4.by/image/catalog/d4_img/1729814400/1729838483065_17298384778574452471606728335758.jpg"
"307971";"Opel";"Vectra";"2003";"Двигатель";"";"бензин";"3.2";"";"";"";"";"0";"0";"";"";"0";"Z32xe";"Из Бельгии. Гарантия на установку и проверку Цена указана без навесного оборудования ";"0";"0";"";"700";"USD";"";"";"";"";"";"https://d4.by/image/catalog/d4_img/1712016000/1712062290652_17120622819483941023658219613572.jpg,https://d4.by/image/catalog/d4_img/1712016000/1712062280885_17120622762223304081907533418197.jpg,https://d4.by/image/catalog/d4_img/1712016000/1712062275259_17120622706775677497963002237973.jpg,https://d4.by/image/catalog/d4_img/1712016000/1712062269614_17120622633012180408756244362334.jpg"
"302612";"Hyundai";"Sonata";"1998";"Двигатель";"";"бензин";"2.0";"";"";"";"";"0";"0";"";"";"0";"G4cp";"Гарантия на установку и проверку цена без навесного оборудования, погнут поддон.8 клапанов";"0";"0";"";"340";"USD";"";"";"";"";"";"https://d4.by/image/catalog/d4_img/1705104000/1705152591495_17051525758832080537724950014193.jpg,https://d4.by/image/catalog/d4_img/1705104000/1705152574648_1705152567120639240930631904553.jpg,https://d4.by/image/catalog/d4_img/1705104000/1705152566022_1705152554647778497058667382180.jpg,https://d4.by/image/catalog/d4_img/1705104000/1705152553567_17051525473665106083209483779197.jpg,https://d4.by/image/catalog/d4_img/1705104000/1705152546227_17051525352415743272319729115543.jpg"
"307943";"Chevrolet";"Epica";"2007";"Двигатель";"";"дизель";"2.0";"";"";"";"";"0";"0";"";"";"0";"Z20s1";"Из Бельгии. Гарантия на установку и проверку Цена указана без навесного оборудования Маркировка не читается ";"0";"0";"";"200";"USD";"";"";"";"";"";"https://d4.by/image/catalog/d4_img/1712016000/1712049171167_17120491629074787341854746636938.jpg,https://d4.by/image/catalog/d4_img/1712016000/1712049161903_17120491572827274678445948386129.jpg,https://d4.by/image/catalog/d4_img/1712016000/1712049156258_17120491521536239248875076161753.jpg,https://d4.by/image/catalog/d4_img/1712016000/1712049151223_17120491468365473620542321534367.jpg,https://d4.by/image/catalog/d4_img/1712016000/1712049145877_17120491391087835770881054999538.jpg"
"302641";"Mercedes";"B W245";"2007";"Двигатель";"";"дизель";"2.0";"CDi";"";"";"";"0";"0";"";"";"0";"64094030360027";"Из Бельгии гарантия на установку и проверку цена без навесного оборудования ";"0";"0";"";"100";"USD";"";"";"";"";"";"https://d4.by/image/catalog/d4_img/1705276800/1705310002277_17053099940456470627135616267440.jpg,https://d4.by/image/catalog/d4_img/1705276800/1705310008722_17053100034295958794324582652028.jpg,https://d4.by/image/catalog/d4_img/1705276800/1705310015733_17053100097414681125612250567883.jpg,https://d4.by/image/catalog/d4_img/1705276800/1705310024433_17053100168822614572358094784817.jpg"
"328530";"Renault";"Laguna";"1997";"Двигатель";"";"бензин";"2.0";"";"";"";"";"0";"0";"";"";"0";"F3R728,F3Rj728";"Гарантия на установку и проверку. Цена указана без навесного оборудования ";"0";"0";"";"250";"USD";"";"";"";"";"";"https://d4.by/image/catalog/d4_img/1731456000/1731479711215_17314797063128031029859168355820.jpg,https://d4.by/image/catalog/d4_img/1731456000/1731479705418_17314797010578413923404646400089.jpg,https://d4.by/image/catalog/d4_img/1731456000/1731479700077_17314796957985297722274150939276.jpg,https://d4.by/image/catalog/d4_img/1731456000/1731479694900_17314796905493674904599268584308.jpg,https://d4.by/image/catalog/d4_img/1731456000/1731479689686_17314796836648420268388608402056.jpg,https://d4.by/image/catalog/d4_img/1731456000/1731479717592_17314797124452023114865356488226.jpg,https://d4.by/image/catalog/d4_img/1731456000/1731479723517_17314797186015039953652928655897.jpg"
"303984";"Toyota";"iQ";"2008";"Двигатель";"";"бензин";"1.0";"";"";"";"";"0";"0";"";"";"0";"1kr";"Гарантия на установку и проверку, цена без навесного оборудования.";"0";"0";"";"360";"USD";"";"";"";"";"";"https://d4.by/image/catalog/d4_img/1707523200/1707565515259_17075655087001832555793845642218.jpg,https://d4.by/image/catalog/d4_img/1707523200/1707565526428_17075655162332810241960277198118.jpg,https://d4.by/image/catalog/d4_img/1707523200/1707565538803_1707565527586354496595899833780.jpg,https://d4.by/image/catalog/d4_img/1707523200/1707565545717_17075655406027964676807821417992.jpg,https://d4.by/image/catalog/d4_img/1707523200/1707565565475_17075655467622417765203725242320.jpg"
"303987";"Fiat";"Seicento";"1998";"Двигатель";"";"бензин";"1.1";"";"";"";"";"0";"0";"";"";"0";"176b200";"Гарантия на установку и проверку, цена без навесного оборудования ";"0";"0";"Маркировка не читается ";"200";"USD";"";"";"";"";"";"https://d4.by/image/catalog/d4_img/1707523200/1707569336623_1707569322656616553529967797425.jpg,https://d4.by/image/catalog/d4_img/1707523200/1707569348622_17075693380275922426166081541263.jpg,https://d4.by/image/catalog/d4_img/1707523200/1707569356149_17075693496757417041255323746703.jpg,https://d4.by/image/catalog/d4_img/1707523200/1707569373418_17075693628155282175982163840456.jpg"
"303994";"Toyota";"Corolla";"2003";"Двигатель";"";"бензин";"1.4";"";"";"";"";"0";"0";"";"";"0";"4zz";"Гарантия на установку и проверку цена без навесного оборудования, дефект постели коленвала, нет поддона.";"0";"0";"";"500";"USD";"";"";"";"";"";"https://d4.by/image/catalog/d4_img/1707523200/1707574947164_17075749389384191621833666838726.jpg,https://d4.by/image/catalog/d4_img/1707523200/1707574970944_17075749495807866605780037971697.jpg,https://d4.by/image/catalog/d4_img/1707523200/1707574979062_17075749720793731344834083781288.jpg,https://d4.by/image/catalog/d4_img/1707523200/1707574986744_17075749802204621950427393422509.jpg,https://d4.by/image/catalog/d4_img/1707523200/1707574997879_1707574991277225567887985161077.jpg,https://d4.by/image/catalog/d4_img/1707523200/1707575011396_17075749989101804174871429292078.jpg"
"304007";"Renault";"Laguna";"1998";"Двигатель";"";"бензин";"1.8";"";"";"";"";"0";"0";"";"";"0";"";"Гарантия на проверку и установку без навесного оборудования ";"0";"0";"Маркировка не читаеться ";"280";"USD";"";"";"";"";"";"https://d4.by/image/catalog/d4_img/1707696000/1707723600739_1707723588054947830141142240308.jpg,https://d4.by/image/catalog/d4_img/1707696000/1707723609945_1707723601735226102580234553983.jpg,https://d4.by/image/catalog/d4_img/1707696000/1707723633267_1707723611060162452664078393567.jpg,https://d4.by/image/catalog/d4_img/1707696000/1707723641290_17077236343482532702900081590184.jpg"
"360718";"Volkswagen";"Golf";"2006";"Двигатель";"";"дизель";"1.9";"";"";"";"";"0";"0";"";"";"0";"BXE";"Из Бельгии. Гарантия на установку и проверку. Цена указана без навесного оборудования. Выроботка на распредвале ";"0";"0";"";"300";"USD";"";"";"";"";"";"https://d4.by/image/catalog/d4_img/1757030400/1757073496055_17570734862792757618570714703260.jpg,https://d4.by/image/catalog/d4_img/1757030400/1757073485532_17570734810771109984937219265971.jpg,https://d4.by/image/catalog/d4_img/1757030400/1757073517506_17570735132026998102680892822355.jpg,https://d4.by/image/catalog/d4_img/1757030400/1757073512378_175707350774948194587996155571.jpg,https://d4.by/image/catalog/d4_img/1757030400/1757073480219_17570734745591734238169151226399.jpg,https://d4.by/image/catalog/d4_img/1757030400/1757073506886_17570735028128063227243465048649.jpg,https://d4.by/image/catalog/d4_img/1757030400/1757073502002_17570734969643846387897800178117.jpg"
"340509";"Ford";"Focus";"2008";"Двигатель";"";"дизель";"1.8";"";"";"";"";"0";"0";"";"";"0";"KKDB";"Из Бельгии. Гарантия на установку и проверку. Цена указана без навесного оборудования ";"0";"0";"";"550";"USD";"";"";"";"";"";"https://d4.by/image/catalog/d4_img/1740182400/1740227059044_17402270528186005077806347300539.jpg,https://d4.by/image/catalog/d4_img/1740182400/1740227051732_17402270452126084361056528929641.jpg,https://d4.by/image/catalog/d4_img/1740182400/1740227044285_17402270377735614806285635582706.jpg,https://d4.by/image/catalog/d4_img/1740182400/1740227036860_17402270321317797980094427966275.jpg,https://d4.by/image/catalog/d4_img/1740182400/1740227030405_17402270248273415024524655714319.jpg,https://d4.by/image/catalog/d4_img/1740182400/1740227023863_17402270186774370656067930551369.jpg,https://d4.by/image/catalog/d4_img/1740182400/1740227017797_17402270123202144630412319047089.jpg"
"347187";"Volkswagen";"Passat";"2009";"Двигатель";"";"дизель";"2.0";"";"";"";"";"0";"0";"";"";"0";"CBD";"Из Бельгии. Гарантия на установку и проверку. Цена указана без навесного оборудования, Нет клапанной крышки, шкива распредвала";"0";"0";"";"400";"USD";"";"";"";"";"";"https://d4.by/image/catalog/d4_img/1744934400/1744957594625_17449575900773014008370550690654.jpg,https://d4.by/image/catalog/d4_img/1744934400/1744957589206_17449575828218476680771275843863.jpg,https://d4.by/image/catalog/d4_img/1744934400/1744957581923_17449575775302802086275076096931.jpg,https://d4.by/image/catalog/d4_img/1744934400/1744957600258_17449575955203109624593911802156.jpg,https://d4.by/image/catalog/d4_img/1744934400/1744957576587_17449575719024150389939327396704.jpg,https://d4.by/image/catalog/d4_img/1744934400/1744957571077_17449575651321253381978966691996.jpg,https://d4.by/image/catalog/d4_img/1744934400/1744957612897_17449576069698106025049342079414.jpg,https://d4.by/image/catalog/d4_img/1744934400/1744957605540_17449576011322522829706237876761.jpg"
"371484";"Volkswagen";"Golf";"2000";"Двигатель";"";"бензин";"1.8";"";"";"";"";"0";"0";"";"";"0";"AGN";"Из Бельгии.  Гарантия на установку и проверку.  Цена указана без навесного оборудования ";"0";"0";"";"370";"USD";"";"";"";"";"";"https://d4.by/image/catalog/d4_img/1766102400/1766134463459_17661344561522601404423207770495.jpg,https://d4.by/image/catalog/d4_img/1766102400/1766134446397_17661344410431391373806278967539.jpg,https://d4.by/image/catalog/d4_img/1766102400/1766134440207_17661344339931513858037380476573.jpg,https://d4.by/image/catalog/d4_img/1766102400/1766134433157_17661344286843582975564517622936.jpg,https://d4.by/image/catalog/d4_img/1766102400/1766134427915_17661344212932440462164467321853.jpg,https://d4.by/image/catalog/d4_img/1766102400/1766134455206_17661344472778715679397684247528.jpg,https://d4.by/image/catalog/d4_img/1766102400/1766134420511_17661344151097536636620894568241.jpg,https://d4.by/image/catalog/d4_img/1766102400/1766134414276_17661344095914745640392557175338.jpg,https://d4.by/image/catalog/d4_img/1766102400/1766134408862_17661344018915095484923421514254.jpg"
"307350";"Ford";"Transit Connect";"2007";"Двигатель";"";"дизель";"1.8";"TDCi";"";"";"";"0";"0";"";"";"0";"Ffda";"Из Бельгии гарантия на проверку и установку цена без навесного оборудования ";"0";"0";"";"680";"USD";"";"";"";"";"";"https://d4.by/image/catalog/d4_img/1711497600/1711524754056_17115247409108102753132429152156.jpg,https://d4.by/image/catalog/d4_img/1711497600/1711524739643_17115247318255677593722752185295.jpg,https://d4.by/image/catalog/d4_img/1711497600/1711524730733_17115247209607832182065544999494.jpg,https://d4.by/image/catalog/d4_img/1711497600/1711524719963_17115247120771700141450488035199.jpg"
"305129";"Seat";"Ibiza";"2005";"Двигатель";"";"дизель";"1.4";"TDi";"";"";"";"0";"0";"";"";"0";"Bnv";"Из Бельгии гарантия на проверку и установку цена без навесного оборудования ";"0";"0";"";"300";"USD";"";"";"";"";"";"https://d4.by/image/catalog/d4_img/1709164800/1709200131377_17092001228427938512306549570711.jpg,https://d4.by/image/catalog/d4_img/1709164800/1709200139929_17092001324723187562823004151837.jpg,https://d4.by/image/catalog/d4_img/1709164800/1709200151011_17092001411764225681790115534474.jpg,https://d4.by/image/catalog/d4_img/1709164800/1709200159556_17092001527187027048457931447793.jpg"
"305163";"Volkswagen";"Touran";"2004";"Двигатель";"";"дизель";"1.9";"";"";"";"";"0";"0";"";"";"0";"AVQ";"Из Бельгии. Гарантия на установку и проверку Цена указана без навесного оборудования Небольшая выроботка в распредвале ";"0";"0";"";"340";"USD";"";"";"";"";"";"https://d4.by/image/catalog/d4_img/1709164800/1709213756566_17092137513386092107080563977425.jpg,https://d4.by/image/catalog/d4_img/1709164800/1709213766603_17092137575913429705838698422254.jpg,https://d4.by/image/catalog/d4_img/1709164800/1709213774585_17092137676145364009119589394549.jpg,https://d4.by/image/catalog/d4_img/1709164800/1709213781330_17092137756083296619921793817869.jpg,https://d4.by/image/catalog/d4_img/1709164800/1709213789013_17092137823925413189785652695936.jpg,https://d4.by/image/catalog/d4_img/1709164800/1709213856393_IMG_20240229_155121.jpg,https://d4.by/image/catalog/d4_img/1709164800/1709213856403_IMG_20240229_155116.jpg"
"305230";"Volkswagen";"Polo";"2006";"Двигатель";"";"бензин";"1.4";"FSI";"";"";"";"0";"0";"";"";"0";"AXU";"Из Бельгии. Гарантия на установку и проверку  Трещина в поддоне  Цена указана без навесного оборудования ";"0";"0";"";"270";"USD";"";"";"";"";"";"https://d4.by/image/catalog/d4_img/1709251200/1709300218501_17093002093991880107100828116968.jpg,https://d4.by/image/catalog/d4_img/1709251200/1709300208432_17093002024052414706690197936122.jpg,https://d4.by/image/catalog/d4_img/1709251200/1709300201250_17093001929594969933902414292116.jpg,https://d4.by/image/catalog/d4_img/1709251200/1709300191984_17093001829427879000124105812977.jpg,https://d4.by/image/catalog/d4_img/1709251200/1709300182012_17093001766488685726949675979816.jpg"
"367904";"Iveco";"Daily";"2015";"Двигатель";"";"дизель";"2.3";"";"";"";"";"0";"0";"";"";"0";"1afl411c";"Из Бельгии.  Гарантия на установку и проверку.  Цена указана без навесного оборудования ";"0";"0";"";"2350";"USD";"";"";"";"";"";"https://d4.by/image/catalog/d4_img/1763078400/1763117710971_17631176808166276080908236139684.jpg,https://d4.by/image/catalog/d4_img/1763078400/1763117674113_17631176682156493505169330033235.jpg,https://d4.by/image/catalog/d4_img/1763078400/1763117679925_17631176748747181423639983575790.jpg,https://d4.by/image/catalog/d4_img/1763078400/1763117729364_17631177207053235339526579499812.jpg,https://d4.by/image/catalog/d4_img/1763078400/1763117718885_17631177119385267586803438136846.jpg,https://d4.by/image/catalog/d4_img/1763078400/1763117736327_17631177302018162134663530748501.jpg,https://d4.by/image/catalog/d4_img/1763078400/1763117667427_17631176626914949405504772196802.jpg,https://d4.by/image/catalog/d4_img/1763078400/1763117661964_17631176556649079224756541090404.jpg"
"305616";"Seat";"Toledo";"2007";"Двигатель";"";"дизель";"1.9";"";"";"";"";"0";"0";"";"";"0";"BJB";"Из Бельгии. Гарантия на установку и проверку  Цена указана без навесного оборудования ";"0";"0";"";"430";"USD";"";"";"";"";"";"https://d4.by/image/catalog/d4_img/1709769600/1709805680087_17098056754587728162662104523052.jpg,https://d4.by/image/catalog/d4_img/1709769600/1709805685882_17098056810136556151012490708752.jpg,https://d4.by/image/catalog/d4_img/1709769600/1709805691880_17098056867847188991137891147834.jpg,https://d4.by/image/catalog/d4_img/1709769600/1709805698777_17098056928931256828651325419596.jpg,https://d4.by/image/catalog/d4_img/1709769600/1709805706688_17098056996864582786112587597664.jpg"
"316977";"Renault";"Laguna";"2009";"Двигатель";"";"дизель";"2.0";"";"";"";"";"0";"0";"";"";"0";"M9R802";"Из Бельгии. Гарантия на установку и проверку  Цена указана без навесного оборудования ";"0";"0";"";"650";"USD";"";"";"";"";"";"https://d4.by/image/catalog/d4_img/1720051200/1720082307518_17200823012676759420120077130218.jpg,https://d4.by/image/catalog/d4_img/1720051200/1720082300431_17200822940892985475896645040992.jpg,https://d4.by/image/catalog/d4_img/1720051200/1720082341041_1720082332285426193806998600142.jpg,https://d4.by/image/catalog/d4_img/1720051200/1720082331371_17200823241882708221271953411326.jpg,https://d4.by/image/catalog/d4_img/1720051200/1720082323292_17200823171097211572345637906533.jpg,https://d4.by/image/catalog/d4_img/1720051200/1720082316055_17200823083672059669892675929860.jpg"
"305784";"Kia";"Rio";"2014";"Двигатель";"";"дизель";"1.1";"";"";"";"";"0";"0";"";"";"0";"D3FA";"Из Бельгии. Гарантия на установку и проверку  Топливная Delphi Цена указана без навесного оборудования ";"0";"0";"";"370";"USD";"";"";"";"";"";"https://d4.by/image/catalog/d4_img/1709942400/1709969794227_17099697884784947107364009135555.jpg,https://d4.by/image/catalog/d4_img/1709942400/1709969799713_1709969795228508922907864081908.jpg,https://d4.by/image/catalog/d4_img/1709942400/1709969805758_17099698006681698886523043845894.jpg,https://d4.by/image/catalog/d4_img/1709942400/1709969812679_17099698067557132132294752450854.jpg,https://d4.by/image/catalog/d4_img/1709942400/1709969826848_17099698150141321724623121740158.jpg,https://d4.by/image/catalog/d4_img/1709942400/1709969837706_17099698279886031616501952417446.jpg"
"305828";"Subaru";"Impreza";"1996";"Двигатель";"";"бензин";"1.6";"";"";"";"";"0";"0";"";"";"0";"EJ16";"Из Бельгии. Гарантия на установку и проверку  Цена указана без навесного оборудования ";"0";"0";"";"350";"USD";"";"";"";"";"";"https://d4.by/image/catalog/d4_img/1709942400/1709982746968_17099827416237740017753882623421.jpg,https://d4.by/image/catalog/d4_img/1709942400/1709982758886_17099827485555407423651187347.jpg,https://d4.by/image/catalog/d4_img/1709942400/1709982767091_17099827599707866575277928476351.jpg,https://d4.by/image/catalog/d4_img/1709942400/1709982775318_17099827708282602073816256560753.jpg,https://d4.by/image/catalog/d4_img/1709942400/1709982782246_17099827762564549977960582147237.jpg"
"320379";"Audi";"A5";"2010";"Двигатель";"";"дизель";"2.7";"";"";"";"";"0";"0";"";"";"0";"CAM";"Из Бельгии. Гарантия на установку и проверку. Цена указана без навесного оборудования ";"0";"0";"";"1250";"USD";"";"";"";"";"";"https://d4.by/image/catalog/d4_img/1723161600/1723206704093_17232066992525771549830609950178.jpg,https://d4.by/image/catalog/d4_img/1723161600/1723206698129_17232066922848433276311669642614.jpg,https://d4.by/image/catalog/d4_img/1723161600/1723206691308_17232066872256682979295750653634.jpg,https://d4.by/image/catalog/d4_img/1723161600/1723206683649_17232066786682474511282102433388.jpg,https://d4.by/image/catalog/d4_img/1723161600/1723206677649_17232066729621587216052270766867.jpg,https://d4.by/image/catalog/d4_img/1723161600/1723206672091_1723206667444484081846377980837.jpg,https://d4.by/image/catalog/d4_img/1723161600/1723206666488_17232066591827457978658531544023.jpg"
"306058";"Dacia";"Logan";"2017";"Двигатель";"";"бензин";"0.9";"Ti";"";"";"";"0";"0";"";"";"0";"H4BB408";"Из Бельгии гарантия на проверку и установку цена без навесного оборудования ";"0";"0";"";"600";"USD";"";"";"";"";"";"https://d4.by/image/catalog/d4_img/1710288000/1710318025502_17103180170566794506490985537262.jpg,https://d4.by/image/catalog/d4_img/1710288000/1710318033002_1710318026553504831691450479944.jpg,https://d4.by/image/catalog/d4_img/1710288000/1710318044415_17103180340286828038886926303823.jpg,https://d4.by/image/catalog/d4_img/1710288000/1710318053065_17103180456103176020820044634409.jpg"
"306165";"Renault";"Clio";"2018";"Двигатель";"";"бензин";"0.9";"Ti";"";"";"";"0";"0";"";"";"0";"H4bb408";"Из Бельгии. Гарантия на установку и проверку  Дефект крепления, передней плиты Цена указана без навесного оборудования ";"0";"0";"";"500";"USD";"";"";"";"";"";"https://d4.by/image/catalog/d4_img/1710374400/1710412187369_17104121827676309277959136284603.jpg,https://d4.by/image/catalog/d4_img/1710374400/1710412192714_17104121883257688144624128176324.jpg,https://d4.by/image/catalog/d4_img/1710374400/1710412198042_17104121936048926293205737965095.jpg,https://d4.by/image/catalog/d4_img/1710374400/1710412203552_17104121991174428667186178421640.jpg,https://d4.by/image/catalog/d4_img/1710374400/1710412208882_17104122045646169947501267893860.jpg,https://d4.by/image/catalog/d4_img/1710374400/1710412214432_17104122098448611351706340052844.jpg"
"306184";"Renault";"Megane";"2002";"Двигатель";"";"бензин";"1.4";"";"";"";"";"0";"0";"";"";"0";"K4jc714, k4j714";"Из Бельгии. Гарантия на установку и проверку Цена указана без навесного оборудования ";"0";"0";"";"550";"USD";"";"";"";"";"";"https://d4.by/image/catalog/d4_img/1710374400/1710420706621_1710420701462507055500101498183.jpg,https://d4.by/image/catalog/d4_img/1710374400/1710420712432_17104207075429013558687784880942.jpg,https://d4.by/image/catalog/d4_img/1710374400/1710420718267_17104207133766669725717368910139.jpg,https://d4.by/image/catalog/d4_img/1710374400/1710420723420_1710420719303994977656413455074.jpg,https://d4.by/image/catalog/d4_img/1710374400/1710420732638_17104207243926194490581136299253.jpg"
"306185";"Renault";"Megane";"2002";"Двигатель";"";"бензин";"1.4";"";"";"";"";"0";"0";"";"";"0";"K4jc714,  k4j714";"Из Бельгии. Гарантия на установку и проверку и Маркировка не читается  Цена указана без навесного оборудования ";"0";"0";"";"550";"USD";"";"";"";"";"";"https://d4.by/image/catalog/d4_img/1710374400/1710421393885_17104213893856426162949714403299.jpg,https://d4.by/image/catalog/d4_img/1710374400/1710421399746_17104213947666378530145229265408.jpg,https://d4.by/image/catalog/d4_img/1710374400/1710421406431_1710421400704181874415263272237.jpg,https://d4.by/image/catalog/d4_img/1710374400/1710421412946_17104214074881038235229129628074.jpg,https://d4.by/image/catalog/d4_img/1710374400/1710421418860_17104214139288378655806904394649.jpg"
"360516";"Ford";"Focus";"2008";"Двигатель";"";"дизель";"1.8";"TDCi";"";"";"";"0";"0";"";"";"0";"QYBA";"Из Бельгии. Гарантия на установку и проверку. Цена указана без навесного оборудования ";"0";"0";"";"600";"USD";"";"";"";"";"";"https://d4.by/image/catalog/d4_img/1756944000/1756977714522_17569777099946720453182609206953.jpg,https://d4.by/image/catalog/d4_img/1756944000/1756977709093_17569777049963067650005662099528.jpg,https://d4.by/image/catalog/d4_img/1756944000/1756977704043_17569776972596047977619066531295.jpg,https://d4.by/image/catalog/d4_img/1756944000/1756977696392_1756977692075218676704342601968.jpg,https://d4.by/image/catalog/d4_img/1756944000/1756977691153_17569776865516803453792002123878.jpg,https://d4.by/image/catalog/d4_img/1756944000/1756977684981_17569776767505029381239378856699.jpg,https://d4.by/image/catalog/d4_img/1756944000/1756977675867_17569776710851674187654958595696.jpg"
"367215";"Renault";"Megane";"2012";"Двигатель";"";"дизель";"1.5";"";"";"";"";"0";"0";"";"";"0";"K9K636";"Из Бельгии.  Гарантия на установку и проверку . Цена указана без навесного оборудования ";"0";"0";"";"600";"USD";"";"";"";"";"";"https://d4.by/image/catalog/d4_img/1762473600/1762519350582_17625193450302028284685298534508.jpg,https://d4.by/image/catalog/d4_img/1762473600/1762519344186_17625193387775106024882756977357.jpg,https://d4.by/image/catalog/d4_img/1762473600/1762519373616_17625193662834712723202541646446.jpg,https://d4.by/image/catalog/d4_img/1762473600/1762519337907_17625193308052760127683084467177.jpg,https://d4.by/image/catalog/d4_img/1762473600/1762519330096_17625193247252198261371379304427.jpg,https://d4.by/image/catalog/d4_img/1762473600/1762519364387_1762519357556321397486729897694.jpg,https://d4.by/image/catalog/d4_img/1762473600/1762519356770_17625193513268292156907798872131.jpg"
"320290";"Audi";"A6";"2002";"Двигатель";"";"дизель";"2.5";"";"";"";"";"0";"0";"";"";"0";"BFC";"Из Бельгии. Гарантия на установку и проверку. Цена указана без навесного оборудования есть не большая выработка распредвала";"0";"0";"";"350";"USD";"";"";"";"";"";"https://d4.by/image/catalog/d4_img/1723161600/1723186818656_1723186811138117593076469561548.jpg,https://d4.by/image/catalog/d4_img/1723161600/1723186824584_17231868195844415035966107528644.jpg,https://d4.by/image/catalog/d4_img/1723161600/1723186829756_17231868254527781504002485459624.jpg,https://d4.by/image/catalog/d4_img/1723161600/1723186835262_17231868307308505243563495825204.jpg,https://d4.by/image/catalog/d4_img/1723161600/1723186842174_17231868361598139603324545756376.jpg,https://d4.by/image/catalog/d4_img/1723161600/1723186848855_17231868435784067972956917058204.jpg"
"360482_3";"Seat";"Alhambra";"2003";"Двигатель";"";"дизель";"1.9";"";"";"";"";"0";"0";"";"";"0";"AUY";"Из Бельгии. Гарантия на установку и проверку. Цена указана без навесного оборудования, Небольшая выроботка на распредвале ";"0";"0";"";"240";"USD";"";"";"";"";"";"https://d4.by/image/catalog/d4_img/1756944000/1756972062446_IMG_20250904_102902.jpg,https://d4.by/image/catalog/d4_img/1756944000/1756972054751_1756972050806221157525548447298.jpg,https://d4.by/image/catalog/d4_img/1756944000/1756972043092_17569720384078583061282665813365.jpg,https://d4.by/image/catalog/d4_img/1756944000/1756972049998_17569720439766879330697589612100.jpg,https://d4.by/image/catalog/d4_img/1756944000/1756972067908_17569720640279138227387667099617.jpg,https://d4.by/image/catalog/d4_img/1756944000/1756972037542_17569720332897963111872478584553.jpg,https://d4.by/image/catalog/d4_img/1756944000/1756972032494_17569720275045701515645534862843.jpg"
"360482_2";"Ford";"Galaxy";"2003";"Двигатель";"";"дизель";"1.9";"";"";"";"";"0";"0";"";"";"0";"AUY";"Из Бельгии. Гарантия на установку и проверку. Цена указана без навесного оборудования, Небольшая выроботка на распредвале ";"0";"0";"";"240";"USD";"";"";"";"";"";"https://d4.by/image/catalog/d4_img/1756944000/1756972067908_17569720640279138227387667099617.jpg,https://d4.by/image/catalog/d4_img/1756944000/1756972062446_IMG_20250904_102902.jpg,https://d4.by/image/catalog/d4_img/1756944000/1756972049998_17569720439766879330697589612100.jpg,https://d4.by/image/catalog/d4_img/1756944000/1756972054751_1756972050806221157525548447298.jpg,https://d4.by/image/catalog/d4_img/1756944000/1756972043092_17569720384078583061282665813365.jpg,https://d4.by/image/catalog/d4_img/1756944000/1756972037542_17569720332897963111872478584553.jpg,https://d4.by/image/catalog/d4_img/1756944000/1756972032494_17569720275045701515645534862843.jpg"
"308939";"Saab";"9-5";"1999";"Двигатель";"";"бензин";"3.0";"Ti";"";"";"";"0";"0";"";"";"0";"B308EE";"Из Бельгии, хорошее состояние, гарантия, цена указана за двигатель без навесного оборудования ";"0";"0";"";"1000";"USD";"";"";"";"";"";"https://d4.by/image/catalog/d4_img/1712880000/1712932296141_17129322924287479151008681638702.jpg,https://d4.by/image/catalog/d4_img/1712880000/1712932291637_17129322881572713933744232552850.jpg,https://d4.by/image/catalog/d4_img/1712880000/1712932306530_17129323016781591664490437429389.jpg,https://d4.by/image/catalog/d4_img/1712880000/1712932300783_17129322969719043042807972490903.jpg,https://d4.by/image/catalog/d4_img/1712880000/1712932287346_17129322824661923330792487704839.jpg"
"360482_1";"Volkswagen";"Sharan";"2003";"Двигатель";"";"дизель";"1.9";"";"";"";"";"0";"0";"";"";"0";"AUY";"Из Бельгии. Гарантия на установку и проверку. Цена указана без навесного оборудования, Небольшая выроботка на распредвале ";"0";"0";"";"240";"USD";"";"";"";"";"";"https://d4.by/image/catalog/d4_img/1756944000/1756972067908_17569720640279138227387667099617.jpg,https://d4.by/image/catalog/d4_img/1756944000/1756972043092_17569720384078583061282665813365.jpg,https://d4.by/image/catalog/d4_img/1756944000/1756972037542_17569720332897963111872478584553.jpg,https://d4.by/image/catalog/d4_img/1756944000/1756972032494_17569720275045701515645534862843.jpg,https://d4.by/image/catalog/d4_img/1756944000/1756972062446_IMG_20250904_102902.jpg,https://d4.by/image/catalog/d4_img/1756944000/1756972054751_1756972050806221157525548447298.jpg,https://d4.by/image/catalog/d4_img/1756944000/1756972049998_17569720439766879330697589612100.jpg"
"306947";"Volkswagen";"Jetta";"2017";"Двигатель";"";"бензин";"1.6";"";"АКПП";"";"";"0";"0";"";"";"0";"CLR";"Из Бельгии, цена за двигатель в сборе как на фото, пробег - 0км, залито заводское масло, новый двигатель, доп.информация по телефону, на механику не идёт.";"0";"0";"";"3000";"USD";"";"";"";"";"";"https://d4.by/image/catalog/d4_img/1711065600/1711111621897_1711111612865783482387457281117.jpg,https://d4.by/image/catalog/d4_img/1711065600/1711111540742_17111115302362951467204885739112.jpg,https://d4.by/image/catalog/d4_img/1711065600/1711111529264_1711111518299682845428820910768.jpg,https://d4.by/image/catalog/d4_img/1711065600/1711111517222_17111115053802753698804306354665.jpg,https://d4.by/image/catalog/d4_img/1711065600/1711111504322_17111114947518862504797566790396.jpg,https://d4.by/image/catalog/d4_img/1711065600/1711111493748_17111114864737324688821441775882.jpg,https://d4.by/image/catalog/d4_img/1711065600/1711111485378_17111114795405682292287888680091.jpg,https://d4.by/image/catalog/d4_img/1711065600/1711111478494_17111114733484041225452587715699.jpg,https://d4.by/image/catalog/d4_img/1711065600/1711111472409_1711111467004914859031726298248.jpg,https://d4.by/image/catalog/d4_img/1711065600/1711111465952_17111114603443762177834599344755.jpg,https://d4.by/image/catalog/d4_img/1711065600/1711111458991_17111114526804385697458419505311.jpg,https://d4.by/image/catalog/d4_img/1711065600/1711111451494_17111114460019022957825964049417.jpg"
"367165";"Volkswagen";"Golf";"2009";"Двигатель";"";"дизель";"1.6";"";"";"";"";"0";"0";"";"";"0";"CAY";"Из Бельгии.  Гарантия на установку и проверку . Цена указана без навесного оборудования ";"0";"0";"";"550";"USD";"";"";"";"";"";"https://d4.by/image/catalog/d4_img/1762473600/1762507393252_17625073878125457358775146472186.jpg,https://d4.by/image/catalog/d4_img/1762473600/1762507421139_1762507413332920821759352676907.jpg,https://d4.by/image/catalog/d4_img/1762473600/1762507412473_17625074008332478858609102947507.jpg,https://d4.by/image/catalog/d4_img/1762473600/1762507399994_17625073940304362119622599582909.jpg,https://d4.by/image/catalog/d4_img/1762473600/1762507450873_17625074458197582113065926571000.jpg,https://d4.by/image/catalog/d4_img/1762473600/1762507444981_17625074398396810874028471156481.jpg,https://d4.by/image/catalog/d4_img/1762473600/1762507438965_17625074315264437655583052380400.jpg,https://d4.by/image/catalog/d4_img/1762473600/1762507430730_17625074219716236756517081823785.jpg"
"367136";"Audi";"A4";"2001";"Двигатель";"";"дизель";"1.9";"";"";"";"";"0";"0";"";"";"0";"AWX";"Из Бельгии.  Гарантия на установку и проверку . Цена указана без навесного оборудования,  Минимальная выроботка  на распредвале ";"0";"0";"";"280";"USD";"";"";"";"";"";"https://d4.by/image/catalog/d4_img/1762473600/1762503351828_17625033455144608002182055443248.jpg,https://d4.by/image/catalog/d4_img/1762473600/1762503338288_17625033318624202922609256386514.jpg,https://d4.by/image/catalog/d4_img/1762473600/1762503344716_1762503339048259506833991089031.jpg,https://d4.by/image/catalog/d4_img/1762473600/1762503358024_17625033527138095990651466553258.jpg,https://d4.by/image/catalog/d4_img/1762473600/1762503367664_17625033591118927717131851564866.jpg,https://d4.by/image/catalog/d4_img/1762473600/1762503376573_17625033685115561151173537572712.jpg"
"360361";"Suzuki";"Swift";"2007";"Двигатель";"";"бензин";"1.3";"";"";"";"";"0";"0";"";"";"0";"M13a";"Из Бельгии. Гарантия на установку и проверку. Цена указана без навесного оборудования ";"0";"0";"";"230";"USD";"";"";"";"";"";"https://d4.by/image/catalog/d4_img/1756857600/1756898158877_1756898152053847111985562206418.jpg,https://d4.by/image/catalog/d4_img/1756857600/1756898151217_17568981455707987106069523836927.jpg,https://d4.by/image/catalog/d4_img/1756857600/1756898144680_17568981407021648238567143023075.jpg,https://d4.by/image/catalog/d4_img/1756857600/1756898184221_17568981777784313762342045233720.jpg,https://d4.by/image/catalog/d4_img/1756857600/1756898176874_17568981725816430035860071587205.jpg,https://d4.by/image/catalog/d4_img/1756857600/1756898171474_17568981652294518018212675168692.jpg,https://d4.by/image/catalog/d4_img/1756857600/1756898164375_17568981605007014243153471059358.jpg"
"345308";"Skoda";"Fabia";"2003";"Двигатель";"";"бензин";"1.4";"";"";"";"";"0";"0";"";"";"0";"AUB";"Из Бельгии. Гарантия на установку и проверку. Цена указана без навесного оборудования ";"0";"0";"";"700";"USD";"";"";"";"";"";"https://d4.by/image/catalog/d4_img/1743206400/1743229181670_17432291762635923798428375812639.jpg,https://d4.by/image/catalog/d4_img/1743206400/1743229175319_1743229158203726521050686821642.jpg,https://d4.by/image/catalog/d4_img/1743206400/1743229157401_17432291515203860999030511401944.jpg,https://d4.by/image/catalog/d4_img/1743206400/1743229150650_17432291429086966747881603888349.jpg,https://d4.by/image/catalog/d4_img/1743206400/1743229137245_17432291326609179379880012248859.jpg,https://d4.by/image/catalog/d4_img/1743206400/1743229131846_17432291267857937840669537621085.jpg,https://d4.by/image/catalog/d4_img/1743206400/1743229125946_1743229118266223193423974869600.jpg"
"367082";"Volkswagen";"Golf";"2009";"Двигатель";"";"дизель";"1.6";"";"";"";"";"0";"0";"";"";"0";"CAY";"Из Бельгии.  Гарантия на установку и проверку.  Цена указана без навесного оборудования ";"0";"0";"";"550";"USD";"";"";"";"";"";"https://d4.by/image/catalog/d4_img/1762387200/1762438183180_17624381754728202249582649471239.jpg,https://d4.by/image/catalog/d4_img/1762387200/1762438174396_17624381680497136125997072660248.jpg,https://d4.by/image/catalog/d4_img/1762387200/1762438162301_17624381562763149793502062814259.jpg,https://d4.by/image/catalog/d4_img/1762387200/1762438203041_17624381977647034377029391841101.jpg,https://d4.by/image/catalog/d4_img/1762387200/1762438196781_17624381911512963660951018227657.jpg,https://d4.by/image/catalog/d4_img/1762387200/1762438190326_17624381840957352443917732816470.jpg,https://d4.by/image/catalog/d4_img/1762387200/1762438209227_17624382038883584213279087136220.jpg"
"350034";"Isuzu";"Elf";"2006";"Двигатель";"";"дизель";"4.6";"";"";"";"";"0";"0";"";"";"0";"4HG1";"Гарантия на установку и проверку, цена указана за комплектный двигатель как на фото.";"0";"0";"";"3500";"USD";"";"";"";"";"";"https://d4.by/image/catalog/d4_img/1748563200/1748604049811_17486040427423835402771765921753.jpg,https://d4.by/image/catalog/d4_img/1748563200/1748604040975_17486040341357480020957993316910.jpg,https://d4.by/image/catalog/d4_img/1748563200/1748604054499_17486040507841392246961531748137.jpg,https://d4.by/image/catalog/d4_img/1748563200/1748604033246_17486040268214795721483498914966.jpg,https://d4.by/image/catalog/d4_img/1748563200/1748604059653_1748604055458730789167588202648.jpg,https://d4.by/image/catalog/d4_img/1748563200/1748604081906_17486040761026487699872809289421.jpg,https://d4.by/image/catalog/d4_img/1748563200/1748604075169_17486040656166212176016151162825.jpg,https://d4.by/image/catalog/d4_img/1748563200/1748604064683_17486040605485685875917619925720.jpg"
"348808";"Kia";"Sportage";"1998";"Двигатель";"";"бензин";"2.0";"";"";"";"";"0";"0";"";"";"0";"FE,FE31";"Гарантия на установку и проверку, цена указана без навесного оборудования ";"0";"0";"";"1040";"USD";"";"";"";"";"";"https://d4.by/image/catalog/d4_img/1747267200/1747295232845_17472952282795329779462729642203.jpg,https://d4.by/image/catalog/d4_img/1747267200/1747295227321_17472952214854250678789685774516.jpg,https://d4.by/image/catalog/d4_img/1747267200/1747295220575_17472952151878422828380213892749.jpg,https://d4.by/image/catalog/d4_img/1747267200/1747295214330_17472952100372097700262496279242.jpg,https://d4.by/image/catalog/d4_img/1747267200/1747295204394_17472952006488888433958232561941.jpg,https://d4.by/image/catalog/d4_img/1747267200/1747295199798_17472951958277905269327344524198.jpg,https://d4.by/image/catalog/d4_img/1747267200/1747295209070_17472952052455991493675757300050.jpg"
"360297";"Ford";"Mondeo";"2007";"Двигатель";"";"дизель";"1.8";"TDCi";"";"";"";"0";"0";"";"";"0";"QYBA";"Из Бельгии. Гарантия на установку и проверку. Цена указана без навесного оборудования ";"0";"0";"";"600";"USD";"";"";"";"";"";"https://d4.by/image/catalog/d4_img/1756857600/1756886212457_17568862079154871668650817746287.jpg,https://d4.by/image/catalog/d4_img/1756857600/1756886175881_17568861707288972252557796723984.jpg,https://d4.by/image/catalog/d4_img/1756857600/1756886181644_1756886176846852177731057136605.jpg,https://d4.by/image/catalog/d4_img/1756857600/1756886188360_17568861825371272714131456875353.jpg,https://d4.by/image/catalog/d4_img/1756857600/1756886220556_17568862133334732573831968609639.jpg,https://d4.by/image/catalog/d4_img/1756857600/1756886206858_17568862001628934083453944280596.jpg,https://d4.by/image/catalog/d4_img/1756857600/1756886225928_17568862214171092959736155475183.jpg,https://d4.by/image/catalog/d4_img/1756857600/1756886199338_17568861946808731702443981375463.jpg"
"367022";"Opel";"Corsa";"2010";"Двигатель";"";"бензин";"1.2";"";"";"";"";"0";"0";"";"";"0";"A12XER";"Из Бельгии.  Гарантия на установку и проверку  Цена указана без навесного оборудования ";"0";"0";"";"470";"USD";"";"";"";"";"";"https://d4.by/image/catalog/d4_img/1762387200/1762424516058_17624245107706983526232946561797.jpg,https://d4.by/image/catalog/d4_img/1762387200/1762424510016_17624245030058953244289228842682.jpg,https://d4.by/image/catalog/d4_img/1762387200/1762424502268_1762424495933249285773973862094.jpg,https://d4.by/image/catalog/d4_img/1762387200/1762424552242_17624245432226711423700916985864.jpg,https://d4.by/image/catalog/d4_img/1762387200/1762424542254_17624245321805480282756350629800.jpg,https://d4.by/image/catalog/d4_img/1762387200/1762424531309_17624245228734505866509796502376.jpg,https://d4.by/image/catalog/d4_img/1762387200/1762424522082_17624245168388795798780526032099.jpg"
"345261";"Renault";"Clio";"2002";"Двигатель";"";"бензин";"1.2";"";"";"";"";"0";"0";"";"";"0";"D4F03";"Из Бельгии. Гарантия на установку и проверку . Цена указана без навесного оборудования ";"0";"0";"";"320";"USD";"";"";"";"";"";"https://d4.by/image/catalog/d4_img/1743120000/1743158791026_1743158785188250784216717795614.jpg,https://d4.by/image/catalog/d4_img/1743120000/1743158784299_1743158778891719014134437201728.jpg,https://d4.by/image/catalog/d4_img/1743120000/1743158777905_17431587733346961003893083544781.jpg,https://d4.by/image/catalog/d4_img/1743120000/1743158772503_17431587670577374928134738727528.jpg,https://d4.by/image/catalog/d4_img/1743120000/1743158766251_17431587601142745466258291313310.jpg"
"342442";"Dacia";"Duster";"2021";"Двигатель";"";"бензин";"1.0";"Ti";"";"";"";"0";"0";"";"";"0";"H4DE470";"Из Бельгии. Гарантия на установку и проверку. Цена указана без навесного оборудования ";"0";"0";"";"1100";"USD";"";"";"";"";"";"https://d4.by/image/catalog/d4_img/1741219200/1741244244066_17412442381644670127919164373980.jpg,https://d4.by/image/catalog/d4_img/1741219200/1741244251022_17412442450055871547911215444801.jpg,https://d4.by/image/catalog/d4_img/1741219200/1741244266174_17412442519292584087439075765688.jpg,https://d4.by/image/catalog/d4_img/1741219200/1741244273245_17412442671555313174377130840762.jpg,https://d4.by/image/catalog/d4_img/1741219200/1741244277734_17412442741043067829969757870404.jpg,https://d4.by/image/catalog/d4_img/1741219200/1741244282401_17412442785541071153300649507127.jpg,https://d4.by/image/catalog/d4_img/1741219200/1741244290300_17412442833215570952987384753407.jpg"
"345241";"Fiat";"Doblo";"2002";"Двигатель";"";"бензин";"1.6";"";"";"";"";"0";"0";"";"";"0";"182B6000";"Из Бельгии. Гарантия на установку и проверку. Цена указана без навесного оборудования ";"0";"0";"";"470";"USD";"";"";"";"";"";"https://d4.by/image/catalog/d4_img/1743120000/1743151716706_17431517115406348980560440630339.jpg,https://d4.by/image/catalog/d4_img/1743120000/1743151709060_17431517006755830584294209001069.jpg,https://d4.by/image/catalog/d4_img/1743120000/1743151699756_17431516937831083899466750073136.jpg,https://d4.by/image/catalog/d4_img/1743120000/1743151692883_17431516845754287742607876232842.jpg,https://d4.by/image/catalog/d4_img/1743120000/1743151683613_174315167686761877797731353401.jpg,https://d4.by/image/catalog/d4_img/1743120000/1743151676008_17431516706595621846391055144690.jpg,https://d4.by/image/catalog/d4_img/1743120000/1743151669865_17431516628737089138933607256920.jpg"
"366959";"Fiat";"Ducato";"2022";"Двигатель";"";"дизель";"2.2";"";"";"";"";"0";"0";"";"";"0";"PV32A02, c022500b1";"Из Бельгии.  Гарантия на установку и проверку.  С тэстогового авто, После  ДТП,  Пробег 1000км Трещина на поддоне,  трещина на верхней  постели возле грм, Дефект  клапанной крышки, Цена указана без навесного оборудования ";"0";"0";"";"7800";"USD";"";"";"";"";"";"https://d4.by/image/catalog/d4_img/1762387200/1762412706683_17624127013821009371420332071162.jpg,https://d4.by/image/catalog/d4_img/1762387200/1762412743521_17624127325228857167136838905629.jpg,https://d4.by/image/catalog/d4_img/1762387200/1762412719695_17624127134621216287078455057939.jpg,https://d4.by/image/catalog/d4_img/1762387200/1762412725925_17624127206012155145861655503320.jpg,https://d4.by/image/catalog/d4_img/1762387200/1762412731688_17624127267866075095770281443581.jpg,https://d4.by/image/catalog/d4_img/1762387200/1762412700381_17624126923842571010073879980541.jpg,https://d4.by/image/catalog/d4_img/1762387200/1762412691571_17624126838128042828291074209833.jpg,https://d4.by/image/catalog/d4_img/1762387200/1762412682977_17624126782537375517467167803784.jpg,https://d4.by/image/catalog/d4_img/1762387200/1762412677510_17624126711855769070669364329465.jpg,https://d4.by/image/catalog/d4_img/1762387200/1762412670491_17624126640917795384826476222809.jpg,https://d4.by/image/catalog/d4_img/1762387200/1762412752931_17624127458034204160195963920545.jpg,https://d4.by/image/catalog/d4_img/1762387200/1762412712512_17624127075438444343179009954362.jpg"
"346892_1";"BMW";"2 F44";"2022";"Двигатель";"";"бензин";"1.5";"Ti";"";"";"";"0";"0";"";"";"0";" B38A15A";"Из Бельгии. Гарантия на установку и проверку. Цена указана без навесного оборудования ";"0";"0";"";"1900";"USD";"";"";"";"";"";"https://d4.by/image/catalog/d4_img/1744588800/1744640114052_17446401087298042225965956844190.jpg,https://d4.by/image/catalog/d4_img/1744588800/1744640056228_17446400522484413896818870688362.jpg,https://d4.by/image/catalog/d4_img/1744588800/1744640062425_17446400571808666111366149185832.jpg,https://d4.by/image/catalog/d4_img/1744588800/1744640071287_17446400633543703861782752230644.jpg,https://d4.by/image/catalog/d4_img/1744588800/1744640077978_17446400727988841150784080913869.jpg,https://d4.by/image/catalog/d4_img/1744588800/1744640083693_17446400788151710309267264680290.jpg,https://d4.by/image/catalog/d4_img/1744588800/1744640088308_17446400846163775369945490251920.jpg,https://d4.by/image/catalog/d4_img/1744588800/1744640093717_17446400891892473990026437910486.jpg,https://d4.by/image/catalog/d4_img/1744588800/1744640100089_17446400947212561121659115571594.jpg,https://d4.by/image/catalog/d4_img/1744588800/1744640107791_17446401024812769667265483680280.jpg,https://d4.by/image/catalog/d4_img/1744588800/1744640051360_17446400465536536965480177146936.jpg"
"346892_2";"Mini";"Cooper";"2022";"Двигатель";"";"бензин";"1.5";"Ti";"";"";"";"0";"0";"";"";"0";" B38A15A";"Из Бельгии. Гарантия на установку и проверку. Цена указана без навесного оборудования ";"0";"0";"";"1900";"USD";"";"";"";"";"";"https://d4.by/image/catalog/d4_img/1744588800/1744640114052_17446401087298042225965956844190.jpg,https://d4.by/image/catalog/d4_img/1744588800/1744640056228_17446400522484413896818870688362.jpg,https://d4.by/image/catalog/d4_img/1744588800/1744640062425_17446400571808666111366149185832.jpg,https://d4.by/image/catalog/d4_img/1744588800/1744640071287_17446400633543703861782752230644.jpg,https://d4.by/image/catalog/d4_img/1744588800/1744640077978_17446400727988841150784080913869.jpg,https://d4.by/image/catalog/d4_img/1744588800/1744640083693_17446400788151710309267264680290.jpg,https://d4.by/image/catalog/d4_img/1744588800/1744640088308_17446400846163775369945490251920.jpg,https://d4.by/image/catalog/d4_img/1744588800/1744640093717_17446400891892473990026437910486.jpg,https://d4.by/image/catalog/d4_img/1744588800/1744640100089_17446400947212561121659115571594.jpg,https://d4.by/image/catalog/d4_img/1744588800/1744640107791_17446401024812769667265483680280.jpg,https://d4.by/image/catalog/d4_img/1744588800/1744640051360_17446400465536536965480177146936.jpg"
"366879";"Fiat";"Ducato";"2022";"Двигатель";"";"дизель";"2.2";"";"";"";"";"0";"0";"";"";"0";"PV32A02, c02500b1, 2505600";"Из Бельгии.  Гарантия на установку и проверку.  Цена указана без навесного оборудования / пробег  1000км";"0";"0";"";"7800";"USD";"";"";"";"";"";"https://d4.by/image/catalog/d4_img/1762300800/1762351472426_17623514654351125994149987962487.jpg,https://d4.by/image/catalog/d4_img/1762300800/1762351478860_17623514733225320344381672117890.jpg,https://d4.by/image/catalog/d4_img/1762300800/1762351485522_17623514796898105218586284060023.jpg,https://d4.by/image/catalog/d4_img/1762300800/1762351494678_176235148642344328350553379251.jpg,https://d4.by/image/catalog/d4_img/1762300800/1762351501160_1762351495528813878095402223804.jpg,https://d4.by/image/catalog/d4_img/1762300800/1762351507274_17623515019992559683845289070391.jpg,https://d4.by/image/catalog/d4_img/1762300800/1762351516374_17623515080683653854655315730746.jpg,https://d4.by/image/catalog/d4_img/1762300800/1762351523919_17623515172005257716452087282547.jpg"
"360123";"Opel";"Zafira";"2007";"Двигатель";"";"бензин";"1.6";"";"";"";"";"0";"0";"";"";"0";"Z16XE1";"Из Бельгии. Гарантия на установку и проверку, цена указана без навесного оборудования , дефект клапанной крышки НОМЕР НЕ ЧИТАЕМЫЙ";"0";"0";"";"400";"USD";"";"";"";"";"";"https://d4.by/image/catalog/d4_img/1756771200/1756796526315_17567965217251671520538794373876.jpg,https://d4.by/image/catalog/d4_img/1756771200/1756796531475_17567965271195948060462272050909.jpg,https://d4.by/image/catalog/d4_img/1756771200/1756796548032_17567965323341982063287321789157.jpg,https://d4.by/image/catalog/d4_img/1756771200/1756796583453_17567965790955873052651941096098.jpg,https://d4.by/image/catalog/d4_img/1756771200/1756796577982_17567965695646900900775200577253.jpg,https://d4.by/image/catalog/d4_img/1756771200/1756796568637_17567965612594572489460997806656.jpg,https://d4.by/image/catalog/d4_img/1756771200/1756796560347_17567965543631426090354098261795.jpg,https://d4.by/image/catalog/d4_img/1756771200/1756796553471_175679654893497019543358490537.jpg"
"360085";"Suzuki";"Swift";"2018";"Двигатель";"";"бензин";"1.2";"";"";"";"";"0";"0";"";"";"0";"K12C";"Из Бельгии. Гарантия на установку и проверку. Цена указана без навесного оборудования  ";"0";"0";"";"900";"USD";"";"";"";"";"";"https://d4.by/image/catalog/d4_img/1756684800/1756737497722_17567374921739067344220461770660.jpg,https://d4.by/image/catalog/d4_img/1756684800/1756737491309_17567374812356469502917535299689.jpg,https://d4.by/image/catalog/d4_img/1756684800/1756737475556_1756737470578399665456482205161.jpg,https://d4.by/image/catalog/d4_img/1756684800/1756737480351_1756737476415765344381842386344.jpg,https://d4.by/image/catalog/d4_img/1756684800/1756737518333_17567375138286273957613227133506.jpg,https://d4.by/image/catalog/d4_img/1756684800/1756737512989_17567375088626646915835188712204.jpg,https://d4.by/image/catalog/d4_img/1756684800/1756737507924_17567375038028228788317588564441.jpg,https://d4.by/image/catalog/d4_img/1756684800/1756737502820_17567374986178130654081587932579.jpg"
"366830";"Peugeot";"208";"2012";"Двигатель";"";"бензин";"1.2";"";"";"";"";"0";"0";"";"";"0";"HM01";"Из Бельгии.  Гарантия на установку и проверку.  Цена указана без навесного оборудования ";"0";"0";"";"1200";"USD";"";"";"";"";"";"https://d4.by/image/catalog/d4_img/1762300800/1762344538912_17623445322186863884401563087254.jpg,https://d4.by/image/catalog/d4_img/1762300800/1762344547189_17623445397265335089573747069553.jpg,https://d4.by/image/catalog/d4_img/1762300800/1762344531347_17623445228703619144485632174035.jpg,https://d4.by/image/catalog/d4_img/1762300800/1762344522064_1762344516712503891214535036403.jpg,https://d4.by/image/catalog/d4_img/1762300800/1762344514184_17623445026864303903694828156153.jpg,https://d4.by/image/catalog/d4_img/1762300800/1762344501826_17623444965572354910304793885155.jpg,https://d4.by/image/catalog/d4_img/1762300800/1762344495832_17623444896528657598303717198866.jpg"
"360067";"Ford";"Focus";"2003";"Двигатель";"";"дизель";"1.8";"TDCi";"";"";"";"0";"0";"";"";"0";"FFDA";"Из Бельгии. Гарантия на установку и проверку. Цена указана без навесного оборудования  ";"0";"0";"";"290";"USD";"";"";"";"";"";"https://d4.by/image/catalog/d4_img/1756684800/1756733977313_17567339730472716893094569242305.jpg,https://d4.by/image/catalog/d4_img/1756684800/1756733972196_17567339649145675756328749823666.jpg,https://d4.by/image/catalog/d4_img/1756684800/1756734012515_17567340054112863084187370752861.jpg,https://d4.by/image/catalog/d4_img/1756684800/1756734004477_175673400011518326904421468359.jpg,https://d4.by/image/catalog/d4_img/1756684800/1756733989651_17567339842952703817359668739786.jpg,https://d4.by/image/catalog/d4_img/1756684800/1756733994438_17567339904777950895502446436305.jpg,https://d4.by/image/catalog/d4_img/1756684800/1756733999155_17567339953351550855182518631692.jpg,https://d4.by/image/catalog/d4_img/1756684800/1756733983270_17567339781828858713675013354563.jpg"
"360045";"Peugeot";"806";"2001";"Двигатель";"";"дизель";"2.0";"";"";"";"";"0";"0";"";"";"0";"RHX";"Из Бельгии. Гарантия на установку и проверку. Цена указана без навесного оборудования ";"0";"0";"";"300";"USD";"";"";"";"";"";"https://d4.by/image/catalog/d4_img/1756684800/1756731472416_17567314672156685155081170909757.jpg,https://d4.by/image/catalog/d4_img/1756684800/1756731511766_17567315074936368645234446683311.jpg,https://d4.by/image/catalog/d4_img/1756684800/1756731506490_17567315019738424857691866775004.jpg,https://d4.by/image/catalog/d4_img/1756684800/1756731501106_17567314969724737963676214499374.jpg,https://d4.by/image/catalog/d4_img/1756684800/1756731496106_17567314912345835383417990497112.jpg,https://d4.by/image/catalog/d4_img/1756684800/1756731490386_1756731485675413963926506109215.jpg,https://d4.by/image/catalog/d4_img/1756684800/1756731484818_17567314803575527956975392096682.jpg,https://d4.by/image/catalog/d4_img/1756684800/1756731479493_17567314731841585063748847533161.jpg"
"354179";"Renault";"Laguna";"2009";"Двигатель";"";"дизель";"1.5";"";"";"";"";"0";"0";"";"";"0";"K9k378,K9k3780";"Из Бельгии. Гарантия на установку и проверку, цена указана без навесного оборудования ";"0";"0";"";"750";"USD";"";"";"";"";"";"https://d4.by/image/catalog/d4_img/1752192000/1752234386614_17522343781288837609815527399886.jpg,https://d4.by/image/catalog/d4_img/1752192000/1752234391844_17522343874356905802836804980826.jpg,https://d4.by/image/catalog/d4_img/1752192000/1752234399512_17522343926817755354563975119944.jpg,https://d4.by/image/catalog/d4_img/1752192000/1752234404961_17522344003435878937952642409376.jpg,https://d4.by/image/catalog/d4_img/1752192000/1752234412896_17522344059406752783275846242346.jpg,https://d4.by/image/catalog/d4_img/1752192000/1752234418281_17522344137956646457252064153096.jpg,https://d4.by/image/catalog/d4_img/1752192000/1752234431396_17522344191657008958244041268879.jpg,https://d4.by/image/catalog/d4_img/1752192000/1752234437527_17522344330562098946514583886744.jpg"
"354233";"Opel";"Corsa";"2010";"Двигатель";"";"дизель";"1.3";"";"";"";"";"0";"0";"";"";"0";"A13DTE";"Из Бельгии. Гарантия на установку и проверку. Цена указана без навесного оборудования ";"0";"0";"";"900";"USD";"";"";"";"";"";"https://d4.by/image/catalog/d4_img/1752192000/1752243934950_17522439308218119483661131456350.jpg,https://d4.by/image/catalog/d4_img/1752192000/1752243942242_17522439358684607940868875291152.jpg,https://d4.by/image/catalog/d4_img/1752192000/1752243949929_17522439431232700509593485239722.jpg,https://d4.by/image/catalog/d4_img/1752192000/1752243955947_17522439509335283488051653251893.jpg,https://d4.by/image/catalog/d4_img/1752192000/1752243965464_17522439568141068809398922797001.jpg,https://d4.by/image/catalog/d4_img/1752192000/1752243972887_17522439663887762209570939449987.jpg,https://d4.by/image/catalog/d4_img/1752192000/1752243978630_17522439738495783017430264761674.jpg"
"354260";"Dacia";"Logan";"2008";"Двигатель";"";"бензин";"1.2";"";"";"";"";"0";"0";"";"";"0";"D4FF732";"Из Бельгии. Гарантия на установку и проверку. Цена указана без навесного оборудования ";"0";"0";"";"500";"USD";"";"";"";"";"";"https://d4.by/image/catalog/d4_img/1752278400/1752303942545_17523039332762126917437670161877.jpg,https://d4.by/image/catalog/d4_img/1752278400/1752303947698_1752303943356226659887965484549.jpg,https://d4.by/image/catalog/d4_img/1752278400/1752303954039_17523039485092414185873944992877.jpg,https://d4.by/image/catalog/d4_img/1752278400/1752303960618_17523039549983225588981986236017.jpg,https://d4.by/image/catalog/d4_img/1752278400/1752303967011_17523039614291827866520833761001.jpg,https://d4.by/image/catalog/d4_img/1752278400/1752303975103_17523039685496119786935128114383.jpg,https://d4.by/image/catalog/d4_img/1752278400/1752303984475_17523039761177990741850623959805.jpg"
"354312";"LDV";"Maxus";"2006";"Двигатель";"";"дизель";"2.5";"";"";"";"";"0";"0";"";"";"0";"VM39C";"Из Бельгии. Гарантия на установку и проверку. Цена указана без навесного оборудования ";"0";"0";"";"1400";"USD";"";"";"";"";"";"https://d4.by/image/catalog/d4_img/1752278400/1752319998131_1752319990379667936539486530169.jpg,https://d4.by/image/catalog/d4_img/1752278400/1752320003625_17523199990076230905718708058330.jpg,https://d4.by/image/catalog/d4_img/1752278400/1752320012852_17523200083326107179549121029815.jpg,https://d4.by/image/catalog/d4_img/1752278400/1752320018407_17523200137323648077150412678.jpg,https://d4.by/image/catalog/d4_img/1752278400/1752320025053_17523200193158959881661864321346.jpg,https://d4.by/image/catalog/d4_img/1752278400/1752320030179_175232002604546635471929252654.jpg,https://d4.by/image/catalog/d4_img/1752278400/1752320037145_1752320031172214005873829454458.jpg,https://d4.by/image/catalog/d4_img/1752278400/1752320043255_17523200380685019450714876332463.jpg,https://d4.by/image/catalog/d4_img/1752278400/1752320049633_17523200442553244885064468338060.jpg"
"354335";"Chrysler";"Grand Voyager";"2008";"Двигатель";"";"дизель";"2.8";"";"";"";"";"0";"0";"";"";"0";"VM64C";"Из Бельгии. Гарантия на установку и проверку. Цена указана без навесного оборудования ";"0";"0";"";"1700";"USD";"";"";"";"";"";"https://d4.by/image/catalog/d4_img/1752278400/1752326254870_17523262474666711861842496846239.jpg,https://d4.by/image/catalog/d4_img/1752278400/1752326261563_17523262557095828733899603665107.jpg,https://d4.by/image/catalog/d4_img/1752278400/1752326266873_17523262624752780293297480940822.jpg,https://d4.by/image/catalog/d4_img/1752278400/1752326272137_1752326268242889823764501708881.jpg,https://d4.by/image/catalog/d4_img/1752278400/1752326281170_17523262729483481323048536937806.jpg,https://d4.by/image/catalog/d4_img/1752278400/1752326292433_17523262828144723249716628969512.jpg,https://d4.by/image/catalog/d4_img/1752278400/1752326298247_17523262933293741747986289705664.jpg,https://d4.by/image/catalog/d4_img/1752278400/1752326303809_17523262991438969425625136003506.jpg"
"371675";"Fiat";"Punto";"2004";"Двигатель";"";"бензин";"1.2";"";"";"";"";"0";"0";"";"";"0";"188A4000";"Из Бельгии.  Гарантия на установку и проверку.  Цена указана без навесного оборудования ";"0";"0";"";"300";"USD";"";"";"";"";"";"https://d4.by/image/catalog/d4_img/1766361600/1766408330870_17664083254874177318608328345978.jpg,https://d4.by/image/catalog/d4_img/1766361600/1766408324676_17664083173426982005835469586921.jpg,https://d4.by/image/catalog/d4_img/1766361600/1766408316476_17664083093068139283761334241283.jpg,https://d4.by/image/catalog/d4_img/1766361600/1766408308337_1766408301677938488503640417425.jpg,https://d4.by/image/catalog/d4_img/1766361600/1766408300984_17664082947233081998828920635297.jpg,https://d4.by/image/catalog/d4_img/1766361600/1766408281177_17664082748426687248630460390664.jpg,https://d4.by/image/catalog/d4_img/1766361600/1766408287084_17664082819038852273200943181834.jpg,https://d4.by/image/catalog/d4_img/1766361600/1766408292511_17664082878509135527809907578458.jpg"
"358254";"Peugeot";"108";"2020";"Двигатель";"";"бензин";"1.0";"";"";"";"";"0";"0";"";"";"0";"1KRB52E";"Из Бельгии. Гарантия на установку и проверку, цена указана без навесного оборудования, дефект передней крышки двигателя, ";"0";"0";"";"1150";"USD";"";"";"";"";"";"https://d4.by/image/catalog/d4_img/1755043200/1755078915054_17550789106596645332222076254190.jpg,https://d4.by/image/catalog/d4_img/1755043200/1755078909610_17550789057271187319784037886999.jpg,https://d4.by/image/catalog/d4_img/1755043200/1755078904034_17550788975134840611483952412937.jpg,https://d4.by/image/catalog/d4_img/1755043200/1755078896508_17550788906502989836276714448716.jpg,https://d4.by/image/catalog/d4_img/1755043200/1755078884508_17550788799942663212914608671237.jpg,https://d4.by/image/catalog/d4_img/1755043200/1755078889665_17550788855044568086399986022698.jpg,https://d4.by/image/catalog/d4_img/1755043200/1755078878995_17550788743773557175319288397052.jpg,https://d4.by/image/catalog/d4_img/1755043200/1755078868724_17550788616444913379831296248019.jpg,https://d4.by/image/catalog/d4_img/1755043200/1755078873382_17550788696478331576038396224129.jpg"
"354449";"Lancia";"Delta";"2008";"Двигатель";"";"дизель";"1.6";"";"";"";"";"0";"0";"";"";"0";"198A2000";"Из Бельгии. Гарантия на установку и проверку. Цена указана без навесного оборудования ";"0";"0";"";"570";"USD";"";"";"";"";"";"https://d4.by/image/catalog/d4_img/1752451200/1752480585135_17524805801273858556828571548510.jpg,https://d4.by/image/catalog/d4_img/1752451200/1752480618544_17524805859637760898371633782262.jpg,https://d4.by/image/catalog/d4_img/1752451200/1752480624975_17524806195016933681549707313332.jpg,https://d4.by/image/catalog/d4_img/1752451200/1752480630835_17524806259396387557154528949261.jpg,https://d4.by/image/catalog/d4_img/1752451200/1752480636913_17524806318214371726016582674459.jpg,https://d4.by/image/catalog/d4_img/1752451200/1752480642493_17524806378887656401032025553066.jpg,https://d4.by/image/catalog/d4_img/1752451200/1752480650347_17524806457293089779281698182350.jpg"
"354892";"Opel";"Meriva";"2010";"Двигатель";"";"дизель";"1.3";"";"";"";"";"0";"0";"";"";"0";"A13DTE";"Из Бельгии. Гарантия на установку и проверку . Цена указана без навесного оборудования ";"0";"0";"";"900";"USD";"";"";"";"";"";"https://d4.by/image/catalog/d4_img/1752624000/1752674142605_17526741375401747728804363583902.jpg,https://d4.by/image/catalog/d4_img/1752624000/1752674149784_17526741434714310484425131370578.jpg,https://d4.by/image/catalog/d4_img/1752624000/1752674154673_17526741506187880957543996669479.jpg,https://d4.by/image/catalog/d4_img/1752624000/1752674159648_17526741556419048068811095298254.jpg,https://d4.by/image/catalog/d4_img/1752624000/1752674166600_17526741605381137842193875240362.jpg,https://d4.by/image/catalog/d4_img/1752624000/1752674177135_17526741697334402041246093467431.jpg,https://d4.by/image/catalog/d4_img/1752624000/1752674182849_17526741781015156998054718570219.jpg,https://d4.by/image/catalog/d4_img/1752624000/1752674190487_175267418377675712087334553909.jpg"
"355212";"Renault";"Laguna";"2010";"Двигатель";"";"дизель";"2.0";"";"";"";"";"0";"0";"";"";"0";"M9R802";"Из Бельгии. Гарантия на установку и проверку. Цена указана без навесного оборудования ";"0";"0";"";"650";"USD";"";"";"";"";"";"https://d4.by/image/catalog/d4_img/1752883200/1752914638495_17529146324321138001112259270220.jpg,https://d4.by/image/catalog/d4_img/1752883200/1752914645604_17529146393092595071186824687792.jpg,https://d4.by/image/catalog/d4_img/1752883200/1752914650973_1752914646607372046344239324305.jpg,https://d4.by/image/catalog/d4_img/1752883200/1752914657112_17529146530542786878094801794025.jpg,https://d4.by/image/catalog/d4_img/1752883200/1752914662784_17529146580961576682364996593766.jpg,https://d4.by/image/catalog/d4_img/1752883200/1752914669531_17529146637294570908600772490846.jpg,https://d4.by/image/catalog/d4_img/1752883200/1752914676744_17529146704201821190833363632834.jpg,https://d4.by/image/catalog/d4_img/1752883200/1752914683845_17529146776451233787381370396977.jpg"
"355235";"Renault";"Megane";"2004";"Двигатель";"";"бензин";"1.6";"";"";"";"";"0";"0";"";"";"0";"K4M760";"Из Бельгии. Гарантия на установку и проверку. Цена указана без навесного оборудования ";"0";"0";"";"560";"USD";"";"";"";"";"";"https://d4.by/image/catalog/d4_img/1752883200/1752918532143_17529185266098323052871071100080.jpg,https://d4.by/image/catalog/d4_img/1752883200/1752918541456_17529185330234434809133277008932.jpg,https://d4.by/image/catalog/d4_img/1752883200/1752918548344_17529185424164881549020326508058.jpg,https://d4.by/image/catalog/d4_img/1752883200/1752918553511_17529185492727189075419543650079.jpg,https://d4.by/image/catalog/d4_img/1752883200/1752918559191_17529185544418384727634680621551.jpg,https://d4.by/image/catalog/d4_img/1752883200/1752918564410_17529185601622655058077881794133.jpg,https://d4.by/image/catalog/d4_img/1752883200/1752918571877_17529185653431538810871196555242.jpg"
"366522_4";"BMW";"7 E65/E66";"2004";"Двигатель";"530d";"дизель";"3.0";"D";"АКПП";"";"";"0";"0";"";"";"0";"M57D2,7783467A,M57D30TU,M57N";"Из Бельгии, с леворульного авто (не Англия). Двигатель M57 (306D2), форсунки Bosch (0445110131) , турбина с вакуумным управлением, снимался с авто с пробегом 290.000км. Цена указана за столб, можно комплектом - цену уточняйте. Доставка по всей РБ, в РФ транспортными компаниями. Если не доступен звонить/пишите - Viber, WhatsApp, Telegram.";"0";"0";"Запчасть Захара";"950";"USD";"";"Брест";"+375(29)824-89-27 Viber WhatsApp Telegram";"";"";"https://d4.by/image/catalog/d4_img/1762128000/1762189200942_photo_2025-11-03_19-57-47.jpg,https://d4.by/image/catalog/d4_img/1762128000/1762189200941_photo_2025-11-03_19-57-46.jpg,https://d4.by/image/catalog/d4_img/1762128000/1762189200940_photo_2025-11-03_19-57-44.jpg,https://d4.by/image/catalog/d4_img/1762128000/1762189200939_photo_2025-11-03_19-57-42.jpg,https://d4.by/image/catalog/d4_img/1762128000/1762189200938_photo_2025-11-03_19-57-41.jpg,https://d4.by/image/catalog/d4_img/1762128000/1762189200937_photo_2025-11-03_19-57-39.jpg,https://d4.by/image/catalog/d4_img/1762128000/1762189200935_photo_2025-11-03_19-57-37.jpg,https://d4.by/image/catalog/d4_img/1762128000/1762189200933_photo_2025-10-21_18-48-25.jpg"
"366522_2";"BMW";"3 E46";"2004";"Двигатель";"530d";"дизель";"3.0";"D";"АКПП";"";"";"0";"0";"";"";"0";"M57D2,7783467A,M57D30TU,M57N";"Из Бельгии, с леворульного авто (не Англия). Двигатель M57 (306D2), форсунки Bosch (0445110131) , турбина с вакуумным управлением, снимался с авто с пробегом 290.000км. Цена указана за столб, можно комплектом - цену уточняйте. Доставка по всей РБ, в РФ транспортными компаниями. Если не доступен звонить/пишите - Viber, WhatsApp, Telegram.";"0";"0";"Запчасть Захара";"950";"USD";"";"Брест";"+375(29)824-89-27 Viber WhatsApp Telegram";"";"";"https://d4.by/image/catalog/d4_img/1762128000/1762189200942_photo_2025-11-03_19-57-47.jpg,https://d4.by/image/catalog/d4_img/1762128000/1762189200941_photo_2025-11-03_19-57-46.jpg,https://d4.by/image/catalog/d4_img/1762128000/1762189200940_photo_2025-11-03_19-57-44.jpg,https://d4.by/image/catalog/d4_img/1762128000/1762189200939_photo_2025-11-03_19-57-42.jpg,https://d4.by/image/catalog/d4_img/1762128000/1762189200938_photo_2025-11-03_19-57-41.jpg,https://d4.by/image/catalog/d4_img/1762128000/1762189200937_photo_2025-11-03_19-57-39.jpg,https://d4.by/image/catalog/d4_img/1762128000/1762189200935_photo_2025-11-03_19-57-37.jpg,https://d4.by/image/catalog/d4_img/1762128000/1762189200933_photo_2025-10-21_18-48-25.jpg"
"373057";"Renault";"Master";"2004";"Двигатель";"";"дизель";"2.5";"";"";"";"";"0";"0";"";"";"0";"G9U754";"Из Бельгии.  Гарантия на установку и проверку . Цена указана без навесного оборудования ";"0";"0";"";"1350";"USD";"";"";"";"";"";"https://d4.by/image/catalog/d4_img/1768003200/1768054780411_17680547717803378178142264936959.jpg,https://d4.by/image/catalog/d4_img/1768003200/1768054770846_17680547659542498132963309088223.jpg,https://d4.by/image/catalog/d4_img/1768003200/1768054765174_17680547566244157422988010420204.jpg,https://d4.by/image/catalog/d4_img/1768003200/1768054755679_17680547514331105821508815888489.jpg,https://d4.by/image/catalog/d4_img/1768003200/1768054750286_17680547434643056667086603025814.jpg,https://d4.by/image/catalog/d4_img/1768003200/1768054742666_17680547379652059141354389804432.jpg,https://d4.by/image/catalog/d4_img/1768003200/1768054737233_17680547313253364783456852999361.jpg"
"366522_1";"BMW";"5 E60/E61";"2004";"Двигатель";"530d";"дизель";"3.0";"D";"АКПП";"";"";"0";"0";"";"";"0";"M57D2,7783467A,M57D30TU,M57N";"Из Бельгии, с леворульного авто (не Англия). Двигатель M57 (306D2), форсунки Bosch (0445110131) , турбина с вакуумным управлением, снимался с авто с пробегом 290.000км. Цена указана за столб, можно комплектом - цену уточняйте. Доставка по всей РБ, в РФ транспортными компаниями. Если не доступен звонить/пишите - Viber, WhatsApp, Telegram.";"0";"0";"Запчасть Захара";"950";"USD";"";"Брест";"+375(29)824-89-27 Viber WhatsApp Telegram";"";"";"https://d4.by/image/catalog/d4_img/1762128000/1762189200942_photo_2025-11-03_19-57-47.jpg,https://d4.by/image/catalog/d4_img/1762128000/1762189200941_photo_2025-11-03_19-57-46.jpg,https://d4.by/image/catalog/d4_img/1762128000/1762189200940_photo_2025-11-03_19-57-44.jpg,https://d4.by/image/catalog/d4_img/1762128000/1762189200939_photo_2025-11-03_19-57-42.jpg,https://d4.by/image/catalog/d4_img/1762128000/1762189200938_photo_2025-11-03_19-57-41.jpg,https://d4.by/image/catalog/d4_img/1762128000/1762189200937_photo_2025-11-03_19-57-39.jpg,https://d4.by/image/catalog/d4_img/1762128000/1762189200935_photo_2025-11-03_19-57-37.jpg,https://d4.by/image/catalog/d4_img/1762128000/1762189200933_photo_2025-10-21_18-48-25.jpg"
"355297";"Audi";"A3";"2007";"Двигатель";"";"дизель";"2.0";"";"";"";"";"0";"0";"";"";"0";"BMR";"Из Бельгии. Гарантия на установку и проверку . Цена указана без навесного оборудования . Бит поддон ";"0";"0";"";"330";"USD";"";"";"";"";"";"https://d4.by/image/catalog/d4_img/1753056000/1753084748702_17530847401206902594330661313398.jpg,https://d4.by/image/catalog/d4_img/1753056000/1753084755213_17530847495074167140059588359202.jpg,https://d4.by/image/catalog/d4_img/1753056000/1753084763681_17530847561376547125894249632151.jpg,https://d4.by/image/catalog/d4_img/1753056000/1753084771001_17530847646743309684056398692671.jpg,https://d4.by/image/catalog/d4_img/1753056000/1753084776015_175308477184248509216973117591.jpg,https://d4.by/image/catalog/d4_img/1753056000/1753084783077_17530847769238609743700599881105.jpg,https://d4.by/image/catalog/d4_img/1753056000/1753084788555_17530847839566548189603980152808.jpg,https://d4.by/image/catalog/d4_img/1753056000/1753084796221_17530847900457296152422084793440.jpg"
"373049";"Opel";"Movano";"2006";"Двигатель";"";"дизель";"2.5";"";"";"";"";"0";"0";"";"";"0";"G9U650";"Из Бельгии.  Гарантия на установку и проверку . Цена указана без навесного оборудования ";"0";"0";"";"1750";"USD";"";"";"";"";"";"https://d4.by/image/catalog/d4_img/1768003200/1768052699790_17680526936091837864484001958367.jpg,https://d4.by/image/catalog/d4_img/1768003200/1768052692712_17680526864978284772999686808196.jpg,https://d4.by/image/catalog/d4_img/1768003200/1768052685647_17680526810852985651572952451940.jpg,https://d4.by/image/catalog/d4_img/1768003200/1768052680220_17680526708515639660924236824579.jpg,https://d4.by/image/catalog/d4_img/1768003200/1768052738022_17680527336933556217457319576855.jpg,https://d4.by/image/catalog/d4_img/1768003200/1768052732258_17680527214872633542320956248854.jpg,https://d4.by/image/catalog/d4_img/1768003200/1768052720126_17680527106142828667000228417795.jpg,https://d4.by/image/catalog/d4_img/1768003200/1768052709758_17680527054096426144172935442944.jpg"
"373043";"Renault";"Megane";"2006";"Двигатель";"F9";"дизель";"1.9";"";"";"";"";"0";"0";"";"";"0";"F9Q812";"Из Бельгии.  Гарантия на установку и проверку . Цена указана без навесного оборудования ";"0";"0";"";"680";"USD";"";"";"";"";"";"https://d4.by/image/catalog/d4_img/1768003200/1768051009449_17680510039138859732201381092634.jpg,https://d4.by/image/catalog/d4_img/1768003200/1768051068481_17680510622801094146126064688305.jpg,https://d4.by/image/catalog/d4_img/1768003200/1768051061304_17680510491569068762604802790746.jpg,https://d4.by/image/catalog/d4_img/1768003200/1768051048204_17680510436105905118163839483455.jpg,https://d4.by/image/catalog/d4_img/1768003200/1768051042609_17680510376285441771899893550137.jpg,https://d4.by/image/catalog/d4_img/1768003200/1768051036753_17680510304207801710408995431040.jpg,https://d4.by/image/catalog/d4_img/1768003200/1768051027718_17680510196627384826646389494060.jpg,https://d4.by/image/catalog/d4_img/1768003200/1768051018804_17680510104734273399643726868404.jpg"
"355612_1";"Volkswagen";"Sharan";"2001";"Двигатель";"90л.с";"дизель";"1.9";"";"";"";"";"0";"0";"";"";"0";"ANU";"Из Бельгии. Гарантия на установку и проверку . Цена указана без навесного оборудования ";"0";"0";"";"330";"USD";"";"";"";"";"";"https://d4.by/image/catalog/d4_img/1753228800/1753275950961_17532759448238340863376154649334.jpg,https://d4.by/image/catalog/d4_img/1753228800/1753275960339_17532759518536813794779519819728.jpg,https://d4.by/image/catalog/d4_img/1753228800/1753275965457_17532759613161250233561691639844.jpg,https://d4.by/image/catalog/d4_img/1753228800/1753275970924_17532759663831211892922656238320.jpg,https://d4.by/image/catalog/d4_img/1753228800/1753275976422_17532759717944292216908779244015.jpg,https://d4.by/image/catalog/d4_img/1753228800/1753275981750_17532759772936929604727130760925.jpg,https://d4.by/image/catalog/d4_img/1753228800/1753275987818_17532759827966939702392089088940.jpg"
"355612_2";"Ford";"Galaxy";"2001";"Двигатель";"90л.с";"дизель";"1.9";"";"";"";"";"0";"0";"";"";"0";"ANU";"Из Бельгии. Гарантия на установку и проверку . Цена указана без навесного оборудования ";"0";"0";"";"330";"USD";"";"";"";"";"";"https://d4.by/image/catalog/d4_img/1753228800/1753275950961_17532759448238340863376154649334.jpg,https://d4.by/image/catalog/d4_img/1753228800/1753275960339_17532759518536813794779519819728.jpg,https://d4.by/image/catalog/d4_img/1753228800/1753275965457_17532759613161250233561691639844.jpg,https://d4.by/image/catalog/d4_img/1753228800/1753275970924_17532759663831211892922656238320.jpg,https://d4.by/image/catalog/d4_img/1753228800/1753275976422_17532759717944292216908779244015.jpg,https://d4.by/image/catalog/d4_img/1753228800/1753275981750_17532759772936929604727130760925.jpg,https://d4.by/image/catalog/d4_img/1753228800/1753275987818_17532759827966939702392089088940.jpg"
"355612_3";"Seat";"Alhambra";"2001";"Двигатель";"90л.с";"дизель";"1.9";"";"";"";"";"0";"0";"";"";"0";"ANU";"Из Бельгии. Гарантия на установку и проверку . Цена указана без навесного оборудования ";"0";"0";"";"330";"USD";"";"";"";"";"";"https://d4.by/image/catalog/d4_img/1753228800/1753275950961_17532759448238340863376154649334.jpg,https://d4.by/image/catalog/d4_img/1753228800/1753275960339_17532759518536813794779519819728.jpg,https://d4.by/image/catalog/d4_img/1753228800/1753275965457_17532759613161250233561691639844.jpg,https://d4.by/image/catalog/d4_img/1753228800/1753275970924_17532759663831211892922656238320.jpg,https://d4.by/image/catalog/d4_img/1753228800/1753275976422_17532759717944292216908779244015.jpg,https://d4.by/image/catalog/d4_img/1753228800/1753275981750_17532759772936929604727130760925.jpg,https://d4.by/image/catalog/d4_img/1753228800/1753275987818_17532759827966939702392089088940.jpg"
"355654";"Volkswagen";"Sharan";"2005";"Двигатель";"130л.с";"дизель";"1.9";"";"";"";"";"0";"0";"";"";"0";"asz";"Из Бельгии. Гарантия на установку и проверку . Цена указана без навесного оборудования, Есть минимальная выроботка на распредвале ";"0";"0";"";"400";"USD";"";"";"";"";"";"https://d4.by/image/catalog/d4_img/1753228800/1753280592641_17532805860307413164038361441654.jpg,https://d4.by/image/catalog/d4_img/1753228800/1753280597642_17532805935637992716722881172217.jpg,https://d4.by/image/catalog/d4_img/1753228800/1753280603213_17532805985736582334681410277419.jpg,https://d4.by/image/catalog/d4_img/1753228800/1753280608517_175328060413725136310852278696.jpg,https://d4.by/image/catalog/d4_img/1753228800/1753280613596_17532806095367122683615706526328.jpg,https://d4.by/image/catalog/d4_img/1753228800/1753280619963_1753280614570418563053908279857.jpg"
"366427";"Kia";"Carnival";"2004";"Двигатель";"";"дизель";"2.9";"";"";"";"";"0";"0";"";"";"0";"J3";"Из Бельгии.  Гарантия на установку и проверку,  Цена указана без навесного оборудования ";"0";"0";"";"500";"USD";"";"";"";"";"";"https://d4.by/image/catalog/d4_img/1761955200/1761998480165_1761998473406246318678365924743.jpg,https://d4.by/image/catalog/d4_img/1761955200/1761998472579_17619984670676544494687526497491.jpg,https://d4.by/image/catalog/d4_img/1761955200/1761998466164_17619984587615082120675415352519.jpg,https://d4.by/image/catalog/d4_img/1761955200/1761998457939_17619984523683527658396284637778.jpg,https://d4.by/image/catalog/d4_img/1761955200/1761998451509_17619984453194622958227009380668.jpg,https://d4.by/image/catalog/d4_img/1761955200/1761998444486_17619984292457113284654529594155.jpg,https://d4.by/image/catalog/d4_img/1761955200/1761998428512_17619984224185698734971722219862.jpg,https://d4.by/image/catalog/d4_img/1761955200/1761998421647_17619984157395160314928140002891.jpg"
"366353";"Nissan";"Cabstar";"2010";"Двигатель";"";"дизель";"2.5";"";"";"";"";"0";"0";"";"";"0";"Yd25";"Из Бельгии.  Гарантия на установку и проверку. Цена указана без навесного оборудования. Клаппаная пластик";"0";"0";"";"2000";"USD";"";"";"";"";"";"https://d4.by/image/catalog/d4_img/1761955200/1761978811088_17619788058661872697705939889938.jpg,https://d4.by/image/catalog/d4_img/1761955200/1761978791476_1761978784966482158103786817829.jpg,https://d4.by/image/catalog/d4_img/1761955200/1761978797804_17619787923365341428818407207190.jpg,https://d4.by/image/catalog/d4_img/1761955200/1761978805045_17619787985822981179938792668090.jpg,https://d4.by/image/catalog/d4_img/1761955200/1761978828294_1761978818832537059235974387170.jpg,https://d4.by/image/catalog/d4_img/1761955200/1761978817954_17619788118663363871796350155506.jpg,https://d4.by/image/catalog/d4_img/1761955200/1761978758153_17619787517946868086404087648346.jpg,https://d4.by/image/catalog/d4_img/1761955200/1761978784154_17619787671812594790224878270262.jpg,https://d4.by/image/catalog/d4_img/1761955200/1761978764802_17619787588504610192804655554928.jpg"
"356233";"Volkswagen";"Golf";"2006";"Двигатель";"";"дизель";"1.9";"";"";"";"";"0";"0";"";"";"0";"BKC";"Из Бельгии. Гарантия на установку и проверку. Цена указана без навесного оборудования. На 2 -ух кулачках распредвала минимальная выроботка. Дефект клапанной крышки ";"0";"0";"";"300";"USD";"";"";"";"";"";"https://d4.by/image/catalog/d4_img/1753747200/1753771526366_17537715217234792111308040104076.jpg,https://d4.by/image/catalog/d4_img/1753747200/1753771520853_17537715108136700072267668326511.jpg,https://d4.by/image/catalog/d4_img/1753747200/1753771509963_17537715036001471005466440631785.jpg,https://d4.by/image/catalog/d4_img/1753747200/1753771502737_17537714980988608363244867574126.jpg,https://d4.by/image/catalog/d4_img/1753747200/1753771497181_1753771492773483374179244440938.jpg,https://d4.by/image/catalog/d4_img/1753747200/1753771491938_17537714868826816428075065788298.jpg"
"366338";"Volkswagen";"Golf";"1995";"Двигатель";"";"дизель";"1.9";"TDi";"";"";"";"0";"0";"";"";"0";"ALE";"Из Бельгии.  Гарантия на установку и проверку.  Цена указана без навесного оборудования ";"0";"0";"";"550";"USD";"";"";"";"";"";"https://d4.by/image/catalog/d4_img/1761868800/1761920068651_17619200617068328320247042049374.jpg,https://d4.by/image/catalog/d4_img/1761868800/1761920060760_17619200559631169890590208727350.jpg,https://d4.by/image/catalog/d4_img/1761868800/1761920055166_17619200498257987295701612082524.jpg,https://d4.by/image/catalog/d4_img/1761868800/1761920049043_17619200424934811843148637718686.jpg,https://d4.by/image/catalog/d4_img/1761868800/1761920041645_17619200350506343658707135951532.jpg,https://d4.by/image/catalog/d4_img/1761868800/1761920034287_17619200286801148031704541727660.jpg"
"356258";"Audi";"A3";"2010";"Двигатель";"";"дизель";"2.0";"";"";"";"";"0";"0";"";"";"0";"CFF";"Из Бельгии. Гарантия на установку и проверку. Цена указана без навесного оборудования ";"0";"0";"";"1400";"USD";"";"";"";"";"";"https://d4.by/image/catalog/d4_img/1753747200/1753777879168_17537778734736755329577984396108.jpg,https://d4.by/image/catalog/d4_img/1753747200/1753777893316_17537778857147030284543718977414.jpg,https://d4.by/image/catalog/d4_img/1753747200/1753777899412_17537778941955163860032491597860.jpg,https://d4.by/image/catalog/d4_img/1753747200/1753777904255_17537779002713027164165786730980.jpg,https://d4.by/image/catalog/d4_img/1753747200/1753777910180_17537779051845704846907630814977.jpg,https://d4.by/image/catalog/d4_img/1753747200/1753777919901_17537779110872537146055283364956.jpg,https://d4.by/image/catalog/d4_img/1753747200/1753777929535_17537779223722549411973792018535.jpg,https://d4.by/image/catalog/d4_img/1753747200/1753777938933_17537779304206450312923117506081.jpg,https://d4.by/image/catalog/d4_img/1753747200/1753777944115_17537779398801304241821560561567.jpg"
"356341";"Volvo";"S40";"2012";"Двигатель";"";"дизель";"1.6";"";"";"";"";"0";"0";"";"";"0";"D4162T";"Из Бельгии. Гарантия на установку и проверку. Цена указана без навесного оборудования ";"0";"0";"";"800";"USD";"";"";"";"";"";"https://d4.by/image/catalog/d4_img/1753747200/1753791905587_17537919004655920504490420335875.jpg,https://d4.by/image/catalog/d4_img/1753747200/1753791910825_17537919064727912546391453220009.jpg,https://d4.by/image/catalog/d4_img/1753747200/1753791915595_17537919116886313867765238746325.jpg,https://d4.by/image/catalog/d4_img/1753747200/1753791920259_17537919165276677529949432990325.jpg,https://d4.by/image/catalog/d4_img/1753747200/1753791928130_17537919212316732721573198643890.jpg,https://d4.by/image/catalog/d4_img/1753747200/1753791934840_17537919297867487589424455699027.jpg,https://d4.by/image/catalog/d4_img/1753747200/1753791940400_17537919358648562246872432111006.jpg"
"366304";"Mercedes";"C W203";"2004";"Двигатель";"";"бензин";"2.6";"";"";"";"";"0";"0";"";"";"0";"112912";"Из Бельгии.  Гарантия на установку и проверку . Цена указана без навесного оборудования , Дефект  клапанной крышки левой ";"0";"0";"";"850";"USD";"";"";"";"";"";"https://d4.by/image/catalog/d4_img/1761868800/1761902114683_1761902108770248660395509979412.jpg,https://d4.by/image/catalog/d4_img/1761868800/1761902054211_17619020485536201975989125937922.jpg,https://d4.by/image/catalog/d4_img/1761868800/1761902060231_17619020550538793288414371871019.jpg,https://d4.by/image/catalog/d4_img/1761868800/1761902069668_17619020614766871446785473849881.jpg,https://d4.by/image/catalog/d4_img/1761868800/1761902076855_17619020705124966790661084874792.jpg,https://d4.by/image/catalog/d4_img/1761868800/1761902083029_17619020778111581176233746202210.jpg,https://d4.by/image/catalog/d4_img/1761868800/1761902089258_1761902083824147779210314344757.jpg,https://d4.by/image/catalog/d4_img/1761868800/1761902094921_17619020900972373466544203852300.jpg,https://d4.by/image/catalog/d4_img/1761868800/1761902101442_17619020957316439147656336964333.jpg,https://d4.by/image/catalog/d4_img/1761868800/1761902107929_17619021022496091013468515036640.jpg,https://d4.by/image/catalog/d4_img/1761868800/1761902047679_17619020413601488034196581377123.jpg"
"356810";"Volkswagen";"Caddy";"2014";"Двигатель";"";"дизель";"1.6";"";"";"";"";"0";"0";"";"";"0";"CAYZ";"Из Бельгии. Гарантия на установку и проверку. Цена указана без навесного оборудования ";"0";"0";"";"800";"USD";"";"";"";"";"";"https://d4.by/image/catalog/d4_img/1754006400/1754056391730_17540563861148857295543263422251.jpg,https://d4.by/image/catalog/d4_img/1754006400/1754056396379_17540563925962308554035665352899.jpg,https://d4.by/image/catalog/d4_img/1754006400/1754056400850_17540563972485157556114692538301.jpg,https://d4.by/image/catalog/d4_img/1754006400/1754056406185_17540564017422702115343180535699.jpg,https://d4.by/image/catalog/d4_img/1754006400/1754056412015_17540564070627745243632772091459.jpg,https://d4.by/image/catalog/d4_img/1754006400/1754056417140_17540564128675349826943533410477.jpg,https://d4.by/image/catalog/d4_img/1754006400/1754056422213_17540564180816758605919014540430.jpg,https://d4.by/image/catalog/d4_img/1754006400/1754056428874_17540564232284051850277022653636.jpg,https://d4.by/image/catalog/d4_img/1754006400/1754056435189_17540564298875449969520320531607.jpg"
"356865";"Volkswagen";"Golf";"2006";"Двигатель";"";"дизель";"1.9";"";"";"";"";"0";"0";"";"";"0";"BKC";"Из Бельгии. Гарантия на установку и проверку. Цена указана без навесного оборудования. Минимальный выроботка на 2- ух кулачках, (распредвала)";"0";"0";"";"300";"USD";"";"";"";"";"";"https://d4.by/image/catalog/d4_img/1754092800/1754116197483_IMG_20250802_092314.jpg,https://d4.by/image/catalog/d4_img/1754092800/1754116155012_17541161393245907263460432501432.jpg,https://d4.by/image/catalog/d4_img/1754092800/1754116138432_17541161325538492522008611474928.jpg,https://d4.by/image/catalog/d4_img/1754092800/1754116176736_17541161703504888312582369297780.jpg,https://d4.by/image/catalog/d4_img/1754092800/1754116190892_17541161830713959079609113545558.jpg,https://d4.by/image/catalog/d4_img/1754092800/1754116182118_17541161777216152423218840493379.jpg,https://d4.by/image/catalog/d4_img/1754092800/1754116220474_17541162061473766149301837821244.jpg,https://d4.by/image/catalog/d4_img/1754092800/1754116204834_17541161986357093167672833580225.jpg,https://d4.by/image/catalog/d4_img/1754092800/1754116197503_IMG_20250802_092312.jpg,https://d4.by/image/catalog/d4_img/1754092800/1754116169417_17541161637793446741933833684408.jpg,https://d4.by/image/catalog/d4_img/1754092800/1754116162842_17541161559286120995428816132180.jpg"
"356914";"Audi";"A6";"1995";"Двигатель";"";"дизель";"2.5";"";"";"";"";"0";"0";"";"";"0";"AAT";"Из Бельгии. Гарантия на установку и проверку. Цена указана без навесного оборудования. Датчик коленвала в блоке ";"0";"0";"";"800";"USD";"";"";"";"";"";"https://d4.by/image/catalog/d4_img/1754092800/1754124429880_17541244244667197294414222976419.jpg,https://d4.by/image/catalog/d4_img/1754092800/1754124538088_17541245333262156151667600947571.jpg,https://d4.by/image/catalog/d4_img/1754092800/1754124532381_17541245278643328671236705773899.jpg,https://d4.by/image/catalog/d4_img/1754092800/1754124526969_17541245221556963734526536691390.jpg,https://d4.by/image/catalog/d4_img/1754092800/1754124520355_17541245158267343014804357902751.jpg,https://d4.by/image/catalog/d4_img/1754092800/1754124514953_17541245107843994596414022601638.jpg,https://d4.by/image/catalog/d4_img/1754092800/1754124508667_17541245029216813759317639539119.jpg,https://d4.by/image/catalog/d4_img/1754092800/1754124442728_17541244371896756983970927212101.jpg,https://d4.by/image/catalog/d4_img/1754092800/1754124436299_17541244308472678028434566451261.jpg,https://d4.by/image/catalog/d4_img/1754092800/1754124545170_17541245390319097956687775023858.jpg"
"356930";"Audi";"A4";"2001";"Двигатель";"";"дизель";"1.9";"";"";"";"";"0";"0";"";"";"0";"AWX";"Из Бельгии. Гарантия на установку и проверку. Цена указана без навесного оборудования, Минимальная выроботка на распредвале на пару кулачков";"0";"0";"";"290";"USD";"";"";"";"";"";"https://d4.by/image/catalog/d4_img/1754092800/1754128272496_17541282674518108111622923992895.jpg,https://d4.by/image/catalog/d4_img/1754092800/1754128364855_IMG_20250802_123415.jpg,https://d4.by/image/catalog/d4_img/1754092800/1754128319450_17541283148905670117642916895979.jpg,https://d4.by/image/catalog/d4_img/1754092800/1754128313888_17541283084449060199127277485165.jpg,https://d4.by/image/catalog/d4_img/1754092800/1754128307507_17541283021481899539416545870478.jpg,https://d4.by/image/catalog/d4_img/1754092800/1754128301262_1754128291663223700606849066590.jpg,https://d4.by/image/catalog/d4_img/1754092800/1754128290655_17541282857741702867333735535840.jpg,https://d4.by/image/catalog/d4_img/1754092800/1754128284794_17541282806534936862164426739630.jpg,https://d4.by/image/catalog/d4_img/1754092800/1754128279643_17541282734003301123096897024575.jpg,https://d4.by/image/catalog/d4_img/1754092800/1754128364873_IMG_20250802_123408.jpg"
"356951";"Iveco";"Daily";"2000";"Двигатель";"";"дизель";"2.8";"";"";"";"";"0";"0";"";"";"0";"sofim814023";"Из Бельгии. Гарантия на установку и проверку. Цена указана без навесного оборудования ";"0";"0";"";"1750";"USD";"";"";"";"";"";"https://d4.by/image/catalog/d4_img/1754092800/1754133804682_1754133799947749380316103508533.jpg,https://d4.by/image/catalog/d4_img/1754092800/1754133809615_17541338055581700655102666461706.jpg,https://d4.by/image/catalog/d4_img/1754092800/1754133814788_17541338105277200244125304380950.jpg,https://d4.by/image/catalog/d4_img/1754092800/1754133819582_17541338157485488338790135915674.jpg,https://d4.by/image/catalog/d4_img/1754092800/1754133824867_1754133820572550111996946275824.jpg,https://d4.by/image/catalog/d4_img/1754092800/1754133829785_17541338258398556850962569094757.jpg,https://d4.by/image/catalog/d4_img/1754092800/1754133932192_17541339267536090856964428949198.jpg"
"356984";"Volkswagen";"Touran";"2004";"Двигатель";"";"дизель";"2.0";"";"";"";"";"0";"0";"";"";"0";"BKD";"Из Бельгии. Гарантия на установку и проверку  Цена указана без навесного оборудования ";"0";"0";"";"250";"USD";"";"";"";"";"";"https://d4.by/image/catalog/d4_img/1754092800/1754139187919_1754139183643452643365296367263.jpg,https://d4.by/image/catalog/d4_img/1754092800/1754139197945_17541391889556922420424737379867.jpg,https://d4.by/image/catalog/d4_img/1754092800/1754139204530_17541391988972030024409262360028.jpg,https://d4.by/image/catalog/d4_img/1754092800/1754139211138_17541392069077417866528756956078.jpg,https://d4.by/image/catalog/d4_img/1754092800/1754139216315_17541392120512757542358557137811.jpg,https://d4.by/image/catalog/d4_img/1754092800/1754139221881_17541392174046773356081684542400.jpg"
"357000";"Audi";"A3";"2008";"Двигатель";"";"дизель";"2.0";"";"";"";"";"0";"0";"";"";"0";"BMN";"Из Бельгии. Гарантия на установку и проверку  Цена указана без навесного оборудования ";"0";"0";"";"330";"USD";"";"";"";"";"";"https://d4.by/image/catalog/d4_img/1754092800/1754143639298_17541436298746542648786161986172.jpg,https://d4.by/image/catalog/d4_img/1754092800/1754143644435_17541436401631275528154585339633.jpg,https://d4.by/image/catalog/d4_img/1754092800/1754143650717_17541436453045832503703948378741.jpg,https://d4.by/image/catalog/d4_img/1754092800/1754143661001_17541436516469139309380937673168.jpg,https://d4.by/image/catalog/d4_img/1754092800/1754143668186_17541436641755428180889861365469.jpg,https://d4.by/image/catalog/d4_img/1754092800/1754143676228_17541436691084509144698147240885.jpg,https://d4.by/image/catalog/d4_img/1754092800/1754143681371_17541436772431247410886252853664.jpg,https://d4.by/image/catalog/d4_img/1754092800/1754143687906_17541436823624303552970955228499.jpg"
"357070";"Volkswagen";"Polo";"2011";"Двигатель";"";"дизель";"1.6";"";"";"";"";"0";"0";"";"";"0";"CAYD";"Из Бельгии. Гарантия на установку и проверку. Цена указана без навесного оборудования ";"0";"0";"";"800";"USD";"";"";"";"";"";"https://d4.by/image/catalog/d4_img/1754265600/1754300766342_17543007615823646421193195425685.jpg,https://d4.by/image/catalog/d4_img/1754265600/1754300771385_17543007671663949598060275655095.jpg,https://d4.by/image/catalog/d4_img/1754265600/1754300777467_17543007722256048650008959185283.jpg,https://d4.by/image/catalog/d4_img/1754265600/1754300782656_17543007783903103217597006011385.jpg,https://d4.by/image/catalog/d4_img/1754265600/1754300787572_1754300783515679574253055724190.jpg,https://d4.by/image/catalog/d4_img/1754265600/1754300792557_17543007884834687191276843973304.jpg,https://d4.by/image/catalog/d4_img/1754265600/1754300808532_17543007998008183777616787362703.jpg,https://d4.by/image/catalog/d4_img/1754265600/1754300815481_17543008097469149885273772573800.jpg"
"357135_1";"Volkswagen";"Sharan";"2003";"Двигатель";"";"дизель";"1.9";"";"";"";"";"0";"0";"";"";"0";"AUY";"Из Бельгии. Гарантия на установку и проверку. Цена указана без навесного оборудования. Дефект клапанной крышки, выроботка оаспредвала";"0";"0";"";"240";"USD";"";"";"";"";"";"https://d4.by/image/catalog/d4_img/1754265600/1754310227841_17543102236203441466564027166111.jpg,https://d4.by/image/catalog/d4_img/1754265600/1754310272537_IMG_20250804_145053.jpg,https://d4.by/image/catalog/d4_img/1754265600/1754310272515_IMG_20250804_145103.jpg,https://d4.by/image/catalog/d4_img/1754265600/1754310257791_17543102534151403195602283444829.jpg,https://d4.by/image/catalog/d4_img/1754265600/1754310252561_17543102485951144551297626863418.jpg,https://d4.by/image/catalog/d4_img/1754265600/1754310247681_17543102431173360443701181896857.jpg,https://d4.by/image/catalog/d4_img/1754265600/1754310242307_17543102388397752520222965617483.jpg,https://d4.by/image/catalog/d4_img/1754265600/1754310237911_17543102336846026780309387878397.jpg,https://d4.by/image/catalog/d4_img/1754265600/1754310232787_1754310228621262554533864113521.jpg,https://d4.by/image/catalog/d4_img/1754265600/1754310281533_17543102771448920132299758503044.jpg"
"357135_2";"Ford";"Galaxy";"2003";"Двигатель";"";"дизель";"1.9";"";"";"";"";"0";"0";"";"";"0";"AUY";"Из Бельгии. Гарантия на установку и проверку. Цена указана без навесного оборудования. Дефект клапанной крышки, выроботка оаспредвала";"0";"0";"";"240";"USD";"";"";"";"";"";"https://d4.by/image/catalog/d4_img/1754265600/1754310227841_17543102236203441466564027166111.jpg,https://d4.by/image/catalog/d4_img/1754265600/1754310272537_IMG_20250804_145053.jpg,https://d4.by/image/catalog/d4_img/1754265600/1754310272515_IMG_20250804_145103.jpg,https://d4.by/image/catalog/d4_img/1754265600/1754310257791_17543102534151403195602283444829.jpg,https://d4.by/image/catalog/d4_img/1754265600/1754310252561_17543102485951144551297626863418.jpg,https://d4.by/image/catalog/d4_img/1754265600/1754310247681_17543102431173360443701181896857.jpg,https://d4.by/image/catalog/d4_img/1754265600/1754310242307_17543102388397752520222965617483.jpg,https://d4.by/image/catalog/d4_img/1754265600/1754310237911_17543102336846026780309387878397.jpg,https://d4.by/image/catalog/d4_img/1754265600/1754310232787_1754310228621262554533864113521.jpg,https://d4.by/image/catalog/d4_img/1754265600/1754310281533_17543102771448920132299758503044.jpg"
"357135_3";"Seat";"Alhambra";"2003";"Двигатель";"";"дизель";"1.9";"";"";"";"";"0";"0";"";"";"0";"AUY";"Из Бельгии. Гарантия на установку и проверку. Цена указана без навесного оборудования. Дефект клапанной крышки, выроботка оаспредвала";"0";"0";"";"240";"USD";"";"";"";"";"";"https://d4.by/image/catalog/d4_img/1754265600/1754310227841_17543102236203441466564027166111.jpg,https://d4.by/image/catalog/d4_img/1754265600/1754310272537_IMG_20250804_145053.jpg,https://d4.by/image/catalog/d4_img/1754265600/1754310272515_IMG_20250804_145103.jpg,https://d4.by/image/catalog/d4_img/1754265600/1754310257791_17543102534151403195602283444829.jpg,https://d4.by/image/catalog/d4_img/1754265600/1754310252561_17543102485951144551297626863418.jpg,https://d4.by/image/catalog/d4_img/1754265600/1754310247681_17543102431173360443701181896857.jpg,https://d4.by/image/catalog/d4_img/1754265600/1754310242307_17543102388397752520222965617483.jpg,https://d4.by/image/catalog/d4_img/1754265600/1754310237911_17543102336846026780309387878397.jpg,https://d4.by/image/catalog/d4_img/1754265600/1754310232787_1754310228621262554533864113521.jpg,https://d4.by/image/catalog/d4_img/1754265600/1754310281533_17543102771448920132299758503044.jpg"
"372763";"Renault";"Clio";"2007";"Двигатель";"";"бензин";"1.2";"";"";"";"";"0";"0";"";"";"0";"D4F740";"Из Бельгии.  Гарантия на установку и проверку.  Цена указана без навесного оборудования ";"0";"0";"";"300";"USD";"";"";"";"";"";"https://d4.by/image/catalog/d4_img/1767830400/1767857293566_17678572888482314330350518168959.jpg,https://d4.by/image/catalog/d4_img/1767830400/1767857288103_17678572829522433964995566799951.jpg,https://d4.by/image/catalog/d4_img/1767830400/1767857282107_17678572728188438566565774293808.jpg,https://d4.by/image/catalog/d4_img/1767830400/1767857271649_17678572654388454394580390393062.jpg,https://d4.by/image/catalog/d4_img/1767830400/1767857264449_17678572512422778088901813766920.jpg,https://d4.by/image/catalog/d4_img/1767830400/1767857250370_17678572283586381148398737796803.jpg,https://d4.by/image/catalog/d4_img/1767830400/1767857301098_17678572943757916030183382788425.jpg,https://d4.by/image/catalog/d4_img/1767830400/1767857224298_17678572170753978229560089624296.jpg"
"366099";"Renault";"Megane";"2019";"Двигатель";"";"бензин";"1.3";"Ti";"";"";"";"0";"0";"";"";"0";"H5H470";"Из Бельгии.  Гарантия на установку и проверку.  Цена указана без навесного оборудов ";"0";"0";"";"1700";"USD";"";"";"";"";"";"https://d4.by/image/catalog/d4_img/1761696000/1761740975599_17617409685513418611487116239702.jpg,https://d4.by/image/catalog/d4_img/1761696000/1761740967708_1761740960688405113820245367092.jpg,https://d4.by/image/catalog/d4_img/1761696000/1761740959802_17617409520853427202672658934199.jpg,https://d4.by/image/catalog/d4_img/1761696000/1761740951181_17617409456764345118591787365454.jpg,https://d4.by/image/catalog/d4_img/1761696000/1761740944896_17617409393015942695519795516703.jpg,https://d4.by/image/catalog/d4_img/1761696000/1761740938485_17617409329538197720389091220882.jpg,https://d4.by/image/catalog/d4_img/1761696000/1761740932102_17617409265885026140084450425496.jpg,https://d4.by/image/catalog/d4_img/1761696000/1761740925767_17617409194467230965468579375537.jpg,https://d4.by/image/catalog/d4_img/1761696000/1761740918614_17617409122075253688345210536651.jpg"
"372757";"Renault";"Scenic";"2004";"Двигатель";"";"бензин";"2.0";"";"";"";"";"0";"0";"";"";"0";"F4R770";"Из Бельгии.  Гарантия на установку и проверку.  Цена указана без навесного оборудования ";"0";"0";"";"500";"USD";"";"";"";"";"";"https://d4.by/image/catalog/d4_img/1767830400/1767855517886_17678555122123190572447838190634.jpg,https://d4.by/image/catalog/d4_img/1767830400/1767855511337_1767855506491719964441694424292.jpg,https://d4.by/image/catalog/d4_img/1767830400/1767855505695_17678555000772589687829155205847.jpg,https://d4.by/image/catalog/d4_img/1767830400/1767855499200_17678554937239143052852029093244.jpg,https://d4.by/image/catalog/d4_img/1767830400/1767855492956_17678554871334557943109242287550.jpg,https://d4.by/image/catalog/d4_img/1767830400/1767855486312_17678554791521748089290502740649.jpg,https://d4.by/image/catalog/d4_img/1767830400/1767855468486_17678554458863294933427416928679.jpg,https://d4.by/image/catalog/d4_img/1767830400/1767855445048_17678554292151695936481660487694.jpg,https://d4.by/image/catalog/d4_img/1767830400/1767855428490_17678554216632512235105500321756.jpg"
"366080";"Mercedes";"C W204";"2012";"Двигатель";"";"бензин";"1.6";"Ti";"";"";"";"0";"0";"";"";"0";"274910";"Из Бельгии.  Гарантия на установку и проверку.  Цена указана без навесного оборудования ";"0";"0";"";"3500";"USD";"";"";"";"";"";"https://d4.by/image/catalog/d4_img/1761696000/1761734864084_17617348542555088734199960678964.jpg,https://d4.by/image/catalog/d4_img/1761696000/1761734853382_17617348481917719815865393893430.jpg,https://d4.by/image/catalog/d4_img/1761696000/1761734847376_17617348402288751036768160371218.jpg,https://d4.by/image/catalog/d4_img/1761696000/1761734839337_17617348339663149158130200186112.jpg,https://d4.by/image/catalog/d4_img/1761696000/1761734832350_17617348270343358805110474424598.jpg,https://d4.by/image/catalog/d4_img/1761696000/1761734826209_17617348197667079650492856360507.jpg,https://d4.by/image/catalog/d4_img/1761696000/1761734818862_17617348136343247750345361945230.jpg,https://d4.by/image/catalog/d4_img/1761696000/1761734812908_17617348067111117923393720339211.jpg,https://d4.by/image/catalog/d4_img/1761696000/1761734805954_17617348002897751588138385399123.jpg"
"366134";"Peugeot";"207";"2011";"Двигатель";"";"дизель";"1.4";"";"";"";"";"0";"0";"";"";"0";"8HR";"Из Бельгии.  Гарантия на установку и проверку.  Цена указана без навесного оборудования ";"0";"0";"";"200";"USD";"";"";"";"";"";"https://d4.by/image/catalog/d4_img/1761696000/1761748756179_17617487486202197205487618702633.jpg,https://d4.by/image/catalog/d4_img/1761696000/1761748747723_17617487383231083117498879395892.jpg,https://d4.by/image/catalog/d4_img/1761696000/1761748737478_1761748731820230465987195994297.jpg,https://d4.by/image/catalog/d4_img/1761696000/1761748730931_17617487249205865230092541315883.jpg,https://d4.by/image/catalog/d4_img/1761696000/1761748724180_1761748719050168774611755122423.jpg,https://d4.by/image/catalog/d4_img/1761696000/1761748718152_17617487114193598133705746147749.jpg"
"372712";"Renault";"Twingo";"2009";"Двигатель";"";"бензин";"1.2";"";"";"";"";"0";"0";"";"";"0";"D7F800";"Из Бельгии.  Гарантия на установку и проверку,  Цена указана без навесного оборудования ";"0";"0";"";"350";"USD";"";"";"";"";"";"https://d4.by/image/catalog/d4_img/1767657600/1767695152544_17676951478152712458703277678871.jpg,https://d4.by/image/catalog/d4_img/1767657600/1767695168574_17676951534314515719161089828153.jpg,https://d4.by/image/catalog/d4_img/1767657600/1767695177152_17676951695234284433344537971415.jpg,https://d4.by/image/catalog/d4_img/1767657600/1767695185173_17676951798004322307435006961126.jpg,https://d4.by/image/catalog/d4_img/1767657600/1767695193825_17676951859674811571258263776935.jpg,https://d4.by/image/catalog/d4_img/1767657600/1767695202466_17676951946649062899054899687665.jpg,https://d4.by/image/catalog/d4_img/1767657600/1767695211454_17676952035544796985203866155827.jpg"
"366010";"Mercedes";"Sprinter";"2010";"Двигатель";"";"дизель";"2.2";"";"";"";"";"0";"0";"";"";"0";"651913,651";"Из Бельгии.  Гарантия на установку и проверку.  Цена указана без навесного оборудования ";"0";"0";"";"2700";"USD";"";"";"";"";"";"https://d4.by/image/catalog/d4_img/1761696000/1761719594848_17617195872942111128715076502697.jpg,https://d4.by/image/catalog/d4_img/1761696000/1761719630624_17617196251388433242653922151019.jpg,https://d4.by/image/catalog/d4_img/1761696000/1761719637645_17617196314066797556810182852634.jpg,https://d4.by/image/catalog/d4_img/1761696000/1761719643898_17617196384653486016793313666619.jpg,https://d4.by/image/catalog/d4_img/1761696000/1761719650787_1761719644722956913453165604881.jpg,https://d4.by/image/catalog/d4_img/1761696000/1761719659019_17617196515936059343628168324958.jpg,https://d4.by/image/catalog/d4_img/1761696000/1761719667525_17617196599376329916362685211561.jpg,https://d4.by/image/catalog/d4_img/1761696000/1761719675035_1761719669412809574056537100037.jpg,https://d4.by/image/catalog/d4_img/1761696000/1761719617628_17617196116971796407228905050052.jpg,https://d4.by/image/catalog/d4_img/1761696000/1761719610802_17617195956915595683845891882826.jpg,https://d4.by/image/catalog/d4_img/1761696000/1761719624385_17617196185332666664833844762.jpg"
"357844";"Toyota";"Yaris";"2001";"Двигатель";"";"бензин";"1.3";"";"АКПП";"";"";"0";"0";"";"";"0";"V2NZP62";"Из Бельгии. Гарантия на установку и проверку . Цена указана без навесного оборудования ";"0";"0";"";"500";"USD";"";"";"";"";"";"https://d4.by/image/catalog/d4_img/1754697600/1754749303340_17547492979678457643287135354991.jpg,https://d4.by/image/catalog/d4_img/1754697600/1754749296864_17547492923355668884815694230288.jpg,https://d4.by/image/catalog/d4_img/1754697600/1754749291350_17547492870553024506708237359378.jpg,https://d4.by/image/catalog/d4_img/1754697600/1754749285987_17547492805649189925581355653224.jpg,https://d4.by/image/catalog/d4_img/1754697600/1754749279609_17547492748241265303768162320676.jpg,https://d4.by/image/catalog/d4_img/1754697600/1754749273870_17547492693976846206176615782112.jpg,https://d4.by/image/catalog/d4_img/1754697600/1754749268413_17547492633342042525474793605531.jpg,https://d4.by/image/catalog/d4_img/1754697600/1754749262443_17547492561474456606988587731336.jpg"
"357873";"Dacia";"Sandero";"2010";"Двигатель";"";"дизель";"1.5";"";"";"";"";"0";"0";"";"";"0";"k9k892";"Из Бельгии. Гарантия на установку и проверку. Цена указана без навесного оборудования . Топливная Delphi";"0";"0";"";"600";"USD";"";"";"";"";"";"https://d4.by/image/catalog/d4_img/1754870400/1754893951651_17548939463666337908152710357885.jpg,https://d4.by/image/catalog/d4_img/1754870400/1754893945449_17548939409274165959955245769383.jpg,https://d4.by/image/catalog/d4_img/1754870400/1754893940069_17548939318736072997295145029212.jpg,https://d4.by/image/catalog/d4_img/1754870400/1754893930958_17548939260651069217569584797233.jpg,https://d4.by/image/catalog/d4_img/1754870400/1754893925233_17548939212288578031722778950326.jpg,https://d4.by/image/catalog/d4_img/1754870400/1754893920342_17548939162706829747279882728399.jpg,https://d4.by/image/catalog/d4_img/1754870400/1754893915323_17548939092747983602480883741652.jpg,https://d4.by/image/catalog/d4_img/1754870400/1754893908067_17548939041264828948040061893024.jpg,https://d4.by/image/catalog/d4_img/1754870400/1754893903216_17548938971548903882240506917641.jpg"
"357885";"Renault";"Logan";"2006";"Двигатель";"";"дизель";"1.5";"";"";"";"";"0";"0";"";"";"0";"K9KK792,K9K792";"Из Бельгии. Гарантия на установку и проверку. Цена указана без навесного оборудования, Стартер спереди, Маркировка не читается ";"0";"0";"";"750";"USD";"";"";"";"";"";"https://d4.by/image/catalog/d4_img/1754870400/1754896677754_17548966724166440249797097034072.jpg,https://d4.by/image/catalog/d4_img/1754870400/1754896683113_17548966785229122613466406260342.jpg,https://d4.by/image/catalog/d4_img/1754870400/1754896688367_1754896683946581581147222163186.jpg,https://d4.by/image/catalog/d4_img/1754870400/1754896693492_17548966893084504028496549558567.jpg,https://d4.by/image/catalog/d4_img/1754870400/1754896700355_17548966943203341589874063480088.jpg,https://d4.by/image/catalog/d4_img/1754870400/1754896705462_17548967012173642314214584376558.jpg,https://d4.by/image/catalog/d4_img/1754870400/1754896710665_17548967063076464068497044538833.jpg"
"372701";"Opel";"Astra";"2008";"Двигатель";"";"бензин";"1.4";"";"";"";"";"0";"0";"";"";"0";"Z14xer";"Из Бельгии.  Гарантия на установку и проверку.  Цена указана без навесного оборудования ";"0";"0";"";"590";"USD";"";"";"";"";"";"https://d4.by/image/catalog/d4_img/1767657600/1767690716944_17676907086822962398192003312782.jpg,https://d4.by/image/catalog/d4_img/1767657600/1767690707871_17676907011948467621108065618146.jpg,https://d4.by/image/catalog/d4_img/1767657600/1767690726191_17676907177988675949868077023577.jpg,https://d4.by/image/catalog/d4_img/1767657600/1767690692386_17676906860593444706787637803767.jpg,https://d4.by/image/catalog/d4_img/1767657600/1767690685262_1767690677861734923892533618374.jpg,https://d4.by/image/catalog/d4_img/1767657600/1767690676964_17676906680994729486504509196882.jpg,https://d4.by/image/catalog/d4_img/1767657600/1767690667433_17676906622034892960286564276714.jpg"
"357915";"Renault";"Clio";"2007";"Двигатель";"";"дизель";"1.5";"";"";"";"";"0";"0";"";"";"0";"k9k770";"Из Бельгии. Гарантия на установку и проверку. Цена указана без навесного оборудования , Стартер спереди ";"0";"0";"";"400";"USD";"";"";"";"";"";"https://d4.by/image/catalog/d4_img/1754870400/1754901717251_17549017098993562536992153606230.jpg,https://d4.by/image/catalog/d4_img/1754870400/1754901739093_17549017343156042765369436686144.jpg,https://d4.by/image/catalog/d4_img/1754870400/1754901744105_17549017399827220303359630638848.jpg,https://d4.by/image/catalog/d4_img/1754870400/1754901749428_17549017450238253908083679203413.jpg,https://d4.by/image/catalog/d4_img/1754870400/1754901754533_17549017502808428504005885107197.jpg,https://d4.by/image/catalog/d4_img/1754870400/1754901759893_17549017554096007659490631706056.jpg,https://d4.by/image/catalog/d4_img/1754870400/1754901765898_17549017608953690014276096480200.jpg,https://d4.by/image/catalog/d4_img/1754870400/1754901776825_17549017667367671134561557394509.jpg,https://d4.by/image/catalog/d4_img/1754870400/1754901783756_17549017777307884629228482963480.jpg"
"372696";"Renault";"Scenic";"2000";"Двигатель";"";"дизель";"1.9";"DTi";"";"";"";"0";"0";"";"";"0";"F9Q731";"Из Бельгии.  Гарантия на установку и проверку,  Цена указана без навесного оборудования ";"0";"0";"";"480";"USD";"";"";"";"";"";"https://d4.by/image/catalog/d4_img/1767657600/1767687005584_17676869999707022575584969867290.jpg,https://d4.by/image/catalog/d4_img/1767657600/1767686990056_17676869842573255418432943904346.jpg,https://d4.by/image/catalog/d4_img/1767657600/1767686999184_17676869909474082158172785467241.jpg,https://d4.by/image/catalog/d4_img/1767657600/1767686983381_17676869782672409031461859095660.jpg,https://d4.by/image/catalog/d4_img/1767657600/1767687021187_17676870148951962775781431912558.jpg,https://d4.by/image/catalog/d4_img/1767657600/1767687013999_17676870064422472465059508873690.jpg,https://d4.by/image/catalog/d4_img/1767657600/1767686976092_17676869695762064345896088869695.jpg,https://d4.by/image/catalog/d4_img/1767657600/1767686968770_17676869592493479614831713709035.jpg"
"357960";"Opel";"Meriva";"2005";"Двигатель";"";"дизель";"1.3";"";"";"";"";"0";"0";"";"";"0";"Z13DT";"Из Бельгии. Гарантия на установку и проверку. Цена указана без навесного оборудования ";"0";"0";"";"390";"USD";"";"";"";"";"";"https://d4.by/image/catalog/d4_img/1754870400/1754912538038_17549125317131555671923632604778.jpg,https://d4.by/image/catalog/d4_img/1754870400/1754912543515_17549125389155463032950264653406.jpg,https://d4.by/image/catalog/d4_img/1754870400/1754912549572_17549125443827578335279133548318.jpg,https://d4.by/image/catalog/d4_img/1754870400/1754912557270_17549125505673739869651801116043.jpg,https://d4.by/image/catalog/d4_img/1754870400/1754912562555_17549125581334577130916540159946.jpg,https://d4.by/image/catalog/d4_img/1754870400/1754912567615_17549125634363280322879138111320.jpg,https://d4.by/image/catalog/d4_img/1754870400/1754912575651_17549125685904312995580502294858.jpg,https://d4.by/image/catalog/d4_img/1754870400/1754912581044_17549125765714080335158483665109.jpg"
"372679";"Renault";"Espace";"1999";"Двигатель";"";"бензин";"2.0";"";"";"";"";"0";"0";"";"";"0";"F4R";"Из Бельгии.  Гарантия на установку и проверку.  Без фазорегулятора . маркировка не читается Цена указана без навесного оборудования ";"0";"0";"";"800";"USD";"";"";"";"";"";"https://d4.by/image/catalog/d4_img/1767657600/1767682879167_17676828705784222855418960477908.jpg,https://d4.by/image/catalog/d4_img/1767657600/1767682884965_17676828799564808878156613169665.jpg,https://d4.by/image/catalog/d4_img/1767657600/1767682891232_17676828857857463390444680776209.jpg,https://d4.by/image/catalog/d4_img/1767657600/1767682896274_17676828920563853179920327379430.jpg,https://d4.by/image/catalog/d4_img/1767657600/1767682903087_17676828970348808685921291664217.jpg,https://d4.by/image/catalog/d4_img/1767657600/1767682908234_17676829039766892688350249536274.jpg,https://d4.by/image/catalog/d4_img/1767657600/1767682916182_17676829090968977581965563252415.jpg"
"358009";"Peugeot";"207";"2010";"Двигатель";"";"дизель";"1.4";"";"";"";"";"0";"0";"";"";"0";"8HR";"Из Бельгии. Гарантия на установку и проверку. Цена указана без навесного оборудования ";"0";"0";"";"230";"USD";"";"";"";"";"";"https://d4.by/image/catalog/d4_img/1754870400/1754920171982_17549201678782823681511183957779.jpg,https://d4.by/image/catalog/d4_img/1754870400/1754920167018_17549201610201025855968122093051.jpg,https://d4.by/image/catalog/d4_img/1754870400/1754920177392_17549201729671284926994787667290.jpg,https://d4.by/image/catalog/d4_img/1754870400/1754920183033_17549201783536953555550959859579.jpg,https://d4.by/image/catalog/d4_img/1754870400/1754920188371_17549201840704041176813886681489.jpg,https://d4.by/image/catalog/d4_img/1754870400/1754920195336_17549201894877535961136860770728.jpg,https://d4.by/image/catalog/d4_img/1754870400/1754920201873_17549201966942647846655626123065.jpg"
"358026";"Volvo";"S40";"2005";"Двигатель";"";"бензин";"1.8";"";"";"";"";"0";"0";"";"";"0";"B4184S,B4184SF,B4184S10";"Из Бельгии. Гарантия на установку и проверку . Цена указана без навесного оборудования ";"0";"0";"";"700";"USD";"";"";"";"";"";"https://d4.by/image/catalog/d4_img/1754870400/1754922458008_17549224525778730515407122302237.jpg,https://d4.by/image/catalog/d4_img/1754870400/1754922463418_17549224588605928353437702571126.jpg,https://d4.by/image/catalog/d4_img/1754870400/1754922505479_1754922498803560292333266614297.jpg,https://d4.by/image/catalog/d4_img/1754870400/1754922510977_17549225064833477754810428437384.jpg,https://d4.by/image/catalog/d4_img/1754870400/1754922516968_17549225119282218164201537432681.jpg,https://d4.by/image/catalog/d4_img/1754870400/1754922524437_17549225179065601554454513427272.jpg,https://d4.by/image/catalog/d4_img/1754870400/1754922540026_17549225319815076869226266760544.jpg"
"372666";"Renault";"Modus";"2007";"Двигатель";"";"бензин";"1.6";"";"";"";"";"0";"0";"";"";"0";"K4M790";"Из Бельгии.  Гарантия на установку и проверку.  Цена указана без навесного оборудования ";"0";"0";"";"550";"USD";"";"";"";"";"";"https://d4.by/image/catalog/d4_img/1767571200/1767623297001_17676232905534291382103440886695.jpg,https://d4.by/image/catalog/d4_img/1767571200/1767623289810_17676232854582623432413395998141.jpg,https://d4.by/image/catalog/d4_img/1767571200/1767623375913_1767623369142572430535463392527.jpg,https://d4.by/image/catalog/d4_img/1767571200/1767623338279_17676233232471569529373936046279.jpg,https://d4.by/image/catalog/d4_img/1767571200/1767623322339_17676233160052146009504796497748.jpg,https://d4.by/image/catalog/d4_img/1767571200/1767623315203_17676233033646244184435134690537.jpg,https://d4.by/image/catalog/d4_img/1767571200/1767623302233_17676232978136792446809016074097.jpg,https://d4.by/image/catalog/d4_img/1767571200/1767623284828_17676232787636389566628161581462.jpg"
"358085";"Fiat";"Ducato";"2006";"Двигатель";"";"дизель";"2.3";"";"";"";"";"0";"0";"";"";"0";"F1AE0481";"Из Бельгии. Гарантия на установку и проверку,  Цена указана без навесного оборудования ";"0";"0";"";"1350";"USD";"";"";"";"";"";"https://d4.by/image/catalog/d4_img/1754956800/1754990894367_17549908871535688842763975456042.jpg,https://d4.by/image/catalog/d4_img/1754956800/1754990886178_17549908814704466336328476070135.jpg,https://d4.by/image/catalog/d4_img/1754956800/1754990880464_17549908735321900689490029455803.jpg,https://d4.by/image/catalog/d4_img/1754956800/1754990872543_17549908680534172161246888237008.jpg,https://d4.by/image/catalog/d4_img/1754956800/1754990867131_17549908623525382743737521327167.jpg,https://d4.by/image/catalog/d4_img/1754956800/1754990861505_17549908544018084493836140762712.jpg"
"372663";"Renault";"Laguna";"1999";"Двигатель";"";"бензин";"1.8";"";"";"";"";"0";"0";"";"";"0";"F4p760";"Из Бельгии.  Гарантия на установку и проверку.  Цена указана без навесного оборудования ";"0";"0";"";"500";"USD";"";"";"";"";"";"https://d4.by/image/catalog/d4_img/1767571200/1767621353453_17676213462787235662789900841484.jpg,https://d4.by/image/catalog/d4_img/1767571200/1767621344853_17676213279013641415911192402812.jpg,https://d4.by/image/catalog/d4_img/1767571200/1767621326989_17676213217844516526192483204506.jpg,https://d4.by/image/catalog/d4_img/1767571200/1767621320946_17676213165413696594433039592005.jpg,https://d4.by/image/catalog/d4_img/1767571200/1767621315645_17676213055614915408598888628398.jpg,https://d4.by/image/catalog/d4_img/1767571200/1767621304576_17676212956241073918506652714933.jpg,https://d4.by/image/catalog/d4_img/1767571200/1767621294602_17676212768644987811301488554948.jpg,https://d4.by/image/catalog/d4_img/1767571200/1767621276274_17676212700868881485517628956675.jpg"
"358135";"Renault";"Laguna";"2003";"Двигатель";"";"бензин";"1.8";"";"";"";"";"0";"0";"";"";"0";"F4P771";"Из Бельгии. Гарантия на установку и проверку. Цена указана без навесного оборудования ";"0";"0";"";"620";"USD";"";"";"";"";"";"https://d4.by/image/catalog/d4_img/1754956800/1754999931231_17549999249125530633560255727678.jpg,https://d4.by/image/catalog/d4_img/1754956800/1754999937796_1754999932137226026031865199814.jpg,https://d4.by/image/catalog/d4_img/1754956800/1754999943097_17549999388735515622963499351237.jpg,https://d4.by/image/catalog/d4_img/1754956800/1754999951155_17549999440479154368145756651848.jpg,https://d4.by/image/catalog/d4_img/1754956800/1754999959099_17549999548434543126783306803752.jpg,https://d4.by/image/catalog/d4_img/1754956800/1754999966721_17549999600816120607922524957078.jpg"
"358160";"Opel";"Insignia";"2010";"Двигатель";"";"дизель";"2.0";"";"";"";"";"0";"0";"";"";"0";"A20DTH";"Из Бельгии. Гарантия на установку и проверку. Цена указана без навесного оборудования ";"0";"0";"";"600";"USD";"";"";"";"";"";"https://d4.by/image/catalog/d4_img/1754956800/1755004795798_17550047891902679969796330821997.jpg,https://d4.by/image/catalog/d4_img/1754956800/1755004801360_17550047966214294919557843720054.jpg,https://d4.by/image/catalog/d4_img/1754956800/1755004810587_17550048022149075326782720041680.jpg,https://d4.by/image/catalog/d4_img/1754956800/1755004818246_17550048116098354557643009296185.jpg,https://d4.by/image/catalog/d4_img/1754956800/1755004823975_17550048193187895210570477852928.jpg,https://d4.by/image/catalog/d4_img/1754956800/1755004828779_17550048248565526893266759033131.jpg,https://d4.by/image/catalog/d4_img/1754956800/1755004842176_17550048297037546114600041423937.jpg,https://d4.by/image/catalog/d4_img/1754956800/1755004849345_17550048431965740912549758073072.jpg"
"358199";"Renault";"Megane";"2010";"Двигатель";"";"дизель";"1.5";"";"";"";"";"0";"0";"";"";"0";"K9k732";"Из Бельгии. Гарантия на установку и проверку. Цена указана без навесного оборудования ";"0";"0";"";"650";"USD";"";"";"";"";"";"https://d4.by/image/catalog/d4_img/1755043200/1755069516023_17550695084648048025387693344768.jpg,https://d4.by/image/catalog/d4_img/1755043200/1755069521591_17550695168717404073796859339484.jpg,https://d4.by/image/catalog/d4_img/1755043200/1755069527418_17550695228487977457394586387309.jpg,https://d4.by/image/catalog/d4_img/1755043200/1755069538795_17550695283585932797197190874880.jpg,https://d4.by/image/catalog/d4_img/1755043200/1755069543997_17550695398043028812585026678394.jpg,https://d4.by/image/catalog/d4_img/1755043200/1755069551446_17550695449186245599043425926624.jpg,https://d4.by/image/catalog/d4_img/1755043200/1755069561011_17550695565558146164746480035894.jpg"
"358221";"Renault";"Laguna";"2002";"Двигатель";"";"бензин";"1.8";"";"";"";"";"0";"0";"";"";"0";"F4P775";"Из Бельгии. Гарантия на установку и проверку. Цена указана без навесного оборудования ";"0";"0";"";"520";"USD";"";"";"";"";"";"https://d4.by/image/catalog/d4_img/1755043200/1755073590306_17550735823277894569873216609055.jpg,https://d4.by/image/catalog/d4_img/1755043200/1755073596699_17550735912905872196086163997985.jpg,https://d4.by/image/catalog/d4_img/1755043200/1755073605502_17550735976543472772113537194527.jpg,https://d4.by/image/catalog/d4_img/1755043200/1755073610618_17550736064597038038414522362971.jpg,https://d4.by/image/catalog/d4_img/1755043200/1755073616105_17550736115798650284205589109787.jpg,https://d4.by/image/catalog/d4_img/1755043200/1755073623025_17550736170573041483488212586625.jpg,https://d4.by/image/catalog/d4_img/1755043200/1755073631747_1755073624762330375371149719253.jpg"
"372643";"Renault";"Kangoo";"2001";"Двигатель";"";"дизель";"1.9";"DCi";"";"";"";"0";"0";"";"";"0";"F9Q790";"Из Бельгии.  Гарантия на установку и проверку . Цена указана без навесного оборудования., дефект поддона";"0";"0";"";"450";"USD";"";"";"";"";"";"https://d4.by/image/catalog/d4_img/1767571200/1767615044877_17676150371916053742903669532292.jpg,https://d4.by/image/catalog/d4_img/1767571200/1767615036404_17676150308627328339062353049012.jpg,https://d4.by/image/catalog/d4_img/1767571200/1767615029967_17676150250077339980970659396703.jpg,https://d4.by/image/catalog/d4_img/1767571200/1767615024193_17676150144321399076826609808833.jpg,https://d4.by/image/catalog/d4_img/1767571200/1767615013679_17676150075555889881112221376174.jpg,https://d4.by/image/catalog/d4_img/1767571200/1767615078825_17676150690242425468505718893512.jpg,https://d4.by/image/catalog/d4_img/1767571200/1767615065641_17676150457604776217301282134877.jpg"
"358342";"Citroen";"C5";"2007";"Двигатель";"";"бензин";"2.0";"";"";"";"";"0";"0";"";"";"0";"RFJ";"Из Бельгии. Гарантия на установку и проверку. Цена указана без навесного оборудования. Пробег 230.000";"0";"0";"";"600";"USD";"";"";"";"";"";"https://d4.by/image/catalog/d4_img/1755043200/1755094287265_17550942830973355219499505841095.jpg,https://d4.by/image/catalog/d4_img/1755043200/1755094282117_17550942745217609584313533484976.jpg,https://d4.by/image/catalog/d4_img/1755043200/1755094273557_17550942688788438684026825656285.jpg,https://d4.by/image/catalog/d4_img/1755043200/1755094267969_17550942631757014673416241199256.jpg,https://d4.by/image/catalog/d4_img/1755043200/1755094262310_17550942582716865436452859000919.jpg,https://d4.by/image/catalog/d4_img/1755043200/1755094257315_17550942508651188804187155484296.jpg,https://d4.by/image/catalog/d4_img/1755043200/1755094249990_17550942457843017490540987202124.jpg,https://d4.by/image/catalog/d4_img/1755043200/1755094244993_17550942389524961347248473537155.jpg"
"372619";"Volkswagen";"Golf";"2000";"Двигатель";"";"бензин";"2.3";"";"";"";"";"0";"0";"";"";"0";"AGZ";"Из Бельгии.  Гарантия на установку и проверку.  Цена указана без навесного оборудования,  Дефект  поддона  клеян ";"0";"0";"";"480";"USD";"";"";"";"";"";"https://d4.by/image/catalog/d4_img/1767571200/1767604172645_17676041674957236451563787109604.jpg,https://d4.by/image/catalog/d4_img/1767571200/1767604182463_17676041735272266213766108158384.jpg,https://d4.by/image/catalog/d4_img/1767571200/1767604189860_17676041847481688052086903803092.jpg,https://d4.by/image/catalog/d4_img/1767571200/1767604197371_17676041907042690804243768154808.jpg,https://d4.by/image/catalog/d4_img/1767571200/1767604206650_17676041986256984487489012623591.jpg,https://d4.by/image/catalog/d4_img/1767571200/1767604166662_17676041610423737168007469499712.jpg,https://d4.by/image/catalog/d4_img/1767571200/1767604160018_17676041478932016959704078456568.jpg,https://d4.by/image/catalog/d4_img/1767571200/1767604146937_17676041328357063279937556321006.jpg,https://d4.by/image/catalog/d4_img/1767571200/1767604131994_17676041255262116229268392201057.jpg"
"372618";"Opel";"Corsa";"2010";"Двигатель";"";"бензин";"1.2";"";"";"";"";"0";"0";"";"";"0";"A12XER";"Из Бельгии.  Гарантия на установку и проверку,  Цена указана без навесного оборудования ";"0";"0";"";"470";"USD";"";"";"";"";"";"https://d4.by/image/catalog/d4_img/1767571200/1767602775895_1767602771425437031650900149784.jpg,https://d4.by/image/catalog/d4_img/1767571200/1767602770614_17676027648899123365764414956439.jpg,https://d4.by/image/catalog/d4_img/1767571200/1767602764074_17676027587608364762405437676649.jpg,https://d4.by/image/catalog/d4_img/1767571200/1767602757729_17676027521777880310675989564345.jpg,https://d4.by/image/catalog/d4_img/1767571200/1767602751231_17676027433093813097676860637021.jpg,https://d4.by/image/catalog/d4_img/1767571200/1767602742472_17676027372451584277372954810585.jpg,https://d4.by/image/catalog/d4_img/1767571200/1767602736411_17676027301966111212292627031170.jpg,https://d4.by/image/catalog/d4_img/1767571200/1767602728989_17676027215382594407470470093089.jpg"
"358497";"Peugeot";"607";"2005";"Двигатель";"";"дизель";"2.7";"";"";"";"";"0";"0";"";"";"0";"ELD11";"Из Бельгии. Гарантия на установку и проверку. Цена указана без навесного оборудования ";"0";"0";"";"850";"USD";"";"";"";"";"";"https://d4.by/image/catalog/d4_img/1755129600/1755177721106_17551777140823943979651934007662.jpg,https://d4.by/image/catalog/d4_img/1755129600/1755177730847_17551777219236802946933466395197.jpg,https://d4.by/image/catalog/d4_img/1755129600/1755177736404_17551777318703594269482563663072.jpg,https://d4.by/image/catalog/d4_img/1755129600/1755177741815_17551777373157488090930432631305.jpg,https://d4.by/image/catalog/d4_img/1755129600/1755177747907_17551777427656051478340687868902.jpg,https://d4.by/image/catalog/d4_img/1755129600/1755177754514_17551777494438380198950278589126.jpg,https://d4.by/image/catalog/d4_img/1755129600/1755177761195_17551777554497895172068704011308.jpg,https://d4.by/image/catalog/d4_img/1755129600/1755177768567_17551777622064013607014096582453.jpg"
"365881";"Suzuki";"Swift";"2012";"Двигатель";"";"бензин";"1.2";"";"";"";"";"0";"0";"";"";"0";"K12B";"Из Бельгии.  Гарантия на установку и проверку.  Цена указана без навесного оборудования. Трещина на поддоне,  Крепления  двигателя сверху.";"0";"0";"Сравнить мотор с клиентом есть варианты,  по крепления двигателя.";"400";"USD";"";"";"";"";"";"https://d4.by/image/catalog/d4_img/1761609600/1761634272650_17616342668297897391382047333815.jpg,https://d4.by/image/catalog/d4_img/1761609600/1761634215135_17616342081707009454534640434734.jpg,https://d4.by/image/catalog/d4_img/1761609600/1761634220422_17616342160076850078640552000252.jpg,https://d4.by/image/catalog/d4_img/1761609600/1761634227071_176163422125215149407705321881.jpg,https://d4.by/image/catalog/d4_img/1761609600/1761634235176_17616342278806544453356488480263.jpg,https://d4.by/image/catalog/d4_img/1761609600/1761634245968_17616342361234709229320128512425.jpg,https://d4.by/image/catalog/d4_img/1761609600/1761634252054_17616342468212313134669695778626.jpg,https://d4.by/image/catalog/d4_img/1761609600/1761634258592_1761634252913103915877900281963.jpg,https://d4.by/image/catalog/d4_img/1761609600/1761634265942_17616342593604266071854261516764.jpg,https://d4.by/image/catalog/d4_img/1761609600/1761634207390_17616342000784660081207848876452.jpg"
"358581";"Renault";"Laguna";"2008";"Двигатель";"";"бензин";"2.0";"Ti";"";"";"";"0";"0";"";"";"0";"f4r811,f4rj811";"Из Бельгии. Гарантия на установку и проверку. Цена указана без навесного оборудования . Пробег 181.000";"0";"0";"";"1200";"USD";"";"";"";"";"";"https://d4.by/image/catalog/d4_img/1755216000/1755247658462_17552476529066061870494644347670.jpg,https://d4.by/image/catalog/d4_img/1755216000/1755247629047_17552476242369019240458051818459.jpg,https://d4.by/image/catalog/d4_img/1755216000/1755247664433_17552476600804286911001964748309.jpg,https://d4.by/image/catalog/d4_img/1755216000/1755247651927_1755247647570577246917674069158.jpg,https://d4.by/image/catalog/d4_img/1755216000/1755247646681_17552476406908810471419864214028.jpg,https://d4.by/image/catalog/d4_img/1755216000/1755247639098_17552476345826693472987325744723.jpg,https://d4.by/image/catalog/d4_img/1755216000/1755247618163_17552476138181332217849538592400.jpg,https://d4.by/image/catalog/d4_img/1755216000/1755247633691_17552476300534155973676624858226.jpg,https://d4.by/image/catalog/d4_img/1755216000/1755247623355_17552476190691298090830180555099.jpg"
"358606";"Opel";"Insignia";"2010";"Двигатель";"";"бензин";"2.8";"Ti";"";"";"";"0";"0";"";"";"0";"A28NET";"Из Бельгии. Гарантия на установку и проверку. Цена указана без навесного оборудования. Пробег 165.000";"0";"0";"";"2300";"USD";"";"";"";"";"";"https://d4.by/image/catalog/d4_img/1755216000/1755255495562_17552554899825547287985240275225.jpg,https://d4.by/image/catalog/d4_img/1755216000/1755255556623_17552555522436468219471328869909.jpg,https://d4.by/image/catalog/d4_img/1755216000/1755255507825_1755255502771752950885228552982.jpg,https://d4.by/image/catalog/d4_img/1755216000/1755255514383_17552555088573646830790382934661.jpg,https://d4.by/image/catalog/d4_img/1755216000/1755255520108_17552555154198179154779358959635.jpg,https://d4.by/image/catalog/d4_img/1755216000/1755255525034_17552555210894062011646538644473.jpg,https://d4.by/image/catalog/d4_img/1755216000/1755255501758_17552554971721265195425176988016.jpg,https://d4.by/image/catalog/d4_img/1755216000/1755255530187_17552555259221814793706025883013.jpg,https://d4.by/image/catalog/d4_img/1755216000/1755255539787_17552555335586322655871941929349.jpg,https://d4.by/image/catalog/d4_img/1755216000/1755255551179_17552555407202239550871226556086.jpg"
"372602";"Renault";"Megane";"2004";"Двигатель";"";"бензин";"1.6";"";"";"";"";"0";"0";"";"";"0";"K4M760";"Из Бельгии.  Гарантия на установку и проверку, Цена указана Без  навесного оборудования ";"0";"0";"";"560";"USD";"";"";"";"";"";"https://d4.by/image/catalog/d4_img/1767571200/1767598487587_17675984829658859247120679942303.jpg,https://d4.by/image/catalog/d4_img/1767571200/1767598494412_17675984884703963231791064496838.jpg,https://d4.by/image/catalog/d4_img/1767571200/1767598581076_17675985740647775226458789733827.jpg,https://d4.by/image/catalog/d4_img/1767571200/1767598482109_17675984774496164473032352841613.jpg,https://d4.by/image/catalog/d4_img/1767571200/1767598476512_17675984537315370470878407675350.jpg,https://d4.by/image/catalog/d4_img/1767571200/1767598452918_17675984407517556450229784897159.jpg,https://d4.by/image/catalog/d4_img/1767571200/1767598427595_17675984207292282456169081384433.jpg,https://d4.by/image/catalog/d4_img/1767571200/1767598432829_1767598428288863295647541564451.jpg,https://d4.by/image/catalog/d4_img/1767571200/1767598439904_17675984336989108180238661340917.jpg"
"358747";"Volkswagen";"Polo";"2011";"Двигатель";"";"дизель";"1.6";"";"";"";"";"0";"0";"";"";"0";"CAY";"Из Бельгии. Гарантия на установку и проверку. Цена указана без навесного оборудования ";"0";"0";"";"540";"USD";"";"";"";"";"";"https://d4.by/image/catalog/d4_img/1755302400/1755341517804_175534151196033819292129926352.jpg,https://d4.by/image/catalog/d4_img/1755302400/1755341523422_17553415186396640828193327089983.jpg,https://d4.by/image/catalog/d4_img/1755302400/1755341529020_17553415242551775766571081785150.jpg,https://d4.by/image/catalog/d4_img/1755302400/1755341534584_17553415298677761038861991733385.jpg,https://d4.by/image/catalog/d4_img/1755302400/1755341541569_1755341535443822986251508399101.jpg,https://d4.by/image/catalog/d4_img/1755302400/1755341548902_17553415424296692314472034577573.jpg,https://d4.by/image/catalog/d4_img/1755302400/1755341555879_17553415500354547157511526633334.jpg,https://d4.by/image/catalog/d4_img/1755302400/1755341562710_17553415575449119703155387427201.jpg"
"358767";"Volkswagen";"Polo";"2013";"Двигатель";"";"дизель";"1.6";"";"";"";"";"0";"0";"";"";"0";"CAYW";"Из Бельгии. Гарантия на установку и проверку. Цена указана без навесного оборудования ";"0";"0";"";"900";"USD";"";"";"";"";"";"https://d4.by/image/catalog/d4_img/1755302400/1755347962413_17553479572292941766036461372165.jpg,https://d4.by/image/catalog/d4_img/1755302400/1755347967323_17553479632366150464520678895327.jpg,https://d4.by/image/catalog/d4_img/1755302400/1755347972921_17553479687238615884404708063710.jpg,https://d4.by/image/catalog/d4_img/1755302400/1755347977608_17553479737925622340906555752801.jpg,https://d4.by/image/catalog/d4_img/1755302400/1755347982312_17553479784805039654142650093820.jpg,https://d4.by/image/catalog/d4_img/1755302400/1755347987381_17553479832004386683380056463465.jpg,https://d4.by/image/catalog/d4_img/1755302400/1755347997729_17553479882917385117493534254015.jpg,https://d4.by/image/catalog/d4_img/1755302400/1755348003571_175534799876566981818395933181.jpg"
"358798";"Audi";"A4";"1997";"Двигатель";"";"бензин";"2.6";"";"";"";"";"0";"0";"";"";"0";"ABC";"Из Бельгии. Гарантия на установку и проверку. Цена указана без, катушки, генератора , насоса гидроусилителя,без компрессора, Дефект по правой клапанной крышки";"0";"0";"";"870";"USD";"";"";"";"";"";"https://d4.by/image/catalog/d4_img/1755475200/1755499534691_17554995299341087351793525679232.jpg,https://d4.by/image/catalog/d4_img/1755475200/1755499301520_17554992961324061327035851713712.jpg,https://d4.by/image/catalog/d4_img/1755475200/1755499306936_17554993023624828064703400602546.jpg,https://d4.by/image/catalog/d4_img/1755475200/1755499312146_17554993079584630439937487788061.jpg,https://d4.by/image/catalog/d4_img/1755475200/1755499321792_17554993130861046179493201661235.jpg,https://d4.by/image/catalog/d4_img/1755475200/1755499333333_17554993233591078642425372311171.jpg,https://d4.by/image/catalog/d4_img/1755475200/1755499346361_17554993406704846559615145806402.jpg,https://d4.by/image/catalog/d4_img/1755475200/1755499354469_17554993472998313436549547676937.jpg"
"365810";"Ford";"Transit Connect";"2008";"Двигатель";"";"дизель";"1.8";"";"";"";"";"0";"0";"";"";"0";"R3PA";"Из Бельгии.  Гарантия на установку и проверку.  Цена указана без навесного оборудования. ";"0";"0";"";"650";"USD";"";"";"";"";"";"https://d4.by/image/catalog/d4_img/1761523200/1761562610099_17615625983133900652773594950555.jpg,https://d4.by/image/catalog/d4_img/1761523200/1761562547309_17615625383883493383757600178225.jpg,https://d4.by/image/catalog/d4_img/1761523200/1761562563640_1761562554953430047669787050004.jpg,https://d4.by/image/catalog/d4_img/1761523200/1761562554139_17615625481237751557575163015132.jpg,https://d4.by/image/catalog/d4_img/1761523200/1761562571828_17615625644744993773029330652955.jpg,https://d4.by/image/catalog/d4_img/1761523200/1761562578416_17615625726725795285522265559428.jpg,https://d4.by/image/catalog/d4_img/1761523200/1761562584076_17615625792312439003548689272730.jpg,https://d4.by/image/catalog/d4_img/1761523200/1761562591689_17615625849247600548560439802924.jpg,https://d4.by/image/catalog/d4_img/1761523200/1761562597438_17615625925978451055029472883521.jpg,https://d4.by/image/catalog/d4_img/1761523200/1761562537517_17615625322472386464243805835043.jpg"
"359093";"Opel";"Vectra";"1998";"Двигатель";"Isuzu ";"дизель";"1.7";"";"";"";"";"0";"0";"";"";"0";"";"Гарантия на установку и проверку. Цена указана без навесного оборудования, Проверен рабочий ";"0";"0";"";"420";"USD";"";"";"";"";"";"https://d4.by/image/catalog/d4_img/1755734400/1755759742512_17557597294996896995911675197448.jpg"
"370816";"Volkswagen";"Polo";"2004";"Двигатель";"";"бензин";"1.4";"";"МКПП";"";"";"0";"0";"";"";"0";"BBY";"Из Бельгии.  Гарантия на установку и проверку.  Комплектность на фото ";"0";"0";"";"240";"USD";"";"";"";"";"";"https://d4.by/image/catalog/d4_img/1765497600/1765547033832_17655470281094531167558342430789.jpg,https://d4.by/image/catalog/d4_img/1765497600/1765547040764_17655470346613908711694612701950.jpg,https://d4.by/image/catalog/d4_img/1765497600/1765547048364_17655470416263441170494410900024.jpg,https://d4.by/image/catalog/d4_img/1765497600/1765547066325_17655470492283889485094528410336.jpg,https://d4.by/image/catalog/d4_img/1765497600/1765547072847_17655470671961242773079484553531.jpg,https://d4.by/image/catalog/d4_img/1765497600/1765547078529_17655470737496929678527515428050.jpg,https://d4.by/image/catalog/d4_img/1765497600/1765547084867_1765547079432735783911880400013.jpg"
"370827";"Volkswagen";"Golf";"2003";"Двигатель";"";"дизель";"1.9";"";"";"";"";"0";"0";"";"";"0";"AXR";"Из Бельгии.  Гарантия на установку и проверку . Цена указана без навесного оборудования ";"0";"0";"";"250";"USD";"";"";"";"";"";"https://d4.by/image/catalog/d4_img/1765497600/1765548254545_1765548247903409987142601693435.jpg,https://d4.by/image/catalog/d4_img/1765497600/1765548262806_17655482561377033156753227145504.jpg,https://d4.by/image/catalog/d4_img/1765497600/1765548268122_1765548263608215055520085514667.jpg,https://d4.by/image/catalog/d4_img/1765497600/1765548273277_17655482689864082181350039253826.jpg,https://d4.by/image/catalog/d4_img/1765497600/1765548280113_17655482741555501679939171324306.jpg,https://d4.by/image/catalog/d4_img/1765497600/1765548290270_17655482810296595221372792915230.jpg,https://d4.by/image/catalog/d4_img/1765497600/1765548297176_17655482910313997824529071455770.jpg"
"370855";"Seat";"Ibiza";"2007";"Двигатель";"";"бензин";"1.2";"";"";"";"";"0";"0";"";"";"0";"BXV";"Из Бельгии.  Гарантия на установку и проверку,  Цена указана без навесного оборудования ";"0";"0";"";"550";"USD";"";"";"";"";"";"https://d4.by/image/catalog/d4_img/1765584000/1765609791468_17656097843691333021745573627302.jpg,https://d4.by/image/catalog/d4_img/1765584000/1765609854209_1765609849169108438730384842496.jpg,https://d4.by/image/catalog/d4_img/1765584000/1765609848109_17656098413964923066362825722942.jpg,https://d4.by/image/catalog/d4_img/1765584000/1765609840430_17656098341396700501491263327921.jpg,https://d4.by/image/catalog/d4_img/1765584000/1765609833210_17656098261765444055859958555394.jpg,https://d4.by/image/catalog/d4_img/1765584000/1765609825253_17656098184152267660466068000947.jpg,https://d4.by/image/catalog/d4_img/1765584000/1765609817625_1765609810634277947071712708885.jpg,https://d4.by/image/catalog/d4_img/1765584000/1765609809625_17656097993989106600097384614050.jpg,https://d4.by/image/catalog/d4_img/1765584000/1765609798428_17656097922348551459275864774634.jpg,https://d4.by/image/catalog/d4_img/1765584000/1765609861631_17656098551361621637498371731468.jpg"
"370864";"Seat";"Altea";"2007";"Двигатель";"";"бензин";"1.4";"";"";"";"";"0";"0";"";"";"0";"BXW";"Из Бельгии.  Гарантия на установку и проверку.  Цена указана без навесного оборудования ";"0";"0";"";"500";"USD";"";"";"";"";"";"https://d4.by/image/catalog/d4_img/1765584000/1765612493743_17656124874971207485650582941210.jpg,https://d4.by/image/catalog/d4_img/1765584000/1765612503655_17656124945738611568789613342248.jpg,https://d4.by/image/catalog/d4_img/1765584000/1765612510850_17656125045284697257470999670186.jpg,https://d4.by/image/catalog/d4_img/1765584000/1765612517422_17656125117105809458446788110737.jpg,https://d4.by/image/catalog/d4_img/1765584000/1765612523214_17656125182795145234874300063421.jpg,https://d4.by/image/catalog/d4_img/1765584000/1765612529825_17656125240748326370790854426595.jpg,https://d4.by/image/catalog/d4_img/1765584000/1765612543284_17656125307868503363736288829898.jpg,https://d4.by/image/catalog/d4_img/1765584000/1765612554077_17656125441033045738676577483914.jpg"
"370880";"Audi";"A6";"2006";"Двигатель";"";"дизель";"2.7";"";"";"";"";"0";"0";"";"";"0";"BPP";"Из Бельгии.  Гарантия на установку и проверку.  Цена указана без навесного оборудования , небольшой  дефект по поддону ";"0";"0";"";"500";"USD";"";"";"";"";"";"https://d4.by/image/catalog/d4_img/1765584000/1765614905274_17656148991363788214272586038291.jpg,https://d4.by/image/catalog/d4_img/1765584000/1765614845138_17656148394056061991767993013123.jpg,https://d4.by/image/catalog/d4_img/1765584000/1765614851719_17656148458653040909491113778630.jpg,https://d4.by/image/catalog/d4_img/1765584000/1765614857389_17656148525293149370784267724383.jpg,https://d4.by/image/catalog/d4_img/1765584000/1765614864442_17656148583491482141097256819964.jpg,https://d4.by/image/catalog/d4_img/1765584000/1765614870894_17656148651886371028537229401811.jpg,https://d4.by/image/catalog/d4_img/1765584000/1765614877304_17656148716726086832902994770027.jpg,https://d4.by/image/catalog/d4_img/1765584000/1765614891862_17656148782497791381544195370456.jpg,https://d4.by/image/catalog/d4_img/1765584000/1765614898314_17656148927123870754064647392865.jpg,https://d4.by/image/catalog/d4_img/1765584000/1765618744704_17656187381566456929256575020543.jpg"
"371872";"Audi";"A4";"2001";"Двигатель";"";"бензин";"2.0";"";"";"";"";"0";"0";"";"";"0";"ALT";"Из Бельгии.  Гарантия на установку и проверку,  Цена указана без навесного оборудования ";"0";"0";"";"480";"USD";"";"";"";"";"";"https://d4.by/image/catalog/d4_img/1766534400/1766579385605_17665793808156210423196468932891.jpg,https://d4.by/image/catalog/d4_img/1766534400/1766579379968_17665793721727342531265191672760.jpg,https://d4.by/image/catalog/d4_img/1766534400/1766579362545_17665793546448619084633472207592.jpg,https://d4.by/image/catalog/d4_img/1766534400/1766579371303_17665793644167929362556536707582.jpg,https://d4.by/image/catalog/d4_img/1766534400/1766579406487_17665794017077688445468042082110.jpg,https://d4.by/image/catalog/d4_img/1766534400/1766579393715_17665793891206853938378810899855.jpg,https://d4.by/image/catalog/d4_img/1766534400/1766579400916_17665793944712979793480533841500.jpg,https://d4.by/image/catalog/d4_img/1766534400/1766579415386_17665794110618029241193561915121.jpg,https://d4.by/image/catalog/d4_img/1766534400/1766579423785_1766579416295435885893247579480.jpg"
"370968";"Seat";"Ibiza";"2004";"Двигатель";"";"бензин";"1.4";"";"МКПП";"";"";"0";"0";"";"";"0";"BKY";"Из Бельгии.  Гарантия на установку и проверку.  Комплект как на фото,";"0";"0";"";"220";"USD";"";"";"";"";"";"https://d4.by/image/catalog/d4_img/1765584000/1765635585944_1765635578456854465409830345934.jpg,https://d4.by/image/catalog/d4_img/1765584000/1765635577458_17656355730476248097223268718206.jpg,https://d4.by/image/catalog/d4_img/1765584000/1765635572201_17656355650173009187804095209691.jpg,https://d4.by/image/catalog/d4_img/1765584000/1765635563409_1765635559281105743640815039824.jpg,https://d4.by/image/catalog/d4_img/1765584000/1765635558382_17656355527786687747703095215742.jpg,https://d4.by/image/catalog/d4_img/1765584000/1765635549524_1765635544896241851626746730457.jpg,https://d4.by/image/catalog/d4_img/1765584000/1765635544140_17656355382663323830289339700331.jpg"
"371107";"Mercedes";"CLK W208";"2000";"Двигатель";"Kompressor";"бензин";"2.3";"";"";"";"";"0";"0";"";"";"0";"111975";"Из Бельгии. Гарантия на установку и проверку,  трещина в поддоне,  Цена указана без навесного оборудования ";"0";"0";"";"900";"USD";"";"";"";"";"";"https://d4.by/image/catalog/d4_img/1765843200/1765866388903_17658663837961948103939956540464.jpg,https://d4.by/image/catalog/d4_img/1765843200/1765866382976_17658663785992052270269222974907.jpg,https://d4.by/image/catalog/d4_img/1765843200/1765866377648_17658663716073087224324227672646.jpg,https://d4.by/image/catalog/d4_img/1765843200/1765866370675_17658663653217104009691421477711.jpg,https://d4.by/image/catalog/d4_img/1765843200/1765866364523_17658663590224207070523208294000.jpg,https://d4.by/image/catalog/d4_img/1765843200/1765866358164_17658663521335749725876652826746.jpg,https://d4.by/image/catalog/d4_img/1765843200/1765866351353_1765866345774779155131227063773.jpg,https://d4.by/image/catalog/d4_img/1765843200/1765866345010_17658662626775102308038027601742.jpg"
"371187";"Renault";"Laguna";"2002";"Двигатель";"";"бензин";"2.0";"";"";"";"";"0";"0";"";"";"0";"f4r712";"Из Бельгии.  Гарантия на установку и проверку . Цена указана без навесного оборудования ";"0";"0";"";"1000";"USD";"";"";"";"";"";"https://d4.by/image/catalog/d4_img/1765843200/1765887629992_17658876073647881694518242743207.jpg,https://d4.by/image/catalog/d4_img/1765843200/1765887657953_17658876308777663915034574417515.jpg,https://d4.by/image/catalog/d4_img/1765843200/1765887665576_17658876590158368857784890831206.jpg,https://d4.by/image/catalog/d4_img/1765843200/1765887671736_17658876665084031359706228567256.jpg,https://d4.by/image/catalog/d4_img/1765843200/1765887679857_17658876726068358880815158521543.jpg,https://d4.by/image/catalog/d4_img/1765843200/1765887685500_17658876806321942398582301045319.jpg,https://d4.by/image/catalog/d4_img/1765843200/1765887698171_17658876863902548264688908324070.jpg,https://d4.by/image/catalog/d4_img/1765843200/1765887711178_17658876990231902068932430841140.jpg,https://d4.by/image/catalog/d4_img/1765843200/1765887717621_17658877120755128770826055657214.jpg"
"371210";"Volkswagen";"Golf";"2003";"Двигатель";"";"дизель";"1.9";"";"";"";"";"0";"0";"";"";"0";"AXR";"Из Бельгии.  Гарантия на установку и проверку.  Цена указана без навесного оборудования. Дефект поддона";"0";"0";"";"220";"USD";"";"";"";"";"";"https://d4.by/image/catalog/d4_img/1765843200/1765894972858_17658949677756689319483872029606.jpg,https://d4.by/image/catalog/d4_img/1765843200/1765894960943_176589495555779807076548905621.jpg,https://d4.by/image/catalog/d4_img/1765843200/1765894406848_17658943974954279315000313226001.jpg,https://d4.by/image/catalog/d4_img/1765843200/1765894954774_17658949460291549395293239603784.jpg,https://d4.by/image/catalog/d4_img/1765843200/1765894967016_17658949617086484120466734574345.jpg,https://d4.by/image/catalog/d4_img/1765843200/1765894979433_17658949737085243725671877180295.jpg,https://d4.by/image/catalog/d4_img/1765843200/1765894984694_17658949803206574943377985141278.jpg"
"371244";"Volkswagen";"Golf";"2003";"Двигатель";"";"бензин";"1.6";"";"";"";"";"0";"0";"";"";"0";"BCB";"Из Бельгии.  Гарантия на установку и проверку.  Цена указана без навесного оборудования ";"0";"0";"";"360";"USD";"";"";"";"";"";"https://d4.by/image/catalog/d4_img/1765929600/1765955192490_17659551879863110585721305372007.jpg,https://d4.by/image/catalog/d4_img/1765929600/1765955197761_17659551932467956767327470234430.jpg,https://d4.by/image/catalog/d4_img/1765929600/1765955211401_17659551985565034711906014193035.jpg,https://d4.by/image/catalog/d4_img/1765929600/1765955219009_17659552122491135894454481706822.jpg,https://d4.by/image/catalog/d4_img/1765929600/1765955230105_1765955219789949920505137308750.jpg,https://d4.by/image/catalog/d4_img/1765929600/1765955236545_17659552309534333240375645329761.jpg,https://d4.by/image/catalog/d4_img/1765929600/1765955243095_17659552374277080063559146899402.jpg,https://d4.by/image/catalog/d4_img/1765929600/1765955248385_17659552439923434244689379405296.jpg,https://d4.by/image/catalog/d4_img/1765929600/1765955259337_17659552503034819750758785103429.jpg"
"371251";"Volkswagen";"Golf";"2003";"Двигатель";"";"бензин";"1.6";"";"";"";"";"0";"0";"";"";"0";"BCB";"Из Бельгии.  Гарантия на установку и проверку. Цена указана без навесного оборудования ";"0";"0";"";"360";"USD";"";"";"";"";"";"https://d4.by/image/catalog/d4_img/1765929600/1765956371530_17659563637252114129539427727366.jpg,https://d4.by/image/catalog/d4_img/1765929600/1765956384587_17659563722998864508409226934628.jpg,https://d4.by/image/catalog/d4_img/1765929600/1765956391943_17659563854243662804251304673723.jpg,https://d4.by/image/catalog/d4_img/1765929600/1765956399183_17659563937767975189642173382367.jpg,https://d4.by/image/catalog/d4_img/1765929600/1765956407258_1765956399956448706510748622475.jpg,https://d4.by/image/catalog/d4_img/1765929600/1765956414384_17659564081863634280518816428305.jpg,https://d4.by/image/catalog/d4_img/1765929600/1765956422197_17659564177266442478136145019590.jpg,https://d4.by/image/catalog/d4_img/1765929600/1765956429923_17659564239112495996000194358149.jpg"
"371258";"Mini";"Cooper";"2004";"Двигатель";"";"бензин";"1.6";"";"";"";"";"0";"0";"";"";"0";"W10B16AB";"Из Бельгии.  Гарантия на установку и проверку. Цена указана без навесного оборудования ";"0";"0";"";"300";"USD";"";"";"";"";"";"https://d4.by/image/catalog/d4_img/1765929600/1765958047200_17659580416095188617166947022705.jpg,https://d4.by/image/catalog/d4_img/1765929600/1765958055226_17659580481239112772035730132709.jpg,https://d4.by/image/catalog/d4_img/1765929600/1765958063233_17659580559914875353255554987090.jpg,https://d4.by/image/catalog/d4_img/1765929600/1765958069932_17659580640708422816167502499133.jpg,https://d4.by/image/catalog/d4_img/1765929600/1765958077563_17659580706823090783439935715385.jpg,https://d4.by/image/catalog/d4_img/1765929600/1765958082618_17659580783451496175741100726980.jpg,https://d4.by/image/catalog/d4_img/1765929600/1765958090528_17659580835716112368378987514739.jpg"
"371273";"Audi";"A3";"1999";"Двигатель";"";"бензин";"1.6";"";"";"";"";"0";"0";"";"";"0";"APF";"Из Бельгии.  Гарантия на установку и проверку . Цена указана без навесного оборудования ";"0";"0";"";"290";"USD";"";"";"";"";"";"https://d4.by/image/catalog/d4_img/1765929600/1765962829512_17659628238468363756821394069340.jpg,https://d4.by/image/catalog/d4_img/1765929600/1765962834545_17659628302621590218669736556089.jpg,https://d4.by/image/catalog/d4_img/1765929600/1765962839778_17659628353138864088001483034819.jpg,https://d4.by/image/catalog/d4_img/1765929600/1765962845191_17659628405788605900289661348492.jpg,https://d4.by/image/catalog/d4_img/1765929600/1765962856023_1765962846184791558793160360615.jpg,https://d4.by/image/catalog/d4_img/1765929600/1765962861783_17659628568782053641767591938351.jpg,https://d4.by/image/catalog/d4_img/1765929600/1765962875128_17659628643183712976399082743664.jpg,https://d4.by/image/catalog/d4_img/1765929600/1765962883052_17659628761087574144711986464827.jpg,https://d4.by/image/catalog/d4_img/1765929600/1765962892512_17659628838654407038793903627259.jpg"
"371328";"Skoda";"Fabia";"2001";"Двигатель";"";"бензин";"1.4";"";"";"";"";"0";"0";"";"";"0";"AZF";"Из Бельгии.  Гарантия на установку и проверку . Цена указана без навесного оборудования ";"0";"0";"";"740";"USD";"";"";"";"";"";"https://d4.by/image/catalog/d4_img/1765929600/1765976396943_17659763907953870530728222545991.jpg,https://d4.by/image/catalog/d4_img/1765929600/1765976402484_17659763977583846247475498464500.jpg,https://d4.by/image/catalog/d4_img/1765929600/1765976410353_17659764032832419090350272149266.jpg,https://d4.by/image/catalog/d4_img/1765929600/1765976417605_17659764112922281306551556290037.jpg,https://d4.by/image/catalog/d4_img/1765929600/1765976423638_17659764183991990391191143881157.jpg,https://d4.by/image/catalog/d4_img/1765929600/1765976429506_17659764247384528807707233994693.jpg,https://d4.by/image/catalog/d4_img/1765929600/1765976437083_17659764303844375256950066934226.jpg,https://d4.by/image/catalog/d4_img/1765929600/1765976445208_17659764379691693591021199333557.jpg"
"371417";"Volkswagen";"Passat";"1999";"Двигатель";"";"бензин";"2.8";"";"";"";"";"0";"0";"";"";"0";"APR";"Из Бельгии.  Гарантия на установку и проверку,  Дефект поддона, Цена указана без навесного оборудования ";"0";"0";"";"1000";"USD";"";"";"";"";"";"https://d4.by/image/catalog/d4_img/1766016000/1766057479145_17660574640165055852199233460853.jpg,https://d4.by/image/catalog/d4_img/1766016000/1766057630359_17660576219749006866688553632949.jpg,https://d4.by/image/catalog/d4_img/1766016000/1766057621115_17660576096405281953845909874417.jpg,https://d4.by/image/catalog/d4_img/1766016000/1766057608769_17660576029691225620590846870333.jpg,https://d4.by/image/catalog/d4_img/1766016000/1766057602089_1766057593223965307970962048374.jpg,https://d4.by/image/catalog/d4_img/1766016000/1766057591197_17660575853677467443984490856889.jpg,https://d4.by/image/catalog/d4_img/1766016000/1766057584572_17660575783855652503449818608481.jpg,https://d4.by/image/catalog/d4_img/1766016000/1766057577583_17660575718394559282587977863202.jpg,https://d4.by/image/catalog/d4_img/1766016000/1766057571127_17660575644122167515707166557120.jpg,https://d4.by/image/catalog/d4_img/1766016000/1766057491021_17660574856108351426558207371344.jpg,https://d4.by/image/catalog/d4_img/1766016000/1766057484633_17660574799841455637070041613575.jpg,https://d4.by/image/catalog/d4_img/1766016000/1766057637976_17660576311133961645391283631775.jpg"
"371471";"Volkswagen";"Polo";"2003";"Двигатель";"";"бензин";"1.2";"";"";"";"";"0";"0";"";"";"0";"BMD  ";"Из Бельгии.  Гарантия на установку и проверку.  В сборе  как на фото ";"0";"0";"";"300";"USD";"";"";"";"";"";"https://d4.by/image/catalog/d4_img/1766102400/1766130244701_17661302394997201832983852793044.jpg,https://d4.by/image/catalog/d4_img/1766102400/1766130251185_17661302459535052137315412413184.jpg,https://d4.by/image/catalog/d4_img/1766102400/1766130256790_17661302519441453175379463194005.jpg,https://d4.by/image/catalog/d4_img/1766102400/1766130262343_17661302576552893556501506457495.jpg,https://d4.by/image/catalog/d4_img/1766102400/1766130268520_17661302631066739408528674232357.jpg,https://d4.by/image/catalog/d4_img/1766102400/1766130277564_17661302693822704704523719110490.jpg,https://d4.by/image/catalog/d4_img/1766102400/1766130286283_1766130278402178546679822956234.jpg"
"371475";"Volkswagen";"Golf";"2001";"Двигатель";"";"бензин";"1.6";"";"";"";"";"0";"0";"";"";"0";"ATN";"Из Бельгии.  Гарантия на установку и проверку.  Цена указана без навесного оборудования ";"0";"0";"";"520";"USD";"";"";"";"";"";"https://d4.by/image/catalog/d4_img/1766102400/1766131919262_17661319142405412454505422005271.jpg,https://d4.by/image/catalog/d4_img/1766102400/1766131926314_1766131920090734004871282792611.jpg,https://d4.by/image/catalog/d4_img/1766102400/1766131936677_17661319272935014813948452361427.jpg,https://d4.by/image/catalog/d4_img/1766102400/1766131944026_17661319378132379571748080767109.jpg,https://d4.by/image/catalog/d4_img/1766102400/1766131952863_17661319449788628122098449105217.jpg,https://d4.by/image/catalog/d4_img/1766102400/1766131963692_1766131953754669388722416205081.jpg,https://d4.by/image/catalog/d4_img/1766102400/1766131988750_17661319683971730628853502498079.jpg"
"371506";"Volkswagen";"Polo";"2001";"Двигатель";"";"бензин";"1.4";"";"";"";"";"0";"0";"";"";"0";"APE";"Из Бельгии.  Гарантия на установку и проверку.  Цена указана без навесного оборудования.  Железный поддон!";"0";"0";"";"600";"USD";"";"";"";"";"";"https://d4.by/image/catalog/d4_img/1766102400/1766140018710_17661400138217081198266293362258.jpg,https://d4.by/image/catalog/d4_img/1766102400/1766140028033_17661400194641579343889994922988.jpg,https://d4.by/image/catalog/d4_img/1766102400/1766140034496_17661400288344861872185239212541.jpg,https://d4.by/image/catalog/d4_img/1766102400/1766140192328_17661401852192330752600006385442.jpg,https://d4.by/image/catalog/d4_img/1766102400/1766140199735_17661401932947082446276427515904.jpg,https://d4.by/image/catalog/d4_img/1766102400/1766140205715_17661402004993710893883638678885.jpg,https://d4.by/image/catalog/d4_img/1766102400/1766140213904_17661402065495236545811290694749.jpg"
"371534";"Renault";"Megane";"2004";"Двигатель";"";"бензин";"1.6";"";"";"";"";"0";"0";"";"";"0";"K4M760";"Из Бельгии.  Гарантия на установку и проверку. Цена указана без навесного оборудования номер не читаемый";"0";"0";"";"550";"USD";"";"";"";"";"";"https://d4.by/image/catalog/d4_img/1766102400/1766148932214_17661489276411663959816212971670.jpg,https://d4.by/image/catalog/d4_img/1766102400/1766148926846_17661489210836620633558179246761.jpg,https://d4.by/image/catalog/d4_img/1766102400/1766148920298_17661489132478261213088787556274.jpg,https://d4.by/image/catalog/d4_img/1766102400/1766148912310_17661489066894420536312736312133.jpg,https://d4.by/image/catalog/d4_img/1766102400/1766148905898_17661489004131142151252316153933.jpg,https://d4.by/image/catalog/d4_img/1766102400/1766148899554_17661488913567304570606322216932.jpg,https://d4.by/image/catalog/d4_img/1766102400/1766148890521_17661488851002424068746665359622.jpg,https://d4.by/image/catalog/d4_img/1766102400/1766148884341_17661488804974286071709456381324.jpg,https://d4.by/image/catalog/d4_img/1766102400/1766148879817_17661488740823914808017741881592.jpg"
"371553";"Mitsubishi";"Colt";"2006";"Двигатель";"";"бензин";"1.1";"";"";"";"";"0";"0";"";"";"0";"134910";"Из Бельгии.  Гарантия на установку и проверку. Цена указана без навесного оборудования ";"0";"0";"";"250";"USD";"";"";"";"";"";"https://d4.by/image/catalog/d4_img/1766102400/1766153368219_17661533622965424126306232026220.jpg,https://d4.by/image/catalog/d4_img/1766102400/1766153378151_17661533690085093719082429216125.jpg,https://d4.by/image/catalog/d4_img/1766102400/1766153384540_17661533791975825792594039783222.jpg,https://d4.by/image/catalog/d4_img/1766102400/1766153390657_17661533853753080188764198298175.jpg,https://d4.by/image/catalog/d4_img/1766102400/1766153401141_17661533914391996267965954998442.jpg,https://d4.by/image/catalog/d4_img/1766102400/1766153408759_17661534020946462711687212268220.jpg,https://d4.by/image/catalog/d4_img/1766102400/1766153414404_17661534097182308839623213368235.jpg,https://d4.by/image/catalog/d4_img/1766102400/1766153419946_17661534152456793594083927322260.jpg"
"371674";"Jaguar";"S-Type";"2004";"Двигатель";"";"дизель";"2.7";"";"";"";"";"0";"0";"";"";"0";"ELD11";"Из Бельгии.  Гарантия на установку и проверку.  Цена указана без навесного оборудования ";"0";"0";"";"850";"USD";"";"";"";"";"";"https://d4.by/image/catalog/d4_img/1766361600/1766406222340_17664062116676496755093332421414.jpg,https://d4.by/image/catalog/d4_img/1766361600/1766406229918_17664062230438197732074165136391.jpg,https://d4.by/image/catalog/d4_img/1766361600/1766406239191_17664062321157205892549501501044.jpg,https://d4.by/image/catalog/d4_img/1766361600/1766406245059_17664062400293379178388498143564.jpg,https://d4.by/image/catalog/d4_img/1766361600/1766406266162_17664062458972935643220821314230.jpg,https://d4.by/image/catalog/d4_img/1766361600/1766406285754_17664062805612971540220057280916.jpg,https://d4.by/image/catalog/d4_img/1766361600/1766406293269_17664062875391544079718525311870.jpg,https://d4.by/image/catalog/d4_img/1766361600/1766406302873_17664062945107654533060941643079.jpg"
"371682";"Opel";"Astra";"2007";"Двигатель";"";"бензин";"2.0";"Ti";"";"";"";"0";"0";"";"";"0";"Z20LER";"Из Бельгии.  Гарантия на установку и проверку.  Цена указана без навесного оборудования ";"0";"0";"";"1200";"USD";"";"";"";"";"";"https://d4.by/image/catalog/d4_img/1766361600/1766410792188_17664107878314908723609576176412.jpg,https://d4.by/image/catalog/d4_img/1766361600/1766410787032_1766410782005478740017886889287.jpg,https://d4.by/image/catalog/d4_img/1766361600/1766410781126_17664107607802472836168145654186.jpg,https://d4.by/image/catalog/d4_img/1766361600/1766410760001_1766410752192729063650389834973.jpg,https://d4.by/image/catalog/d4_img/1766361600/1766410751486_1766410736287960382111165179011.jpg,https://d4.by/image/catalog/d4_img/1766361600/1766410798637_17664107930105316321342538172694.jpg,https://d4.by/image/catalog/d4_img/1766361600/1766410804814_17664107995028565810055976769691.jpg"
"371727";"Fiat";"Ducato";"1999";"Двигатель";"";"дизель";"1.9";"TD";"";"";"";"0";"0";"";"";"0";"DHX";"Из Бельгии.  Гарантия на установку и проверку.  Цена указана без навесного оборудования ";"0";"0";"";"680";"USD";"";"";"";"";"";"https://d4.by/image/catalog/d4_img/1766448000/1766486883075_17664868759972173903139354775508.jpg,https://d4.by/image/catalog/d4_img/1766448000/1766486875217_17664868707868091040277963977112.jpg,https://d4.by/image/catalog/d4_img/1766448000/1766486869832_17664868646984063380991704289574.jpg,https://d4.by/image/catalog/d4_img/1766448000/1766486863818_17664868502532910102309078666482.jpg,https://d4.by/image/catalog/d4_img/1766448000/1766486849269_17664868431381350369660430636007.jpg,https://d4.by/image/catalog/d4_img/1766448000/1766486842391_17664868376197694218237072810041.jpg,https://d4.by/image/catalog/d4_img/1766448000/1766486836783_17664868310121011943553114250774.jpg,https://d4.by/image/catalog/d4_img/1766448000/1766486830205_17664868235612479076097340767560.jpg"
"371734";"Volkswagen";"Golf";"1990";"Двигатель";"ИНЖЕКТОР ";"бензин";"1.8";"i";"";"";"";"0";"0";"";"";"0";"1P";"Из Бельгии.  Гарантия на установку и проверку . Комплектность как на фото ";"0";"0";"";"300";"USD";"";"";"";"";"";"https://d4.by/image/catalog/d4_img/1766448000/1766489539537_1766489533137803231704454378787.jpg,https://d4.by/image/catalog/d4_img/1766448000/1766489546895_17664895402852758920647787202452.jpg,https://d4.by/image/catalog/d4_img/1766448000/1766489556441_17664895477874980724478523734252.jpg,https://d4.by/image/catalog/d4_img/1766448000/1766489564123_17664895573029070853035602939244.jpg,https://d4.by/image/catalog/d4_img/1766448000/1766489569399_17664895649462366370100704014186.jpg,https://d4.by/image/catalog/d4_img/1766448000/1766489575518_17664895702317139189732756839922.jpg,https://d4.by/image/catalog/d4_img/1766448000/1766489588284_17664895763836234409645525379268.jpg,https://d4.by/image/catalog/d4_img/1766448000/1766489598672_17664895890864965253788413083176.jpg"
"371762";"Opel";"Omega";"2003";"Двигатель";"";"бензин";"2.2";"";"АКПП";"";"";"0";"0";"";"";"0";"Z22XE,Z22,R90400075";"Из Германии, в хорошем состоянии, Z22XE , АКПП , цена указана за столб, можно комплектом (цену уточняйте). Предоставляем ГТД. Доставка по всей РБ, в РФ транспортными компаниями. Если не доступен звоните/пишите - Viber, WhatsApp, Telegram.";"0";"0";"Запчасть Захара";"800";"USD";"";"Брест";"+375(29)824-89-27 Viber WhatsApp Telegram";"";"";"https://d4.by/image/catalog/d4_img/1773273600/1773317604047_image.jpg,https://d4.by/image/catalog/d4_img/1766448000/1766506729834_photo_2025-12-23_19-14-33.jpg,https://d4.by/image/catalog/d4_img/1766448000/1766506729818_photo_2025-12-23_19-13-01.jpg,https://d4.by/image/catalog/d4_img/1766448000/1766506729816_photo_2025-12-23_19-13-00.jpg,https://d4.by/image/catalog/d4_img/1766448000/1766506729833_photo_2025-12-23_19-14-24.jpg,https://d4.by/image/catalog/d4_img/1766448000/1766506729824_photo_2025-12-23_19-13-22.jpg,https://d4.by/image/catalog/d4_img/1766448000/1766506729831_photo_2025-12-23_19-14-04.jpg,https://d4.by/image/catalog/d4_img/1766448000/1766506729820_photo_2025-12-23_19-13-07.jpg,https://d4.by/image/catalog/d4_img/1766448000/1766506729822_photo_2025-12-23_19-13-20.jpg,https://d4.by/image/catalog/d4_img/1766448000/1766506729821_photo_2025-12-23_19-13-12.jpg,https://d4.by/image/catalog/d4_img/1766448000/1766506729825_photo_2025-12-23_19-13-28.jpg,https://d4.by/image/catalog/d4_img/1766448000/1766506729832_photo_2025-12-23_19-14-17.jpg,https://d4.by/image/catalog/d4_img/1766448000/1766506729829_photo_2025-12-23_19-14-02.jpg,https://d4.by/image/catalog/d4_img/1766448000/1766506729828_photo_2025-12-23_19-13-49.jpg,https://d4.by/image/catalog/d4_img/1766448000/1766506729827_photo_2025-12-23_19-13-38.jpg,https://d4.by/image/catalog/d4_img/1766448000/1766506729819_photo_2025-12-23_19-13-05.jpg"
"371782";"Volkswagen";"Golf";"2000";"Двигатель";"";"дизель";"1.9";"";"";"";"";"0";"0";"";"";"0";"ALH";"Из Бельгии.  Гарантия на установку и проверку . Цена указана без навесного оборудования ";"0";"0";"";"330";"USD";"";"";"";"";"";"https://d4.by/image/catalog/d4_img/1766534400/1766559260196_17665592524541979983522482874884.jpg,https://d4.by/image/catalog/d4_img/1766534400/1766559265030_17665592609461414565455163670116.jpg,https://d4.by/image/catalog/d4_img/1766534400/1766559272863_17665592658826594924786594438664.jpg,https://d4.by/image/catalog/d4_img/1766534400/1766559279976_17665592739275351567916065037361.jpg,https://d4.by/image/catalog/d4_img/1766534400/1766559290568_1766559286224614011983833763684.jpg,https://d4.by/image/catalog/d4_img/1766534400/1766559297203_17665592914675832702230633304219.jpg,https://d4.by/image/catalog/d4_img/1766534400/1766559308275_17665593011663046323171712224590.jpg,https://d4.by/image/catalog/d4_img/1766534400/1766559315908_17665593090945024875680796388924.jpg"
"371825";"Volkswagen";"Golf";"2006";"Двигатель";"";"дизель";"1.9";"";"";"";"";"0";"0";"";"";"0";"BKC";"Из Бельгии.  Гарантия на установку и проверку.  Цена указана без навесного оборудования,  Выработка на распредвале ";"0";"0";"";"285";"USD";"";"";"";"";"";"https://d4.by/image/catalog/d4_img/1766534400/1766566666816_17665666619485396653901375853280.jpg,https://d4.by/image/catalog/d4_img/1766534400/1766566676055_17665666680326659072867145271357.jpg,https://d4.by/image/catalog/d4_img/1766534400/1766566686339_17665666768523606530076914577426.jpg,https://d4.by/image/catalog/d4_img/1766534400/1766566691754_17665666871623475599730756137264.jpg,https://d4.by/image/catalog/d4_img/1766534400/1766566697219_1766566692644517495541569954126.jpg,https://d4.by/image/catalog/d4_img/1766534400/1766566702909_17665666979737943904594018859107.jpg,https://d4.by/image/catalog/d4_img/1766534400/1766566709215_17665667037483916553926088610031.jpg"
"371930";"Volkswagen";"Polo";"2003";"Двигатель";"";"бензин";"1.4";"";"";"";"";"0";"0";"";"";"0";"BBY";"Из Бельгии.  Гарантия на установку и проверку.  Цена указана без навесного оборудования ";"0";"0";"";"240";"USD";"";"";"";"";"";"https://d4.by/image/catalog/d4_img/1766620800/1766645125371_17666451171332987385685622613935.jpg,https://d4.by/image/catalog/d4_img/1766620800/1766645131406_17666451262176336196719706658271.jpg,https://d4.by/image/catalog/d4_img/1766620800/1766645141664_17666451325074901045283946864514.jpg,https://d4.by/image/catalog/d4_img/1766620800/1766645147212_17666451425978886999178365469252.jpg,https://d4.by/image/catalog/d4_img/1766620800/1766645153324_17666451480232569372830068377720.jpg,https://d4.by/image/catalog/d4_img/1766620800/1766645158668_17666451541233463561508950728345.jpg,https://d4.by/image/catalog/d4_img/1766620800/1766645169351_17666451595103497525160199723237.jpg,https://d4.by/image/catalog/d4_img/1766620800/1766645181205_17666451723496451217302065794029.jpg"
"371942";"Skoda";"Fabia";"2007";"Двигатель";"";"бензин";"1.4";"";"";"";"";"0";"0";"";"";"0";"BXW";"Из Бельгии.  Гарантия на установку и проверку . Комплектность как на фото ";"0";"0";"";"500";"USD";"";"";"";"";"";"https://d4.by/image/catalog/d4_img/1766620800/1766648697300_17666486921719188340724858407576.jpg,https://d4.by/image/catalog/d4_img/1766620800/1766648748424_17666487426305377905263055599729.jpg,https://d4.by/image/catalog/d4_img/1766620800/1766648741680_17666487374712534352683454312645.jpg,https://d4.by/image/catalog/d4_img/1766620800/1766648736633_17666487302307379082741269344345.jpg,https://d4.by/image/catalog/d4_img/1766620800/1766648729470_1766648724060310879545694185809.jpg,https://d4.by/image/catalog/d4_img/1766620800/1766648723296_17666487192494934938818603307789.jpg,https://d4.by/image/catalog/d4_img/1766620800/1766648718397_17666487137743063109495442222563.jpg,https://d4.by/image/catalog/d4_img/1766620800/1766648712923_17666487089781500780024252444785.jpg,https://d4.by/image/catalog/d4_img/1766620800/1766648708253_1766648703612784023843205400514.jpg,https://d4.by/image/catalog/d4_img/1766620800/1766648702808_17666486980428607401023088549580.jpg,https://d4.by/image/catalog/d4_img/1766620800/1766648753555_1766648749223711245975192779251.jpg"
"371944";"Dacia";"Logan";"2018";"Двигатель";"";"бензин";"0.9";"Ti";"";"";"";"0";"0";"";"";"0";"H4BB408";"Из Бельгии.  Гарантия на установку и проверку . Цена указана без навесного оборудования,  чуть подмят поддон ";"0";"0";"";"600";"USD";"";"";"";"";"";"https://d4.by/image/catalog/d4_img/1766620800/1766649568224_17666495632252242022894438805402.jpg,https://d4.by/image/catalog/d4_img/1766620800/1766649573818_17666495690475720109684470956437.jpg,https://d4.by/image/catalog/d4_img/1766620800/1766649579886_17666495746173592970794657863645.jpg,https://d4.by/image/catalog/d4_img/1766620800/1766649598024_1766649580684334472828096960246.jpg,https://d4.by/image/catalog/d4_img/1766620800/1766649606586_17666495989213112269150191415515.jpg,https://d4.by/image/catalog/d4_img/1766620800/1766649612145_17666496078901342498694839185701.jpg,https://d4.by/image/catalog/d4_img/1766620800/1766649617465_17666496129551146754767900961439.jpg,https://d4.by/image/catalog/d4_img/1766620800/1766649622501_1766649618283375058826426179780.jpg,https://d4.by/image/catalog/d4_img/1766620800/1766649644280_17666496296904038443517351501469.jpg"
"371970";"Renault";"Scenic";"2006";"Двигатель";"";"бензин";"2.0";"";"";"";"";"0";"0";"";"";"0";"F4R770";"Из Бельгии.  Гарантия на установку и проверку . Цена указана без навесного оборудования ";"0";"0";"";"500";"USD";"";"";"";"";"";"https://d4.by/image/catalog/d4_img/1766620800/1766656491844_17666564843713222033693035961855.jpg,https://d4.by/image/catalog/d4_img/1766620800/1766656498410_17666564925855949197209031297835.jpg,https://d4.by/image/catalog/d4_img/1766620800/1766656511398_17666564995475271970599123757699.jpg,https://d4.by/image/catalog/d4_img/1766620800/1766656518816_17666565122933648829640341811700.jpg,https://d4.by/image/catalog/d4_img/1766620800/1766656529261_17666565198168978308203197693437.jpg,https://d4.by/image/catalog/d4_img/1766620800/1766656535773_17666565300897023288415156443507.jpg,https://d4.by/image/catalog/d4_img/1766620800/1766656547463_17666565366678164759019425644894.jpg,https://d4.by/image/catalog/d4_img/1766620800/1766656554118_17666565482692887699139380542778.jpg"
"372189";"Mitsubishi";"Colt";"2007";"Двигатель";"";"дизель";"1.5";"";"";"";"";"0";"0";"";"";"0";"6399393";"Из Бельгии.  Гарантия на установку и проверку.  Цена указана без навесного оборудования, бит поддон";"0";"0";"";"130";"USD";"";"";"";"";"";"https://d4.by/image/catalog/d4_img/1766793600/1766835495240_17668354891957631855895366939189.jpg,https://d4.by/image/catalog/d4_img/1766793600/1766835500349_1766835496120781938213670560024.jpg,https://d4.by/image/catalog/d4_img/1766793600/1766835506993_17668355011772660862337933847460.jpg,https://d4.by/image/catalog/d4_img/1766793600/1766835512419_17668355078033000176041003568632.jpg,https://d4.by/image/catalog/d4_img/1766793600/1766835518520_17668355132677316881282357848078.jpg,https://d4.by/image/catalog/d4_img/1766793600/1766835523893_1766835519519497451929240173321.jpg,https://d4.by/image/catalog/d4_img/1766793600/1766835529508_17668355247371342788106127768739.jpg,https://d4.by/image/catalog/d4_img/1766793600/1766835544146_17668355303587231474090238844462.jpg,https://d4.by/image/catalog/d4_img/1766793600/1766835553536_17668355450347726156747136621428.jpg"
"376835";"Volkswagen";"Crafter";"2009";"Двигатель";"";"дизель";"2.5";"";"";"";"";"0";"0";"";"";"0";"BJK";"Из Бельгии.  Гарантия на установку и проверку. Цена указана без навесного оборудования ";"0";"0";"";"2000";"USD";"";"";"";"";"";"https://d4.by/image/catalog/d4_img/1770249600/1770272868541_17702728613832782289752697477144.jpg,https://d4.by/image/catalog/d4_img/1770249600/1770272874729_17702728692877025668200064912175.jpg,https://d4.by/image/catalog/d4_img/1770249600/1770272881372_17702728755241260897333136835252.jpg,https://d4.by/image/catalog/d4_img/1770249600/1770272886969_17702728822464292900968605697461.jpg,https://d4.by/image/catalog/d4_img/1770249600/1770272894055_17702728877591718044946788390012.jpg,https://d4.by/image/catalog/d4_img/1770249600/1770272900208_17702728951453706135051359951938.jpg,https://d4.by/image/catalog/d4_img/1770249600/1770272911545_17702729010201616390371791601416.jpg,https://d4.by/image/catalog/d4_img/1770249600/1770272919060_17702729123563672796168278779755.jpg"
"376843";"Iveco";"Daily";"2008";"Двигатель";"";"дизель";"3.0";"";"";"";"";"0";"0";"";"";"0";"F1CE0481F";"Из Бельгии.  Гарантия на установку и проверку.  Цена указана без навесного оборудования ";"0";"0";"";"2400";"USD";"";"";"";"";"";"https://d4.by/image/catalog/d4_img/1770249600/1770276503271_17702764955991210372831958883259.jpg,https://d4.by/image/catalog/d4_img/1770249600/1770276510034_17702765040243087463662459395059.jpg,https://d4.by/image/catalog/d4_img/1770249600/1770276515452_1770276510806411756012937569167.jpg,https://d4.by/image/catalog/d4_img/1770249600/1770276521493_17702765162204409583448485615756.jpg,https://d4.by/image/catalog/d4_img/1770249600/1770276532044_17702765222457996339777530554649.jpg,https://d4.by/image/catalog/d4_img/1770249600/1770276539181_17702765329063143108012973030362.jpg,https://d4.by/image/catalog/d4_img/1770249600/1770276546853_17702765400125171114914366596992.jpg,https://d4.by/image/catalog/d4_img/1770249600/1770276556230_17702765477141037408824100217672.jpg,https://d4.by/image/catalog/d4_img/1770249600/1770276564035_17702765570032128569465301668778.jpg"
"376849_1";"Renault";"Master";"2009";"Двигатель";"";"дизель";"2.5";"";"";"";"";"0";"0";"";"";"0";"G9U650";"Из Бельгии.  Гарантия на установку и проверку.  Цена указана без навесного оборудования ";"0";"0";"";"1750";"USD";"";"";"";"";"";"https://d4.by/image/catalog/d4_img/1770249600/1770282438082_17702824323041606065878587327516.jpg,https://d4.by/image/catalog/d4_img/1770249600/1770282445156_17702824387333235377840667966312.jpg,https://d4.by/image/catalog/d4_img/1770249600/1770282450579_17702824458937372838316052655819.jpg,https://d4.by/image/catalog/d4_img/1770249600/1770282458067_17702824514351658308487091029692.jpg,https://d4.by/image/catalog/d4_img/1770249600/1770282463226_17702824587997115917059722941248.jpg,https://d4.by/image/catalog/d4_img/1770249600/1770282470064_17702824641121275826333521046833.jpg,https://d4.by/image/catalog/d4_img/1770249600/1770282481108_17702824715951817513193020741500.jpg"
"376849_2";"Opel";"Movano";"2009";"Двигатель";"";"дизель";"2.5";"";"";"";"";"0";"0";"";"";"0";"G9U650";"Из Бельгии.  Гарантия на установку и проверку.  Цена указана без навесного оборудования ";"0";"0";"";"1750";"USD";"";"";"";"";"";"https://d4.by/image/catalog/d4_img/1770249600/1770282438082_17702824323041606065878587327516.jpg,https://d4.by/image/catalog/d4_img/1770249600/1770282445156_17702824387333235377840667966312.jpg,https://d4.by/image/catalog/d4_img/1770249600/1770282450579_17702824458937372838316052655819.jpg,https://d4.by/image/catalog/d4_img/1770249600/1770282458067_17702824514351658308487091029692.jpg,https://d4.by/image/catalog/d4_img/1770249600/1770282463226_17702824587997115917059722941248.jpg,https://d4.by/image/catalog/d4_img/1770249600/1770282470064_17702824641121275826333521046833.jpg,https://d4.by/image/catalog/d4_img/1770249600/1770282481108_17702824715951817513193020741500.jpg"
"376877";"DAF";"XF";"2016";"Двигатель";"";"дизель";"12.9";"";"";"";"";"0";"0";"";"";"0";"MX13375H1";"Из Бельгии.  Гарантия на установку и проверку . Цена  указана за комплектный двигатель как на фото.  Пробег  460.000км. MX13";"0";"0";"";"16000";"USD";"";"";"";"";"";"https://d4.by/image/catalog/d4_img/1770249600/1770294615282_17702946057882769938655428217357.jpg,https://d4.by/image/catalog/d4_img/1770249600/1770294810791_17702948049342733456750680193903.jpg,https://d4.by/image/catalog/d4_img/1770249600/1770294817816_17702948116811101793911220819315.jpg,https://d4.by/image/catalog/d4_img/1770249600/1770294828379_17702948188161985468280353504130.jpg,https://d4.by/image/catalog/d4_img/1770249600/1770294835971_17702948293845844373179858806300.jpg,https://d4.by/image/catalog/d4_img/1770249600/1770294844108_17702948369248818151258788258460.jpg,https://d4.by/image/catalog/d4_img/1770249600/1770294850874_17702948451767362029554205462648.jpg,https://d4.by/image/catalog/d4_img/1770249600/1770294857085_1770294851817687544390527883141.jpg,https://d4.by/image/catalog/d4_img/1770249600/1770294871116_17702948582853890560747091437098.jpg,https://d4.by/image/catalog/d4_img/1770249600/1770294876861_17702948723581975588043843705035.jpg,https://d4.by/image/catalog/d4_img/1770249600/1770294884045_17702948778664728279432796877200.jpg,https://d4.by/image/catalog/d4_img/1770249600/1770294890310_17702948852264794701237919940180.jpg,https://d4.by/image/catalog/d4_img/1770249600/1770294898325_1770294891410743073103041482408.jpg,https://d4.by/image/catalog/d4_img/1770249600/1770294802581_17702947941376170019982974763134.jpg,https://d4.by/image/catalog/d4_img/1770249600/1770294793203_17702947867279045465363120761585.jpg,https://d4.by/image/catalog/d4_img/1770249600/1770294631459_17702946246367370574661553937111.jpg,https://d4.by/image/catalog/d4_img/1770249600/1770294638353_17702946323412696439999352425140.jpg,https://d4.by/image/catalog/d4_img/1770249600/1770294647853_17702946391961797121725895379574.jpg,https://d4.by/image/catalog/d4_img/1770249600/1770294674872_17702946486193212354951626131574.jpg,https://d4.by/image/catalog/d4_img/1770249600/1770294687910_17702946759134615876326093206319.jpg,https://d4.by/image/catalog/d4_img/1770249600/1770294707366_17702946890815576938112572183752.jpg,https://d4.by/image/catalog/d4_img/1770249600/1770294713590_17702947082308633664980841212744.jpg,https://d4.by/image/catalog/d4_img/1770249600/1770294721535_17702947143916073149244037772354.jpg,https://d4.by/image/catalog/d4_img/1770249600/1770294727414_17702947223982349181869293892525.jpg,https://d4.by/image/catalog/d4_img/1770249600/1770294733427_17702947282498316080958597356251.jpg,https://d4.by/image/catalog/d4_img/1770249600/1770294741096_17702947342598939705314643698490.jpg,https://d4.by/image/catalog/d4_img/1770249600/1770294747583_17702947420535510299223343742091.jpg,https://d4.by/image/catalog/d4_img/1770249600/1770294910172_17702949007091220407493203961788.jpg"
"377161_1";"Opel";"Vivaro";"2004";"Двигатель";"";"дизель";"1.9";"";"";"";"";"0";"0";"";"";"0";"F9Q762";"Из Бельгии.  Гарантия на установку и проверку . Цена указана без навесного оборудования ";"0";"0";"";"750";"USD";"";"";"";"";"";"https://d4.by/image/catalog/d4_img/1770422400/1770463668236_17704636621231911243625443124645.jpg,https://d4.by/image/catalog/d4_img/1770422400/1770463673183_177046366905294701045936778687.jpg,https://d4.by/image/catalog/d4_img/1770422400/1770463678210_17704636740004895962513861318039.jpg,https://d4.by/image/catalog/d4_img/1770422400/1770463694167_17704636791016978623060327500322.jpg,https://d4.by/image/catalog/d4_img/1770422400/1770463704345_17704636950944134836433473390038.jpg,https://d4.by/image/catalog/d4_img/1770422400/1770463712236_17704637053067879088560433625941.jpg,https://d4.by/image/catalog/d4_img/1770422400/1770463717543_17704637131687792551389952108633.jpg"
"377161_2";"Renault";"Trafic";"2004";"Двигатель";"";"дизель";"1.9";"";"";"";"";"0";"0";"";"";"0";"F9Q762";"Из Бельгии.  Гарантия на установку и проверку . Цена указана без навесного оборудования ";"0";"0";"";"750";"USD";"";"";"";"";"";"https://d4.by/image/catalog/d4_img/1770422400/1770463668236_17704636621231911243625443124645.jpg,https://d4.by/image/catalog/d4_img/1770422400/1770463673183_177046366905294701045936778687.jpg,https://d4.by/image/catalog/d4_img/1770422400/1770463678210_17704636740004895962513861318039.jpg,https://d4.by/image/catalog/d4_img/1770422400/1770463694167_17704636791016978623060327500322.jpg,https://d4.by/image/catalog/d4_img/1770422400/1770463704345_17704636950944134836433473390038.jpg,https://d4.by/image/catalog/d4_img/1770422400/1770463712236_17704637053067879088560433625941.jpg,https://d4.by/image/catalog/d4_img/1770422400/1770463717543_17704637131687792551389952108633.jpg"
"377161_3";"Nissan";"Primastar";"2004";"Двигатель";"";"дизель";"1.9";"";"";"";"";"0";"0";"";"";"0";"F9Q762";"Из Бельгии.  Гарантия на установку и проверку . Цена указана без навесного оборудования ";"0";"0";"";"750";"USD";"";"";"";"";"";"https://d4.by/image/catalog/d4_img/1770422400/1770463668236_17704636621231911243625443124645.jpg,https://d4.by/image/catalog/d4_img/1770422400/1770463673183_177046366905294701045936778687.jpg,https://d4.by/image/catalog/d4_img/1770422400/1770463678210_17704636740004895962513861318039.jpg,https://d4.by/image/catalog/d4_img/1770422400/1770463694167_17704636791016978623060327500322.jpg,https://d4.by/image/catalog/d4_img/1770422400/1770463704345_17704636950944134836433473390038.jpg,https://d4.by/image/catalog/d4_img/1770422400/1770463712236_17704637053067879088560433625941.jpg,https://d4.by/image/catalog/d4_img/1770422400/1770463717543_17704637131687792551389952108633.jpg"
"377182";"Skoda";"Superb";"2002";"Двигатель";"";"дизель";"1.9";"";"";"";"";"0";"0";"";"";"0";"AWX";"Из Бельгии.  Гарантия на установку и проверку.  Цена указана в сборе как на фото, первый  комплект. ";"0";"0";"";"900";"USD";"";"";"";"";"";"https://d4.by/image/catalog/d4_img/1770422400/1770465573250_17704655675453370001501371910402.jpg,https://d4.by/image/catalog/d4_img/1770422400/1770465579183_17704655740245753607516268317998.jpg,https://d4.by/image/catalog/d4_img/1770422400/1770465589004_17704655800656251358817086665335.jpg,https://d4.by/image/catalog/d4_img/1770422400/1770465601134_17704655939906385025257706213879.jpg,https://d4.by/image/catalog/d4_img/1770422400/1770465606497_17704656019603113901565627455065.jpg,https://d4.by/image/catalog/d4_img/1770422400/1770465612519_17704656074219071433422227269415.jpg,https://d4.by/image/catalog/d4_img/1770422400/1770465618585_17704656133887879032369572679451.jpg,https://d4.by/image/catalog/d4_img/1770422400/1770465624375_17704656194165627513312628615813.jpg,https://d4.by/image/catalog/d4_img/1770422400/1770465629806_17704656252401325729285490597961.jpg"
"377191_1";"Volkswagen";"Sharan";"2003";"Двигатель";"";"дизель";"1.9";"";"";"";"";"0";"0";"";"";"0";"AUY";"Из Бельгии.  Гарантия на установку и проверку.  Цена указана без навесного оборудования.  ";"0";"0";"Открутить шпильку под клапанной крышки ";"330";"USD";"";"";"";"";"";"https://d4.by/image/catalog/d4_img/1770422400/1770468094109_1770468087172122985444900505268.jpg,https://d4.by/image/catalog/d4_img/1770422400/1770468100750_17704680952758697260381585457112.jpg,https://d4.by/image/catalog/d4_img/1770422400/1770468108834_17704681015446806984749073062510.jpg,https://d4.by/image/catalog/d4_img/1770422400/1770468114568_17704681097698076398682461658746.jpg,https://d4.by/image/catalog/d4_img/1770422400/1770468121452_17704681154847676186689256017808.jpg,https://d4.by/image/catalog/d4_img/1770422400/1770468129356_17704681224848151737843248676119.jpg,https://d4.by/image/catalog/d4_img/1770422400/1770468141313_17704681302848452692118339829508.jpg"
"377191_2";"Ford";"Galaxy";"2003";"Двигатель";"";"дизель";"1.9";"";"";"";"";"0";"0";"";"";"0";"AUY";"Из Бельгии.  Гарантия на установку и проверку.  Цена указана без навесного оборудования.  ";"0";"0";"Открутить шпильку под клапанной крышки ";"330";"USD";"";"";"";"";"";"https://d4.by/image/catalog/d4_img/1770422400/1770468094109_1770468087172122985444900505268.jpg,https://d4.by/image/catalog/d4_img/1770422400/1770468100750_17704680952758697260381585457112.jpg,https://d4.by/image/catalog/d4_img/1770422400/1770468108834_17704681015446806984749073062510.jpg,https://d4.by/image/catalog/d4_img/1770422400/1770468114568_17704681097698076398682461658746.jpg,https://d4.by/image/catalog/d4_img/1770422400/1770468121452_17704681154847676186689256017808.jpg,https://d4.by/image/catalog/d4_img/1770422400/1770468129356_17704681224848151737843248676119.jpg,https://d4.by/image/catalog/d4_img/1770422400/1770468141313_17704681302848452692118339829508.jpg"
"377191_3";"Seat";"Alhambra";"2003";"Двигатель";"";"дизель";"1.9";"";"";"";"";"0";"0";"";"";"0";"AUY";"Из Бельгии.  Гарантия на установку и проверку.  Цена указана без навесного оборудования.  ";"0";"0";"Открутить шпильку под клапанной крышки ";"330";"USD";"";"";"";"";"";"https://d4.by/image/catalog/d4_img/1770422400/1770468094109_1770468087172122985444900505268.jpg,https://d4.by/image/catalog/d4_img/1770422400/1770468100750_17704680952758697260381585457112.jpg,https://d4.by/image/catalog/d4_img/1770422400/1770468108834_17704681015446806984749073062510.jpg,https://d4.by/image/catalog/d4_img/1770422400/1770468114568_17704681097698076398682461658746.jpg,https://d4.by/image/catalog/d4_img/1770422400/1770468121452_17704681154847676186689256017808.jpg,https://d4.by/image/catalog/d4_img/1770422400/1770468129356_17704681224848151737843248676119.jpg,https://d4.by/image/catalog/d4_img/1770422400/1770468141313_17704681302848452692118339829508.jpg"
"377202";"Volkswagen";"Golf Plus";"2007";"Двигатель";"";"дизель";"1.9";"";"";"";"";"0";"0";"";"";"0";"BKC";"Из Бельгии.  Гарантия на установку и проверку . Цена указана без навесного оборудования ";"0";"0";"";"370";"USD";"";"";"";"";"";"https://d4.by/image/catalog/d4_img/1770422400/1770470627938_17704706227498014213945324026649.jpg,https://d4.by/image/catalog/d4_img/1770422400/1770470635840_177047062877670746698252615818.jpg,https://d4.by/image/catalog/d4_img/1770422400/1770470641869_17704706366188763635010301763376.jpg,https://d4.by/image/catalog/d4_img/1770422400/1770470655287_17704706435424584274720964185715.jpg,https://d4.by/image/catalog/d4_img/1770422400/1770470660468_17704706561044594447961598312264.jpg,https://d4.by/image/catalog/d4_img/1770422400/1770470666501_17704706613203157532567547972604.jpg,https://d4.by/image/catalog/d4_img/1770422400/1770470674680_17704706677154687087644174811167.jpg,https://d4.by/image/catalog/d4_img/1770422400/1770470684954_17704706755543596356601332716796.jpg"
"377212";"Fiat";"Ducato";"2004";"Двигатель";"";"дизель";"2.3";"";"";"";"";"0";"0";"";"";"0";"F1AE0481C";"Из Бельгии.  Гарантия на установку и проверку . Цена указана без навесного оборудования ";"0";"0";"";"1450";"USD";"";"";"";"";"";"https://d4.by/image/catalog/d4_img/1770422400/1770472694441_17704726896593397249680174159105.jpg,https://d4.by/image/catalog/d4_img/1770422400/1770472699998_17704726951864940395199032193981.jpg,https://d4.by/image/catalog/d4_img/1770422400/1770472705283_17704727008413386297978910144905.jpg,https://d4.by/image/catalog/d4_img/1770422400/1770472711727_17704727060807177719192449090204.jpg,https://d4.by/image/catalog/d4_img/1770422400/1770472717261_17704727125702178554537265807241.jpg,https://d4.by/image/catalog/d4_img/1770422400/1770472724374_17704727180496940927744380755790.jpg,https://d4.by/image/catalog/d4_img/1770422400/1770472733416_17704727254977641423713532674760.jpg"
"377227_1";"Volkswagen";"Sharan";"2003";"Двигатель";"";"дизель";"1.9";"";"";"";"";"0";"0";"";"";"0";"AUY";"Из Бельгии.  Гарантия на установку и проверку . Цена указана без навесного оборудования, Дефект клапанной  На распредвале на 2 кулачках есть  мелкие задирчики ";"0";"0";"";"285";"USD";"";"";"";"";"";"https://d4.by/image/catalog/d4_img/1770422400/1770474901089_17704748915974155810410370798794.jpg,https://d4.by/image/catalog/d4_img/1770422400/1770474890667_17704748812631754723032874883428.jpg,https://d4.by/image/catalog/d4_img/1770422400/1770474880435_1770474870156133261983891279047.jpg,https://d4.by/image/catalog/d4_img/1770422400/1770474869357_17704748650815687989381549158511.jpg,https://d4.by/image/catalog/d4_img/1770422400/1770474864125_17704748564974523433558756002314.jpg,https://d4.by/image/catalog/d4_img/1770422400/1770474855737_1770474850649637073570290515002.jpg,https://d4.by/image/catalog/d4_img/1770422400/1770474849797_17704748436862721111031063717655.jpg"
"377227_2";"Ford";"Galaxy";"2003";"Двигатель";"";"дизель";"1.9";"";"";"";"";"0";"0";"";"";"0";"AUY";"Из Бельгии.  Гарантия на установку и проверку . Цена указана без навесного оборудования, Дефект клапанной  На распредвале на 2 кулачках есть  мелкие задирчики ";"0";"0";"";"285";"USD";"";"";"";"";"";"https://d4.by/image/catalog/d4_img/1770422400/1770474901089_17704748915974155810410370798794.jpg,https://d4.by/image/catalog/d4_img/1770422400/1770474890667_17704748812631754723032874883428.jpg,https://d4.by/image/catalog/d4_img/1770422400/1770474880435_1770474870156133261983891279047.jpg,https://d4.by/image/catalog/d4_img/1770422400/1770474869357_17704748650815687989381549158511.jpg,https://d4.by/image/catalog/d4_img/1770422400/1770474864125_17704748564974523433558756002314.jpg,https://d4.by/image/catalog/d4_img/1770422400/1770474855737_1770474850649637073570290515002.jpg,https://d4.by/image/catalog/d4_img/1770422400/1770474849797_17704748436862721111031063717655.jpg"
"377227_3";"Seat";"Alhambra";"2003";"Двигатель";"";"дизель";"1.9";"";"";"";"";"0";"0";"";"";"0";"AUY";"Из Бельгии.  Гарантия на установку и проверку . Цена указана без навесного оборудования, Дефект клапанной  На распредвале на 2 кулачках есть  мелкие задирчики ";"0";"0";"";"285";"USD";"";"";"";"";"";"https://d4.by/image/catalog/d4_img/1770422400/1770474901089_17704748915974155810410370798794.jpg,https://d4.by/image/catalog/d4_img/1770422400/1770474890667_17704748812631754723032874883428.jpg,https://d4.by/image/catalog/d4_img/1770422400/1770474880435_1770474870156133261983891279047.jpg,https://d4.by/image/catalog/d4_img/1770422400/1770474869357_17704748650815687989381549158511.jpg,https://d4.by/image/catalog/d4_img/1770422400/1770474864125_17704748564974523433558756002314.jpg,https://d4.by/image/catalog/d4_img/1770422400/1770474855737_1770474850649637073570290515002.jpg,https://d4.by/image/catalog/d4_img/1770422400/1770474849797_17704748436862721111031063717655.jpg"
"377251";"Peugeot";"607";"2005";"Двигатель";"";"дизель";"2.7";"";"";"";"";"0";"0";"";"";"0";"ELD11";"Из Бельгии.  Гарантия на установку и проверку.  Цена указана без навесного оборудования ";"0";"0";"";"850";"USD";"";"";"";"";"";"https://d4.by/image/catalog/d4_img/1770595200/1770620818331_17706208119985068305745363897612.jpg,https://d4.by/image/catalog/d4_img/1770595200/1770620823673_17706208190648381234399600373648.jpg,https://d4.by/image/catalog/d4_img/1770595200/1770620831642_17706208245161171921397059938134.jpg,https://d4.by/image/catalog/d4_img/1770595200/1770620836665_17706208326254227788381105224247.jpg,https://d4.by/image/catalog/d4_img/1770595200/1770620845030_17706208375919095795605445973466.jpg,https://d4.by/image/catalog/d4_img/1770595200/1770620850267_17706208458053918568825707956394.jpg,https://d4.by/image/catalog/d4_img/1770595200/1770620858078_177062085118534158885947305231.jpg,https://d4.by/image/catalog/d4_img/1770595200/1770620867335_17706208593548006472753891209664.jpg"
"377265";"Skoda";"Superb";"2005";"Двигатель";"";"дизель";"1.9";"";"";"";"";"0";"0";"";"";"0";"BSV";"Из Бельгии.  Гарантия на установку и проверку.  Цена указана без навесного оборудования ";"0";"0";"";"550";"USD";"";"";"";"";"";"https://d4.by/image/catalog/d4_img/1770595200/1770622249195_17706222411447685616418560917258.jpg,https://d4.by/image/catalog/d4_img/1770595200/1770622258126_17706222499701452545378769130209.jpg,https://d4.by/image/catalog/d4_img/1770595200/1770622267048_17706222589423113709346626445054.jpg,https://d4.by/image/catalog/d4_img/1770595200/1770622273977_17706222680934458882830427084146.jpg,https://d4.by/image/catalog/d4_img/1770595200/1770622280244_17706222747203377961673932889911.jpg,https://d4.by/image/catalog/d4_img/1770595200/1770622294322_17706222811374282886854989108095.jpg,https://d4.by/image/catalog/d4_img/1770595200/1770622300177_17706222954405942893269539232201.jpg,https://d4.by/image/catalog/d4_img/1770595200/1770622309024_17706223012538602704151574547923.jpg"
"377643";"Mercedes";"S W220";"2005";"Двигатель";"";"дизель";"3.2";"";"";"";"";"0";"0";"";"";"0";"648960";"Из Бельгии.  Гарантия на установку и проверку.  Цена указана без навесного оборудования , Бит поддон ";"0";"0";"";"1600";"USD";"";"";"";"";"";"https://d4.by/image/catalog/d4_img/1770768000/1770798528544_17707985234045493685430909385448.jpg,https://d4.by/image/catalog/d4_img/1770768000/1770798585725_17707985772101601973874647363484.jpg,https://d4.by/image/catalog/d4_img/1770768000/1770798575846_17707985717517651993480884946814.jpg,https://d4.by/image/catalog/d4_img/1770768000/1770798570943_17707985664088414521637181900038.jpg,https://d4.by/image/catalog/d4_img/1770768000/1770798565601_17707985609593752135113875851647.jpg,https://d4.by/image/catalog/d4_img/1770768000/1770798560148_17707985560133524012777317970129.jpg,https://d4.by/image/catalog/d4_img/1770768000/1770798554629_1770798550127529101777962181129.jpg,https://d4.by/image/catalog/d4_img/1770768000/1770798549343_17707985366591732121510870544419.jpg,https://d4.by/image/catalog/d4_img/1770768000/1770798535867_17707985292695103815570095004119.jpg,https://d4.by/image/catalog/d4_img/1770768000/1770798600360_17707985937624156393077573412717.jpg"
"377705";"Geely";"SC7";"2012";"Двигатель";"";"бензин";"1.8";"";"";"";"";"0";"0";"";"";"0";"Jl4g18";" Гарантия на установку и проверку . Цена указана без навесного оборудования ";"0";"0";"";"450";"USD";"";"";"";"";"";"https://d4.by/image/catalog/d4_img/1770768000/1770813561407_17708135555131029102638310070914.jpg,https://d4.by/image/catalog/d4_img/1770768000/1770813554671_17708135495611362427327987972335.jpg,https://d4.by/image/catalog/d4_img/1770768000/1770813546413_17708135418433713520527193317423.jpg,https://d4.by/image/catalog/d4_img/1770768000/1770813541039_17708135348652529732826001795917.jpg,https://d4.by/image/catalog/d4_img/1770768000/1770813534074_1770813528967597942718949316384.jpg"
"378461";"Renault";"Megane";"2010";"Двигатель";"";"дизель";"1.5";"";"";"";"";"0";"0";"";"";"0";"K9k834";"Из Бельгии, Гарантия на установку и проверку,  Цена указана без навесного оборудования,  стартер спереди,  топливная  Delphi";"0";"0";"";"720";"USD";"";"";"";"";"";"https://d4.by/image/catalog/d4_img/1771286400/1771331770314_17713317648694792095166476442590.jpg,https://d4.by/image/catalog/d4_img/1771286400/1771331775021_17713317710349132810532761592156.jpg,https://d4.by/image/catalog/d4_img/1771286400/1771331783296_17713317757617704680525841886749.jpg,https://d4.by/image/catalog/d4_img/1771286400/1771331790577_17713317841331160278068912680084.jpg,https://d4.by/image/catalog/d4_img/1771286400/1771331798428_17713317914696869255219533186785.jpg,https://d4.by/image/catalog/d4_img/1771286400/1771331818823_177133179932057266728505319702.jpg,https://d4.by/image/catalog/d4_img/1771286400/1771331829159_17713318201833697054724207542015.jpg"
"378493_1";"Fiat";"Ducato";"1998";"Двигатель";"";"дизель";"1.9";"D";"";"";"";"0";"0";"";"";"0";"DJY";"Из Бельгии, Гарантия на установку и проверку, Цена указана без навесного оборудования ";"0";"0";"";"700";"USD";"";"";"";"";"";"https://d4.by/image/catalog/d4_img/1771286400/1771338020621_17713380156611309189803366639500.jpg,https://d4.by/image/catalog/d4_img/1771286400/1771338028013_17713380214874487523208903880196.jpg,https://d4.by/image/catalog/d4_img/1771286400/1771338035834_17713380290295581699445233979680.jpg,https://d4.by/image/catalog/d4_img/1771286400/1771338047423_1771338036796181890500922036838.jpg,https://d4.by/image/catalog/d4_img/1771286400/1771338055580_17713380482195046917796218313168.jpg,https://d4.by/image/catalog/d4_img/1771286400/1771338063016_17713380564716447592432442998869.jpg,https://d4.by/image/catalog/d4_img/1771286400/1771338071229_17713380639887154475786904741342.jpg"
"378493_2";"Citroen";"Jumper";"1998";"Двигатель";"";"дизель";"1.9";"D";"";"";"";"0";"0";"";"";"0";"DJY";"Из Бельгии, Гарантия на установку и проверку, Цена указана без навесного оборудования ";"0";"0";"";"700";"USD";"";"";"";"";"";"https://d4.by/image/catalog/d4_img/1771286400/1771338020621_17713380156611309189803366639500.jpg,https://d4.by/image/catalog/d4_img/1771286400/1771338028013_17713380214874487523208903880196.jpg,https://d4.by/image/catalog/d4_img/1771286400/1771338035834_17713380290295581699445233979680.jpg,https://d4.by/image/catalog/d4_img/1771286400/1771338047423_1771338036796181890500922036838.jpg,https://d4.by/image/catalog/d4_img/1771286400/1771338055580_17713380482195046917796218313168.jpg,https://d4.by/image/catalog/d4_img/1771286400/1771338063016_17713380564716447592432442998869.jpg,https://d4.by/image/catalog/d4_img/1771286400/1771338071229_17713380639887154475786904741342.jpg"
"378493_3";"Peugeot";"Boxer";"1998";"Двигатель";"";"дизель";"1.9";"D";"";"";"";"0";"0";"";"";"0";"DJY";"Из Бельгии, Гарантия на установку и проверку, Цена указана без навесного оборудования ";"0";"0";"";"700";"USD";"";"";"";"";"";"https://d4.by/image/catalog/d4_img/1771286400/1771338020621_17713380156611309189803366639500.jpg,https://d4.by/image/catalog/d4_img/1771286400/1771338028013_17713380214874487523208903880196.jpg,https://d4.by/image/catalog/d4_img/1771286400/1771338035834_17713380290295581699445233979680.jpg,https://d4.by/image/catalog/d4_img/1771286400/1771338047423_1771338036796181890500922036838.jpg,https://d4.by/image/catalog/d4_img/1771286400/1771338055580_17713380482195046917796218313168.jpg,https://d4.by/image/catalog/d4_img/1771286400/1771338063016_17713380564716447592432442998869.jpg,https://d4.by/image/catalog/d4_img/1771286400/1771338071229_17713380639887154475786904741342.jpg"
"378517";"Citroen";"Jumpy";"2002";"Двигатель";"";"дизель";"2.0";"HDi";"";"";"";"0";"0";"";"";"0";"RHX";"Из Бельгии, Гарантия на установку и проверку, Цена указана без навесного оборудования ";"0";"0";"";"310";"USD";"";"";"";"";"";"https://d4.by/image/catalog/d4_img/1771286400/1771339372162_17713393660577446267335159663899.jpg,https://d4.by/image/catalog/d4_img/1771286400/1771339378893_17713393742101506090892569895952.jpg,https://d4.by/image/catalog/d4_img/1771286400/1771339386965_17713393796417715514662040467263.jpg,https://d4.by/image/catalog/d4_img/1771286400/1771339392888_17713393879271540511601308449762.jpg,https://d4.by/image/catalog/d4_img/1771286400/1771339398105_17713393937302818322398792351777.jpg,https://d4.by/image/catalog/d4_img/1771286400/1771339405101_1771339398946970638726986934044.jpg,https://d4.by/image/catalog/d4_img/1771286400/1771339412366_17713394059576188219227111434611.jpg"
"378537";"Mitsubishi";"Space Star";"2001";"Двигатель";"";"бензин";"1.3";"";"";"";"";"0";"0";"";"";"0";"4G13";"Из Бельгии.  Гарантия на установку и проверку.  Цена указана без навесного оборудования,  под катушки";"0";"0";"";"530";"USD";"";"";"";"";"";"https://d4.by/image/catalog/d4_img/1771372800/1771400806266_17714008013598643196226545775057.jpg,https://d4.by/image/catalog/d4_img/1771372800/1771400815531_17714008070461321106033717208580.jpg,https://d4.by/image/catalog/d4_img/1771372800/1771400828632_17714008162817551839081776395257.jpg,https://d4.by/image/catalog/d4_img/1771372800/1771400835147_17714008294993879968556714242967.jpg,https://d4.by/image/catalog/d4_img/1771372800/1771400841522_17714008359252084407089170553938.jpg,https://d4.by/image/catalog/d4_img/1771372800/1771400847297_17714008422367027404203538407365.jpg,https://d4.by/image/catalog/d4_img/1771372800/1771400853117_17714008481685852171898106318411.jpg"
"378555";"Peugeot";"407";"2004";"Двигатель";"";"бензин";"2.2";"";"";"";"";"0";"0";"";"";"0";"3FZ";"Из Бельгии.  Гарантия на установку и проверку,  Цена указана без навесного оборудования ";"0";"0";"";"800";"USD";"";"";"";"";"";"https://d4.by/image/catalog/d4_img/1771372800/1771403288006_17714032804747787918059916212083.jpg,https://d4.by/image/catalog/d4_img/1771372800/1771403279536_17714032713284158923191497252450.jpg,https://d4.by/image/catalog/d4_img/1771372800/1771403270431_17714032638208601574692667442227.jpg,https://d4.by/image/catalog/d4_img/1771372800/1771403262977_17714032582186313232032618301376.jpg,https://d4.by/image/catalog/d4_img/1771372800/1771403257242_17714032320332748653587476270291.jpg,https://d4.by/image/catalog/d4_img/1771372800/1771403230555_17714032198704046195795633869949.jpg,https://d4.by/image/catalog/d4_img/1771372800/1771403219060_17714032146131212431646030181388.jpg"
"378565";"Renault";"Laguna";"2004";"Двигатель";"";"бензин";"1.6";"";"";"";"";"0";"0";"";"";"0";"K4M5716";"Из Бельгии.  Гарантия на установку и проверку,  Цена указана без навесного оборудования ";"0";"0";"";"800";"USD";"";"";"";"";"";"https://d4.by/image/catalog/d4_img/1771372800/1771404273024_17714042663817404899880168714021.jpg,https://d4.by/image/catalog/d4_img/1771372800/1771404279588_17714042738335495856835796968732.jpg,https://d4.by/image/catalog/d4_img/1771372800/1771404286885_17714042803417000820649190888216.jpg,https://d4.by/image/catalog/d4_img/1771372800/1771404294026_17714042878507153019340293890974.jpg,https://d4.by/image/catalog/d4_img/1771372800/1771404300639_17714042948873616298432734095225.jpg,https://d4.by/image/catalog/d4_img/1771372800/1771404311278_17714043016564057299854186488191.jpg,https://d4.by/image/catalog/d4_img/1771372800/1771404322874_17714043121454151296763872507333.jpg"
"378586";"Ford";"Fiesta";"2009";"Двигатель";"";"дизель";"1.6";"";"";"";"";"0";"0";"";"";"0";"HHJE";"Из Бельгии.  Гарантия на установку и проверку,  Цена указана без навесного оборудования ";"0";"0";"";"400";"USD";"";"";"";"";"";"https://d4.by/image/catalog/d4_img/1771372800/1771410176601_17714101715111063312870190768090.jpg,https://d4.by/image/catalog/d4_img/1771372800/1771410185184_1771410177362221125327483756879.jpg,https://d4.by/image/catalog/d4_img/1771372800/1771410191359_17714101859766083935103467758527.jpg,https://d4.by/image/catalog/d4_img/1771372800/1771410204401_17714101930375518531804974022061.jpg,https://d4.by/image/catalog/d4_img/1771372800/1771410209677_1771410205403824123057407358420.jpg,https://d4.by/image/catalog/d4_img/1771372800/1771410215762_17714102104727465888748309409929.jpg,https://d4.by/image/catalog/d4_img/1771372800/1771410223647_17714102165574381317600847504401.jpg"
"378644";"Peugeot";"206";"2002";"Двигатель";"";"дизель";"2.0";"";"";"";"";"0";"0";"";"";"0";"RHY";"Из Бельгии.  Гарантия на установку и проверку,  Цена указана без навесного оборудования ";"0";"0";"";"300";"USD";"";"";"";"";"";"https://d4.by/image/catalog/d4_img/1771372800/1771419522509_17714195176923510196545918439413.jpg,https://d4.by/image/catalog/d4_img/1771372800/1771419531476_17714195234712742389522947471659.jpg,https://d4.by/image/catalog/d4_img/1771372800/1771419538618_17714195324435306707987237508975.jpg,https://d4.by/image/catalog/d4_img/1771372800/1771419545686_17714195394939170995931274282303.jpg,https://d4.by/image/catalog/d4_img/1771372800/1771419551285_17714195465338123969174035889958.jpg,https://d4.by/image/catalog/d4_img/1771372800/1771419561557_17714195521201595482446451362481.jpg"
"378678";"Ford";"Transit";"2008";"Двигатель";"";"дизель";"2.2";"";"";"";"";"0";"0";"";"";"0";"QVFA";"Из Бельгии.  Гарантия на установку и проверку.  Цена указана без навесного оборудования ";"0";"0";"";"1100";"USD";"";"";"";"";"";"https://d4.by/image/catalog/d4_img/1771372800/1771424615110_17714246100496593765621222370833.jpg,https://d4.by/image/catalog/d4_img/1771372800/1771424620824_17714246159771570870533842576720.jpg,https://d4.by/image/catalog/d4_img/1771372800/1771424627127_1771424622934182699442625333375.jpg,https://d4.by/image/catalog/d4_img/1771372800/1771424635053_17714246285987495530509605192232.jpg,https://d4.by/image/catalog/d4_img/1771372800/1771424643612_17714246359205419218564637068723.jpg,https://d4.by/image/catalog/d4_img/1771372800/1771424651795_17714246445506711818623484370586.jpg,https://d4.by/image/catalog/d4_img/1771372800/1771424660002_17714246546467842225426860530376.jpg,https://d4.by/image/catalog/d4_img/1771372800/1771424667465_17714246609068343167613851352870.jpg"
"378693";"Renault";"Scenic";"2010";"Двигатель";"";"дизель";"1.5";"";"";"";"";"0";"0";"";"";"0";"K9K832";"Из Бельгии.  Гарантия на установку и проверку.  Цена указана без навесного оборудования,  топливная , continental";"0";"0";"";"580";"USD";"";"";"";"";"";"https://d4.by/image/catalog/d4_img/1771372800/1771425684196_17714256777245158588406975348561.jpg,https://d4.by/image/catalog/d4_img/1771372800/1771425689258_17714256849271209747567257578905.jpg,https://d4.by/image/catalog/d4_img/1771372800/1771425694782_17714256899625313033449176633557.jpg,https://d4.by/image/catalog/d4_img/1771372800/1771425704723_17714256956548952401734708741591.jpg,https://d4.by/image/catalog/d4_img/1771372800/1771425713026_17714257056108998968656291400712.jpg,https://d4.by/image/catalog/d4_img/1771372800/1771425718438_17714257139662967612800067340948.jpg,https://d4.by/image/catalog/d4_img/1771372800/1771425726924_17714257192928572090631570049971.jpg,https://d4.by/image/catalog/d4_img/1771372800/1771425735880_17714257277612583271811241119733.jpg"
"378704_4";"BMW";"7 E65/E66";"2004";"Двигатель";"";"дизель";"3.0";"";"АКПП";"";"";"0";"0";"";"";"0";"M57D2,306D2,7783467A,M57D30TU,M57N";"Из Германии, с леворульного авто (не Англия).  Двигатель M57 (306D2), форсунки Bosch (0445110216) , турбина с вакуумным управлением, задний привод , снимался с авто с пробегом 310.000км. Цена указана за столб, можно комплектом - цену уточняйте.  . Доставка по всей РБ, в РФ транспортными компаниями. Если не доступен звоните/пишите - Viber, WhatsApp, Telegram.";"0";"0";"Запчасть Даника ";"950";"USD";"";"Брест";"+375(29)824-89-27 Viber WhatsApp Telegram";"";"";"https://d4.by/image/catalog/d4_img/1771372800/1771447172137_IMG_0678.jpeg,https://d4.by/image/catalog/d4_img/1771372800/1771447172138_IMG_0679.jpeg,https://d4.by/image/catalog/d4_img/1771372800/1771447172138_IMG_0680.jpeg,https://d4.by/image/catalog/d4_img/1771372800/1771447172138_IMG_0681.jpeg,https://d4.by/image/catalog/d4_img/1771372800/1771447172138_IMG_0682.jpeg,https://d4.by/image/catalog/d4_img/1771372800/1771447172138_IMG_0683.jpeg,https://d4.by/image/catalog/d4_img/1771372800/1771447172138_IMG_0686.jpeg,https://d4.by/image/catalog/d4_img/1771372800/1771447172138_IMG_0687.jpeg"
"378784";"Chrysler";"Voyager";"1999";"Двигатель";"";"бензин";"3.3";"";"";"";"";"0";"0";"";"";"0";"TPTE,33FF";"Из Бельгии.  Гарантия на установку и проверку.  Цена указана без навесного оборудования ";"0";"0";"";"570";"USD";"";"";"";"";"";"https://d4.by/image/catalog/d4_img/1771459200/1771498528405_177149852044936061156654944468.jpg,https://d4.by/image/catalog/d4_img/1771459200/1771498535985_17714985311487631421794134368239.jpg,https://d4.by/image/catalog/d4_img/1771459200/1771498544053_17714985368518893291828443166442.jpg,https://d4.by/image/catalog/d4_img/1771459200/1771498553204_1771498544879545205336241749680.jpg,https://d4.by/image/catalog/d4_img/1771459200/1771498560455_17714985554223747836712142590186.jpg,https://d4.by/image/catalog/d4_img/1771459200/1771498568544_1771498561565446733500179852636.jpg,https://d4.by/image/catalog/d4_img/1771459200/1771498578275_17714985696214106968246707728705.jpg,https://d4.by/image/catalog/d4_img/1771459200/1771498587065_1771498579292156745755330537922.jpg"
"378854";"Volvo";"V50";"2008";"Двигатель";"";"дизель";"1.6";"";"";"";"";"0";"0";"";"";"0";"d4164t";"Из Бельгии.  Гарантия на установку и проверку,  Цена указана без навесного оборудования ";"0";"0";"";"700";"USD";"";"";"";"";"";"https://d4.by/image/catalog/d4_img/1771459200/1771510625452_17715106171084104879730329327213.jpg,https://d4.by/image/catalog/d4_img/1771459200/1771510631384_17715106262482723808399212480227.jpg,https://d4.by/image/catalog/d4_img/1771459200/1771510639304_17715106322401387926514380369819.jpg,https://d4.by/image/catalog/d4_img/1771459200/1771510646131_17715106401755966399364735941509.jpg,https://d4.by/image/catalog/d4_img/1771459200/1771510653778_17715106469157919307544660485369.jpg,https://d4.by/image/catalog/d4_img/1771459200/1771510660268_17715106546848886762753623372041.jpg,https://d4.by/image/catalog/d4_img/1771459200/1771510666317_17715106610741347312069941173783.jpg"
"379052";"Volkswagen";"Passat";"2002";"Двигатель";"";"дизель";"1.9";"";"";"";"";"0";"0";"";"";"0";"AJM";"Из Бельгии.  Гарантия на установку и проверку.  Цена указана без навесного оборудования , минимальная выроботка на распредвале ";"0";"0";"";"220";"USD";"";"";"";"";"";"https://d4.by/image/catalog/d4_img/1771632000/1771660303796_17716602985032527742985495464897.jpg,https://d4.by/image/catalog/d4_img/1771632000/1771660309975_17716603044816116000366270855968.jpg,https://d4.by/image/catalog/d4_img/1771632000/1771660317472_17716603107466438080269007738485.jpg,https://d4.by/image/catalog/d4_img/1771632000/1771660322892_17716603183747634011978258282304.jpg,https://d4.by/image/catalog/d4_img/1771632000/1771660331226_17716603236573416985993138029813.jpg,https://d4.by/image/catalog/d4_img/1771632000/1771660341652_17716603321982747294191202075973.jpg"
"379062";"Volvo";"V50";"2008";"Двигатель";"";"дизель";"1.6";"";"";"";"";"0";"0";"";"";"0";"d4164t";"Из Бельгии.  Гарантия на установку и проверку.  Цена указана без навесного оборудования ";"0";"0";"";"730";"USD";"";"";"";"";"";"https://d4.by/image/catalog/d4_img/1771632000/1771662349944_17716623427252465729548042404557.jpg,https://d4.by/image/catalog/d4_img/1771632000/1771662356572_1771662350602172570205056529833.jpg,https://d4.by/image/catalog/d4_img/1771632000/1771662361889_17716623573181959248198118631841.jpg,https://d4.by/image/catalog/d4_img/1771632000/1771662367262_177166236273817480511163348734.jpg,https://d4.by/image/catalog/d4_img/1771632000/1771662374308_17716623694421836276939295865921.jpg,https://d4.by/image/catalog/d4_img/1771632000/1771662381549_17716623752137167394452338900873.jpg,https://d4.by/image/catalog/d4_img/1771632000/1771662388400_17716623823203984525459816579768.jpg,https://d4.by/image/catalog/d4_img/1771632000/1771662398696_1771662389338214185171736810306.jpg,https://d4.by/image/catalog/d4_img/1771632000/1771662407204_17716624001261236135814720054586.jpg"
"379124";"Opel";"Astra";"2007";"Двигатель";"";"дизель";"1.3";"";"";"";"";"0";"0";"";"";"0";"Z13DTH";"Из Бельгии.  Гарантия на установку и проверку,  Цена указана без навесного оборудования ";"0";"0";"";"700";"USD";"";"";"";"";"";"https://d4.by/image/catalog/d4_img/1771632000/1771676066420_17716760616632405053859071081594.jpg,https://d4.by/image/catalog/d4_img/1771632000/1771676071951_17716760671331614205015959247295.jpg,https://d4.by/image/catalog/d4_img/1771632000/1771676077106_17716760727166354649951176240960.jpg,https://d4.by/image/catalog/d4_img/1771632000/1771676087734_17716760804868196793546961104278.jpg,https://d4.by/image/catalog/d4_img/1771632000/1771676094592_17716760885314521831720056067909.jpg,https://d4.by/image/catalog/d4_img/1771632000/1771676100272_17716760955331588926481549694863.jpg,https://d4.by/image/catalog/d4_img/1771632000/1771676105739_17716761011162122509833143410573.jpg,https://d4.by/image/catalog/d4_img/1771632000/1771676112900_17716761065856513132435288025127.jpg"
"379144";"Opel";"Omega";"1994";"Двигатель";"";"дизель";"2.3";"D";"";"";"";"0";"0";"";"";"0";"23YD";"Из Бельгии.  Гарантия на установку и проверку,  Цена указана без навесного оборудования ";"0";"0";"";"700";"USD";"";"";"";"";"";"https://d4.by/image/catalog/d4_img/1771632000/1771680750674_17716807435444686068335144507409.jpg,https://d4.by/image/catalog/d4_img/1771632000/1771680758526_17716807517028673309950473267670.jpg,https://d4.by/image/catalog/d4_img/1771632000/1771680766622_1771680759843354345552909708338.jpg,https://d4.by/image/catalog/d4_img/1771632000/1771680772923_17716807674091528861320317543860.jpg,https://d4.by/image/catalog/d4_img/1771632000/1771680779986_17716807738022641939730416525489.jpg,https://d4.by/image/catalog/d4_img/1771632000/1771680788987_17716807808934596036905820307516.jpg,https://d4.by/image/catalog/d4_img/1771632000/1771680794581_17716807899251970978122130643201.jpg,https://d4.by/image/catalog/d4_img/1771632000/1771680802636_1771680795448558829027269617173.jpg"
"379662_1";"Peugeot";"Boxer";"2020";"Двигатель";"";"дизель";"2.2";"";"";"";"";"0";"0";"";"";"0";"4H03";"Из Бельгии.  Гарантия на установку и проверку,  Цена указана без навесного оборудования ,  Пробег 58.000км";"0";"0";"";"4600";"USD";"";"";"";"";"";"https://d4.by/image/catalog/d4_img/1771977600/1772027223717_17720272192923906179909885674745.jpg,https://d4.by/image/catalog/d4_img/1771977600/1772027229538_17720272244766259991996971082754.jpg,https://d4.by/image/catalog/d4_img/1771977600/1772027236496_17720272303859069628784114154851.jpg,https://d4.by/image/catalog/d4_img/1771977600/1772027242308_17720272372958864537609121053522.jpg,https://d4.by/image/catalog/d4_img/1771977600/1772027251571_17720272432724817304995284313589.jpg,https://d4.by/image/catalog/d4_img/1771977600/1772027258580_17720272523676059068429945463005.jpg,https://d4.by/image/catalog/d4_img/1771977600/1772027265979_17720272594185317234890590851749.jpg"
"379662_2";"Citroen";"Jumper";"2020";"Двигатель";"";"дизель";"2.2";"";"";"";"";"0";"0";"";"";"0";"4H03";"Из Бельгии.  Гарантия на установку и проверку,  Цена указана без навесного оборудования ,  Пробег 58.000км";"0";"0";"";"4600";"USD";"";"";"";"";"";"https://d4.by/image/catalog/d4_img/1771977600/1772027223717_17720272192923906179909885674745.jpg,https://d4.by/image/catalog/d4_img/1771977600/1772027229538_17720272244766259991996971082754.jpg,https://d4.by/image/catalog/d4_img/1771977600/1772027236496_17720272303859069628784114154851.jpg,https://d4.by/image/catalog/d4_img/1771977600/1772027242308_17720272372958864537609121053522.jpg,https://d4.by/image/catalog/d4_img/1771977600/1772027251571_17720272432724817304995284313589.jpg,https://d4.by/image/catalog/d4_img/1771977600/1772027258580_17720272523676059068429945463005.jpg,https://d4.by/image/catalog/d4_img/1771977600/1772027265979_17720272594185317234890590851749.jpg"
"379662_3";"Fiat";"Ducato";"2020";"Двигатель";"";"дизель";"2.2";"";"";"";"";"0";"0";"";"";"0";"4H03";"Из Бельгии.  Гарантия на установку и проверку,  Цена указана без навесного оборудования ,  Пробег 58.000км";"0";"0";"";"4600";"USD";"";"";"";"";"";"https://d4.by/image/catalog/d4_img/1771977600/1772027223717_17720272192923906179909885674745.jpg,https://d4.by/image/catalog/d4_img/1771977600/1772027229538_17720272244766259991996971082754.jpg,https://d4.by/image/catalog/d4_img/1771977600/1772027236496_17720272303859069628784114154851.jpg,https://d4.by/image/catalog/d4_img/1771977600/1772027242308_17720272372958864537609121053522.jpg,https://d4.by/image/catalog/d4_img/1771977600/1772027251571_17720272432724817304995284313589.jpg,https://d4.by/image/catalog/d4_img/1771977600/1772027258580_17720272523676059068429945463005.jpg,https://d4.by/image/catalog/d4_img/1771977600/1772027265979_17720272594185317234890590851749.jpg"
"379681";"Ford";"Transit Connect";"2008";"Двигатель";"";"дизель";"1.8";"";"";"";"";"0";"0";"";"";"0";"R2PA";"Из Бельгии.  Гарантия на установку и проверку,  Цена указана без навесного оборудования ";"0";"0";"";"650";"USD";"";"";"";"";"";"https://d4.by/image/catalog/d4_img/1771977600/1772029053946_17720290406186086325761356192936.jpg,https://d4.by/image/catalog/d4_img/1771977600/1772029060040_17720290548017873014428146009170.jpg,https://d4.by/image/catalog/d4_img/1771977600/1772029065371_17720290608422402728469595176274.jpg,https://d4.by/image/catalog/d4_img/1771977600/1772029075756_17720290708531560364003288240470.jpg,https://d4.by/image/catalog/d4_img/1771977600/1772029081852_17720290765461665158024330772069.jpg,https://d4.by/image/catalog/d4_img/1771977600/1772029088567_17720290826397466144205730119972.jpg,https://d4.by/image/catalog/d4_img/1771977600/1772029098200_17720290893667731396249242955041.jpg"
"379711";"Ford";"Transit";"2009";"Двигатель";"";"дизель";"2.2";"";"";"";"";"0";"0";"";"";"0";"P8FA";"Из Бельгии.  Гарантия на установку и проверку . Цена указана без навесного оборудования ";"0";"0";"";"1100";"USD";"";"";"";"";"";"https://d4.by/image/catalog/d4_img/1772064000/1772089281477_17720892753537086177596240850222.jpg,https://d4.by/image/catalog/d4_img/1772064000/1772089172778_17720891633443151043456858810532.jpg,https://d4.by/image/catalog/d4_img/1772064000/1772089162523_17720891573731903666854184240580.jpg,https://d4.by/image/catalog/d4_img/1772064000/1772089156603_17720891514649016503337169321721.jpg,https://d4.by/image/catalog/d4_img/1772064000/1772089300893_17720892932227114633006940617616.jpg,https://d4.by/image/catalog/d4_img/1772064000/1772089292460_17720892877886062112689250870382.jpg,https://d4.by/image/catalog/d4_img/1772064000/1772089287053_1772089282286489618064864853753.jpg,https://d4.by/image/catalog/d4_img/1772064000/1772089306442_1772089301787324099142316313087.jpg"
"379720";"Citroen";"C5";"2008";"Двигатель";"";"дизель";"2.0";"";"";"";"";"0";"0";"";"";"0";"RHR";"Из Бельгии.  Гарантия на установку и проверку . Цена указана без навесного оборудования ";"0";"0";"";"300";"USD";"";"";"";"";"";"https://d4.by/image/catalog/d4_img/1772064000/1772091116264_17720911097571331726495181538083.jpg,https://d4.by/image/catalog/d4_img/1772064000/1772091123375_17720911171133324946699820324942.jpg,https://d4.by/image/catalog/d4_img/1772064000/1772091131743_17720911241202884085316647600153.jpg,https://d4.by/image/catalog/d4_img/1772064000/1772091139405_17720911334974354208584379749273.jpg,https://d4.by/image/catalog/d4_img/1772064000/1772091144830_17720911402198993874126469300452.jpg,https://d4.by/image/catalog/d4_img/1772064000/1772091154271_17720911457035438066641717570886.jpg,https://d4.by/image/catalog/d4_img/1772064000/1772091161249_17720911553524347559768431467894.jpg,https://d4.by/image/catalog/d4_img/1772064000/1772091172089_17720911623661573142588319526862.jpg"
"379732";"Volkswagen";"Golf";"2006";"Двигатель";"";"дизель";"1.9";"";"";"";"";"0";"0";"";"";"0";"BRU";"Из Бельгии.  Гарантия на установку и проверку . Цена указана без навесного оборудования,  Пробег 230.000км";"0";"0";"";"420";"USD";"";"";"";"";"";"https://d4.by/image/catalog/d4_img/1772064000/1772093306637_177209330114871534406691858040.jpg,https://d4.by/image/catalog/d4_img/1772064000/1772093363241_1772093352614640696799833170128.jpg,https://d4.by/image/catalog/d4_img/1772064000/1772093351825_17720933474624435793804242804782.jpg,https://d4.by/image/catalog/d4_img/1772064000/1772093341074_17720933352642728858539691473569.jpg,https://d4.by/image/catalog/d4_img/1772064000/1772093332547_IMG-5dcc34a68b3f6d4279c0c7a55ebe1518-V.jpg,https://d4.by/image/catalog/d4_img/1772064000/1772093332543_IMG-d4f7898720e0c187e9c7804e55233855-V.jpg,https://d4.by/image/catalog/d4_img/1772064000/1772093332538_20260226_105253.heic,https://d4.by/image/catalog/d4_img/1772064000/1772093326170_17720933200033283420409091460222.jpg,https://d4.by/image/catalog/d4_img/1772064000/1772093319227_1772093312701790406327212102090.jpg,https://d4.by/image/catalog/d4_img/1772064000/1772093311872_17720933073971928623729799281598.jpg,https://d4.by/image/catalog/d4_img/1772064000/1772093381217_17720933730725441676877881390615.jpg"
"379747";"Fiat";"Ducato";"2004";"Двигатель";"";"дизель";"2.3";"";"";"";"";"0";"0";"";"";"0";"F1AE0481C";"Из Бельгии.  Гарантия на установку и проверку  Цена указана без навесного оборудования ";"0";"0";"";"1450";"USD";"";"";"";"";"";"https://d4.by/image/catalog/d4_img/1772064000/1772096448104_17720964409743108008638155486360.jpg,https://d4.by/image/catalog/d4_img/1772064000/1772096458298_17720964488872128231740979519162.jpg,https://d4.by/image/catalog/d4_img/1772064000/1772096466672_17720964590501560139256837259110.jpg,https://d4.by/image/catalog/d4_img/1772064000/1772096475654_17720964696572014783021398643335.jpg,https://d4.by/image/catalog/d4_img/1772064000/1772096480559_17720964764156108672263633388807.jpg,https://d4.by/image/catalog/d4_img/1772064000/1772096486679_1772096481441801759952840693781.jpg,https://d4.by/image/catalog/d4_img/1772064000/1772096500236_17720964874922712154971648417048.jpg"
"379769_1";"Volkswagen";"Sharan";"2006";"Двигатель";"";"дизель";"1.9";"";"";"";"";"0";"0";"";"";"0";"asz";"Из Бельгии.  Гарантия на установку и проверку  Цена указана без навесного оборудования , минимальная выроботка на кулачке распредвала";"0";"0";"";"400";"USD";"";"";"";"";"";"https://d4.by/image/catalog/d4_img/1772064000/1772100770871_17721007631806980580637934606816.jpg,https://d4.by/image/catalog/d4_img/1772064000/1772100778385_17721007715851924643446876069918.jpg,https://d4.by/image/catalog/d4_img/1772064000/1772100787245_1772100779233246181576741137996.jpg,https://d4.by/image/catalog/d4_img/1772064000/1772100795441_17721007882058386361528395794664.jpg,https://d4.by/image/catalog/d4_img/1772064000/1772100803011_17721007962788642253561069278842.jpg,https://d4.by/image/catalog/d4_img/1772064000/1772100810933_17721008038958430708260458645968.jpg,https://d4.by/image/catalog/d4_img/1772064000/1772100819259_17721008118437810551297578369052.jpg,https://d4.by/image/catalog/d4_img/1772064000/1772100869892_IMG-19a492908479822e1381c0116be041c1-V.jpg"
"379769_2";"Ford";"Galaxy";"2006";"Двигатель";"";"дизель";"1.9";"";"";"";"";"0";"0";"";"";"0";"asz";"Из Бельгии.  Гарантия на установку и проверку  Цена указана без навесного оборудования , минимальная выроботка на кулачке распредвала";"0";"0";"";"400";"USD";"";"";"";"";"";"https://d4.by/image/catalog/d4_img/1772064000/1772100770871_17721007631806980580637934606816.jpg,https://d4.by/image/catalog/d4_img/1772064000/1772100778385_17721007715851924643446876069918.jpg,https://d4.by/image/catalog/d4_img/1772064000/1772100787245_1772100779233246181576741137996.jpg,https://d4.by/image/catalog/d4_img/1772064000/1772100795441_17721007882058386361528395794664.jpg,https://d4.by/image/catalog/d4_img/1772064000/1772100803011_17721007962788642253561069278842.jpg,https://d4.by/image/catalog/d4_img/1772064000/1772100810933_17721008038958430708260458645968.jpg,https://d4.by/image/catalog/d4_img/1772064000/1772100819259_17721008118437810551297578369052.jpg,https://d4.by/image/catalog/d4_img/1772064000/1772100869892_IMG-19a492908479822e1381c0116be041c1-V.jpg"
"379769_3";"Seat";"Alhambra";"2006";"Двигатель";"";"дизель";"1.9";"";"";"";"";"0";"0";"";"";"0";"asz";"Из Бельгии.  Гарантия на установку и проверку  Цена указана без навесного оборудования , минимальная выроботка на кулачке распредвала";"0";"0";"";"400";"USD";"";"";"";"";"";"https://d4.by/image/catalog/d4_img/1772064000/1772100770871_17721007631806980580637934606816.jpg,https://d4.by/image/catalog/d4_img/1772064000/1772100778385_17721007715851924643446876069918.jpg,https://d4.by/image/catalog/d4_img/1772064000/1772100787245_1772100779233246181576741137996.jpg,https://d4.by/image/catalog/d4_img/1772064000/1772100795441_17721007882058386361528395794664.jpg,https://d4.by/image/catalog/d4_img/1772064000/1772100803011_17721007962788642253561069278842.jpg,https://d4.by/image/catalog/d4_img/1772064000/1772100810933_17721008038958430708260458645968.jpg,https://d4.by/image/catalog/d4_img/1772064000/1772100819259_17721008118437810551297578369052.jpg,https://d4.by/image/catalog/d4_img/1772064000/1772100869892_IMG-19a492908479822e1381c0116be041c1-V.jpg"
"379810";"Citroen";"C4";"2008";"Двигатель";"";"дизель";"1.6";"";"";"";"";"0";"0";"";"";"0";"9h01";"Из Бельгии.  Гарантия на установку и проверку.  Цена указана без навесного оборудования, распредвал  целый";"0";"0";"";"420";"USD";"";"";"";"";"";"https://d4.by/image/catalog/d4_img/1772064000/1772108956047_17721089499676813850851432496240.jpg,https://d4.by/image/catalog/d4_img/1772064000/1772109024056_20260226_152412.jpg,https://d4.by/image/catalog/d4_img/1772064000/1772109024050_20260226_152402.jpg,https://d4.by/image/catalog/d4_img/1772064000/1772109004137_17721089968047119760566873499603.jpg,https://d4.by/image/catalog/d4_img/1772064000/1772108995949_17721089914041783626282268401947.jpg,https://d4.by/image/catalog/d4_img/1772064000/1772108990571_17721089852526866009201734681268.jpg,https://d4.by/image/catalog/d4_img/1772064000/1772108984200_17721089759211237343871440957374.jpg,https://d4.by/image/catalog/d4_img/1772064000/1772108975143_17721089696571589242444801391966.jpg,https://d4.by/image/catalog/d4_img/1772064000/1772108968777_17721089621746055749709452923643.jpg,https://d4.by/image/catalog/d4_img/1772064000/1772108961351_17721089568648728323945048537054.jpg,https://d4.by/image/catalog/d4_img/1772064000/1772109024060_20260226_152417.jpg"
"380217";"Daewoo";"Lanos";"2000";"Двигатель";"";"бензин";"1.6";"";"";"";"";"0";"0";"";"";"0";"A16DMS";"Гарантия на установку проверку . Цена указана без навесного оборудования,  можно завести  проверить, ";"0";"0";"";"380";"USD";"";"";"";"";"";"https://d4.by/image/catalog/d4_img/1772236800/1772281017889_17722810137861235183710708772737.jpg,https://d4.by/image/catalog/d4_img/1772236800/1772281012573_1772281002909137295305896504728.jpg"
"380281_1";"Peugeot";"308";"2021";"Двигатель";"PureTech";"бензин";"1.2";"";"МКПП";"";"";"0";"0";"";"";"0";"EB2ADTS,EU63,EB2,euro63";"Из Франции (с леворульного авто, не Англия), в  хорошем состоянии небольшой пробег, 130лс., EURO 6.3  (ЕВ2АDTS), цена указана за столб .Предоставляем ГТД. Доставка по всей РБ, в РФ транспортными компаниями. Если не доступен звоните/пишите - Viber, WhatsApp, Telegram.";"0";"0";"Запчасть Захара";"1700";"USD";"";"Брест";"+375(29) 824-89-27 Viber WhatsApp Telegram";"";"";"https://d4.by/image/catalog/d4_img/1772236800/1772293595418_photo_2026-02-28_18-40-27.jpg,https://d4.by/image/catalog/d4_img/1772236800/1772293595422_photo_2026-02-28_18-40-30.jpg,https://d4.by/image/catalog/d4_img/1772236800/1772293595423_photo_2026-02-28_18-40-32.jpg,https://d4.by/image/catalog/d4_img/1772236800/1772293595424_photo_2026-02-28_18-40-34.jpg,https://d4.by/image/catalog/d4_img/1772236800/1772293595425_photo_2026-02-28_18-40-37.jpg,https://d4.by/image/catalog/d4_img/1772236800/1772293595427_photo_2026-02-28_18-40-39.jpg,https://d4.by/image/catalog/d4_img/1772236800/1772293595428_photo_2026-02-28_18-40-41.jpg,https://d4.by/image/catalog/d4_img/1772236800/1772293595430_photo_2026-02-28_18-40-43.jpg"
"380281_2";"Peugeot";"208";"2021";"Двигатель";"PureTech";"бензин";"1.2";"";"МКПП";"";"";"0";"0";"";"";"0";"EB2ADTS,EU63,EB2,euro63";"Из Франции (с леворульного авто, не Англия), в  хорошем состоянии небольшой пробег, 130лс., EURO 6.3  (ЕВ2АDTS), цена указана за столб .Предоставляем ГТД. Доставка по всей РБ, в РФ транспортными компаниями. Если не доступен звоните/пишите - Viber, WhatsApp, Telegram.";"0";"0";"Запчасть Захара";"1700";"USD";"";"Брест";"+375(29) 824-89-27 Viber WhatsApp Telegram";"";"";"https://d4.by/image/catalog/d4_img/1772236800/1772293595418_photo_2026-02-28_18-40-27.jpg,https://d4.by/image/catalog/d4_img/1772236800/1772293595422_photo_2026-02-28_18-40-30.jpg,https://d4.by/image/catalog/d4_img/1772236800/1772293595423_photo_2026-02-28_18-40-32.jpg,https://d4.by/image/catalog/d4_img/1772236800/1772293595424_photo_2026-02-28_18-40-34.jpg,https://d4.by/image/catalog/d4_img/1772236800/1772293595425_photo_2026-02-28_18-40-37.jpg,https://d4.by/image/catalog/d4_img/1772236800/1772293595427_photo_2026-02-28_18-40-39.jpg,https://d4.by/image/catalog/d4_img/1772236800/1772293595428_photo_2026-02-28_18-40-41.jpg,https://d4.by/image/catalog/d4_img/1772236800/1772293595430_photo_2026-02-28_18-40-43.jpg"
"380281_3";"Peugeot";"2008";"2021";"Двигатель";"PureTech";"бензин";"1.2";"";"МКПП";"";"";"0";"0";"";"";"0";"EB2ADTS,EU63,EB2,euro63";"Из Франции (с леворульного авто, не Англия), в  хорошем состоянии небольшой пробег, 130лс., EURO 6.3  (ЕВ2АDTS), цена указана за столб .Предоставляем ГТД. Доставка по всей РБ, в РФ транспортными компаниями. Если не доступен звоните/пишите - Viber, WhatsApp, Telegram.";"0";"0";"Запчасть Захара";"1700";"USD";"";"Брест";"+375(29) 824-89-27 Viber WhatsApp Telegram";"";"";"https://d4.by/image/catalog/d4_img/1772236800/1772293595418_photo_2026-02-28_18-40-27.jpg,https://d4.by/image/catalog/d4_img/1772236800/1772293595422_photo_2026-02-28_18-40-30.jpg,https://d4.by/image/catalog/d4_img/1772236800/1772293595423_photo_2026-02-28_18-40-32.jpg,https://d4.by/image/catalog/d4_img/1772236800/1772293595424_photo_2026-02-28_18-40-34.jpg,https://d4.by/image/catalog/d4_img/1772236800/1772293595425_photo_2026-02-28_18-40-37.jpg,https://d4.by/image/catalog/d4_img/1772236800/1772293595427_photo_2026-02-28_18-40-39.jpg,https://d4.by/image/catalog/d4_img/1772236800/1772293595428_photo_2026-02-28_18-40-41.jpg,https://d4.by/image/catalog/d4_img/1772236800/1772293595430_photo_2026-02-28_18-40-43.jpg"
"380281_4";"Peugeot";"3008";"2021";"Двигатель";"PureTech";"бензин";"1.2";"";"МКПП";"";"";"0";"0";"";"";"0";"EB2ADTS,EU63,EB2,euro63";"Из Франции (с леворульного авто, не Англия), в  хорошем состоянии небольшой пробег, 130лс., EURO 6.3  (ЕВ2АDTS), цена указана за столб .Предоставляем ГТД. Доставка по всей РБ, в РФ транспортными компаниями. Если не доступен звоните/пишите - Viber, WhatsApp, Telegram.";"0";"0";"Запчасть Захара";"1700";"USD";"";"Брест";"+375(29) 824-89-27 Viber WhatsApp Telegram";"";"";"https://d4.by/image/catalog/d4_img/1772236800/1772293595418_photo_2026-02-28_18-40-27.jpg,https://d4.by/image/catalog/d4_img/1772236800/1772293595422_photo_2026-02-28_18-40-30.jpg,https://d4.by/image/catalog/d4_img/1772236800/1772293595423_photo_2026-02-28_18-40-32.jpg,https://d4.by/image/catalog/d4_img/1772236800/1772293595424_photo_2026-02-28_18-40-34.jpg,https://d4.by/image/catalog/d4_img/1772236800/1772293595425_photo_2026-02-28_18-40-37.jpg,https://d4.by/image/catalog/d4_img/1772236800/1772293595427_photo_2026-02-28_18-40-39.jpg,https://d4.by/image/catalog/d4_img/1772236800/1772293595428_photo_2026-02-28_18-40-41.jpg,https://d4.by/image/catalog/d4_img/1772236800/1772293595430_photo_2026-02-28_18-40-43.jpg"
"380281_5";"Peugeot";"508";"2021";"Двигатель";"PureTech";"бензин";"1.2";"";"МКПП";"";"";"0";"0";"";"";"0";"EB2ADTS,EU63,EB2,euro63";"Из Франции (с леворульного авто, не Англия), в  хорошем состоянии небольшой пробег, 130лс., EURO 6.3  (ЕВ2АDTS), цена указана за столб .Предоставляем ГТД. Доставка по всей РБ, в РФ транспортными компаниями. Если не доступен звоните/пишите - Viber, WhatsApp, Telegram.";"0";"0";"Запчасть Захара";"1700";"USD";"";"Брест";"+375(29) 824-89-27 Viber WhatsApp Telegram";"";"";"https://d4.by/image/catalog/d4_img/1772236800/1772293595418_photo_2026-02-28_18-40-27.jpg,https://d4.by/image/catalog/d4_img/1772236800/1772293595422_photo_2026-02-28_18-40-30.jpg,https://d4.by/image/catalog/d4_img/1772236800/1772293595423_photo_2026-02-28_18-40-32.jpg,https://d4.by/image/catalog/d4_img/1772236800/1772293595424_photo_2026-02-28_18-40-34.jpg,https://d4.by/image/catalog/d4_img/1772236800/1772293595425_photo_2026-02-28_18-40-37.jpg,https://d4.by/image/catalog/d4_img/1772236800/1772293595427_photo_2026-02-28_18-40-39.jpg,https://d4.by/image/catalog/d4_img/1772236800/1772293595428_photo_2026-02-28_18-40-41.jpg,https://d4.by/image/catalog/d4_img/1772236800/1772293595430_photo_2026-02-28_18-40-43.jpg"
"380281_6";"Citroen";"C3";"2021";"Двигатель";"PureTech";"бензин";"1.2";"";"МКПП";"";"";"0";"0";"";"";"0";"EB2ADTS,EU63,EB2,euro63";"Из Франции (с леворульного авто, не Англия), в  хорошем состоянии небольшой пробег, 130лс., EURO 6.3  (ЕВ2АDTS), цена указана за столб .Предоставляем ГТД. Доставка по всей РБ, в РФ транспортными компаниями. Если не доступен звоните/пишите - Viber, WhatsApp, Telegram.";"0";"0";"Запчасть Захара";"1700";"USD";"";"Брест";"+375(29) 824-89-27 Viber WhatsApp Telegram";"";"";"https://d4.by/image/catalog/d4_img/1772236800/1772293595418_photo_2026-02-28_18-40-27.jpg,https://d4.by/image/catalog/d4_img/1772236800/1772293595422_photo_2026-02-28_18-40-30.jpg,https://d4.by/image/catalog/d4_img/1772236800/1772293595423_photo_2026-02-28_18-40-32.jpg,https://d4.by/image/catalog/d4_img/1772236800/1772293595424_photo_2026-02-28_18-40-34.jpg,https://d4.by/image/catalog/d4_img/1772236800/1772293595425_photo_2026-02-28_18-40-37.jpg,https://d4.by/image/catalog/d4_img/1772236800/1772293595427_photo_2026-02-28_18-40-39.jpg,https://d4.by/image/catalog/d4_img/1772236800/1772293595428_photo_2026-02-28_18-40-41.jpg,https://d4.by/image/catalog/d4_img/1772236800/1772293595430_photo_2026-02-28_18-40-43.jpg"
"380281_7";"Citroen";"C4";"2021";"Двигатель";"PureTech";"бензин";"1.2";"";"МКПП";"";"";"0";"0";"";"";"0";"EB2ADTS,EU63,EB2,euro63";"Из Франции (с леворульного авто, не Англия), в  хорошем состоянии небольшой пробег, 130лс., EURO 6.3  (ЕВ2АDTS), цена указана за столб .Предоставляем ГТД. Доставка по всей РБ, в РФ транспортными компаниями. Если не доступен звоните/пишите - Viber, WhatsApp, Telegram.";"0";"0";"Запчасть Захара";"1700";"USD";"";"Брест";"+375(29) 824-89-27 Viber WhatsApp Telegram";"";"";"https://d4.by/image/catalog/d4_img/1772236800/1772293595418_photo_2026-02-28_18-40-27.jpg,https://d4.by/image/catalog/d4_img/1772236800/1772293595422_photo_2026-02-28_18-40-30.jpg,https://d4.by/image/catalog/d4_img/1772236800/1772293595423_photo_2026-02-28_18-40-32.jpg,https://d4.by/image/catalog/d4_img/1772236800/1772293595424_photo_2026-02-28_18-40-34.jpg,https://d4.by/image/catalog/d4_img/1772236800/1772293595425_photo_2026-02-28_18-40-37.jpg,https://d4.by/image/catalog/d4_img/1772236800/1772293595427_photo_2026-02-28_18-40-39.jpg,https://d4.by/image/catalog/d4_img/1772236800/1772293595428_photo_2026-02-28_18-40-41.jpg,https://d4.by/image/catalog/d4_img/1772236800/1772293595430_photo_2026-02-28_18-40-43.jpg"
"380281_8";"Opel";"Astra";"2021";"Двигатель";"PureTech";"бензин";"1.2";"";"МКПП";"";"";"0";"0";"";"";"0";"EB2ADTS,EU63,EB2,euro63";"Из Франции (с леворульного авто, не Англия), в  хорошем состоянии небольшой пробег, 130лс., EURO 6.3  (ЕВ2АDTS), цена указана за столб .Предоставляем ГТД. Доставка по всей РБ, в РФ транспортными компаниями. Если не доступен звоните/пишите - Viber, WhatsApp, Telegram.";"0";"0";"Запчасть Захара";"1700";"USD";"";"Брест";"+375(29) 824-89-27 Viber WhatsApp Telegram";"";"";"https://d4.by/image/catalog/d4_img/1772236800/1772293595418_photo_2026-02-28_18-40-27.jpg,https://d4.by/image/catalog/d4_img/1772236800/1772293595422_photo_2026-02-28_18-40-30.jpg,https://d4.by/image/catalog/d4_img/1772236800/1772293595423_photo_2026-02-28_18-40-32.jpg,https://d4.by/image/catalog/d4_img/1772236800/1772293595424_photo_2026-02-28_18-40-34.jpg,https://d4.by/image/catalog/d4_img/1772236800/1772293595425_photo_2026-02-28_18-40-37.jpg,https://d4.by/image/catalog/d4_img/1772236800/1772293595427_photo_2026-02-28_18-40-39.jpg,https://d4.by/image/catalog/d4_img/1772236800/1772293595428_photo_2026-02-28_18-40-41.jpg,https://d4.by/image/catalog/d4_img/1772236800/1772293595430_photo_2026-02-28_18-40-43.jpg"
"380281_9";"Opel";"Grandland X";"2021";"Двигатель";"PureTech";"бензин";"1.2";"";"МКПП";"";"";"0";"0";"";"";"0";"EB2ADTS,EU63,EB2,euro63";"Из Франции (с леворульного авто, не Англия), в  хорошем состоянии небольшой пробег, 130лс., EURO 6.3  (ЕВ2АDTS), цена указана за столб .Предоставляем ГТД. Доставка по всей РБ, в РФ транспортными компаниями. Если не доступен звоните/пишите - Viber, WhatsApp, Telegram.";"0";"0";"Запчасть Захара";"1700";"USD";"";"Брест";"+375(29) 824-89-27 Viber WhatsApp Telegram";"";"";"https://d4.by/image/catalog/d4_img/1772236800/1772293595418_photo_2026-02-28_18-40-27.jpg,https://d4.by/image/catalog/d4_img/1772236800/1772293595422_photo_2026-02-28_18-40-30.jpg,https://d4.by/image/catalog/d4_img/1772236800/1772293595423_photo_2026-02-28_18-40-32.jpg,https://d4.by/image/catalog/d4_img/1772236800/1772293595424_photo_2026-02-28_18-40-34.jpg,https://d4.by/image/catalog/d4_img/1772236800/1772293595425_photo_2026-02-28_18-40-37.jpg,https://d4.by/image/catalog/d4_img/1772236800/1772293595427_photo_2026-02-28_18-40-39.jpg,https://d4.by/image/catalog/d4_img/1772236800/1772293595428_photo_2026-02-28_18-40-41.jpg,https://d4.by/image/catalog/d4_img/1772236800/1772293595430_photo_2026-02-28_18-40-43.jpg"
"380281_10";"DS";"3 ";"2021";"Двигатель";"PureTech";"бензин";"1.2";"";"МКПП";"";"";"0";"0";"";"";"0";"EB2ADTS,EU63,EB2,euro63";"Из Франции (с леворульного авто, не Англия), в  хорошем состоянии небольшой пробег, 130лс., EURO 6.3  (ЕВ2АDTS), цена указана за столб .Предоставляем ГТД. Доставка по всей РБ, в РФ транспортными компаниями. Если не доступен звоните/пишите - Viber, WhatsApp, Telegram.";"0";"0";"Запчасть Захара";"1700";"USD";"";"Брест";"+375(29) 824-89-27 Viber WhatsApp Telegram";"";"";"https://d4.by/image/catalog/d4_img/1772236800/1772293595418_photo_2026-02-28_18-40-27.jpg,https://d4.by/image/catalog/d4_img/1772236800/1772293595422_photo_2026-02-28_18-40-30.jpg,https://d4.by/image/catalog/d4_img/1772236800/1772293595423_photo_2026-02-28_18-40-32.jpg,https://d4.by/image/catalog/d4_img/1772236800/1772293595424_photo_2026-02-28_18-40-34.jpg,https://d4.by/image/catalog/d4_img/1772236800/1772293595425_photo_2026-02-28_18-40-37.jpg,https://d4.by/image/catalog/d4_img/1772236800/1772293595427_photo_2026-02-28_18-40-39.jpg,https://d4.by/image/catalog/d4_img/1772236800/1772293595428_photo_2026-02-28_18-40-41.jpg,https://d4.by/image/catalog/d4_img/1772236800/1772293595430_photo_2026-02-28_18-40-43.jpg"
"380390";"Ford";"Galaxy";"1998";"Двигатель";"";"бензин";"2.3";"";"";"";"";"0";"0";"";"";"0";"Y5B";"Из Бельгии.  Гарантия на установку и проверку.  Цена указана без навесного оборудования ";"0";"0";"";"1200";"USD";"";"";"";"";"";"https://d4.by/image/catalog/d4_img/1772409600/1772448162682_17724481544284441212997298424330.jpg,https://d4.by/image/catalog/d4_img/1772409600/1772448214540_17724482104365003632737400822262.jpg,https://d4.by/image/catalog/d4_img/1772409600/1772448209576_17724482025437416808534394575735.jpg,https://d4.by/image/catalog/d4_img/1772409600/1772448201649_17724481957281010726983132796796.jpg,https://d4.by/image/catalog/d4_img/1772409600/1772448194822_17724481898538549806603371116457.jpg,https://d4.by/image/catalog/d4_img/1772409600/1772448189037_17724481849542307232402974916262.jpg,https://d4.by/image/catalog/d4_img/1772409600/1772448184122_17724481790624981152899073233905.jpg,https://d4.by/image/catalog/d4_img/1772409600/1772448178133_17724481727522444614642484420264.jpg,https://d4.by/image/catalog/d4_img/1772409600/1772448171035_17724481634573271274029629491426.jpg,https://d4.by/image/catalog/d4_img/1772409600/1772448224942_17724482154862903067585948205872.jpg"
"380402";"Opel";"Astra";"2010";"Двигатель";"";"дизель";"1.3";"";"";"";"";"0";"0";"";"";"0";"A13DTE";"Из Бельгии.  Гарантия на установку и проверку . Цена указана без навесного оборудования  ";"0";"0";"";"900";"USD";"";"";"";"";"";"https://d4.by/image/catalog/d4_img/1772409600/1772451449914_17724514340756560049580650879482.jpg,https://d4.by/image/catalog/d4_img/1772409600/1772451457507_17724514507431060011798962603604.jpg,https://d4.by/image/catalog/d4_img/1772409600/1772451462677_17724514582566855869625069436029.jpg,https://d4.by/image/catalog/d4_img/1772409600/1772451468477_17724514634751594993505042612736.jpg,https://d4.by/image/catalog/d4_img/1772409600/1772451476133_17724514696193966545753341348853.jpg,https://d4.by/image/catalog/d4_img/1772409600/1772451485699_17724514769481613182565136584147.jpg,https://d4.by/image/catalog/d4_img/1772409600/1772451493738_17724514867454589949075365964999.jpg,https://d4.by/image/catalog/d4_img/1772409600/1772451500878_17724514946794517142437938564336.jpg,https://d4.by/image/catalog/d4_img/1772409600/1772451509590_17724515018136980909328511932714.jpg"
"380417_1";"Citroen";"Jumpy";"2007";"Двигатель";"";"дизель";"1.6";"";"";"";"";"0";"0";"";"";"0";"9HU";"Из Бельгии.  Гарантия на установку и проверку . Цена указана без навесного оборудования ";"0";"0";"";"450";"USD";"";"";"";"";"";"https://d4.by/image/catalog/d4_img/1772409600/1772453915117_17724538961211102151571862168734.jpg,https://d4.by/image/catalog/d4_img/1772409600/1772453921280_17724539159168776777910591625139.jpg,https://d4.by/image/catalog/d4_img/1772409600/1772453930151_1772453922163373791462576029258.jpg,https://d4.by/image/catalog/d4_img/1772409600/1772453939085_17724539315941352104723938367270.jpg,https://d4.by/image/catalog/d4_img/1772409600/1772453945638_17724539400593915037618354069289.jpg,https://d4.by/image/catalog/d4_img/1772409600/1772453954973_17724539465487732779777399744254.jpg,https://d4.by/image/catalog/d4_img/1772409600/1772453960911_17724539560163593259571944003324.jpg,https://d4.by/image/catalog/d4_img/1772409600/1772453966168_17724539618046028440104833842393.jpg,https://d4.by/image/catalog/d4_img/1772409600/1772453977225_17724539670695012650277567915648.jpg"
"380417_2";"Fiat";"Scudo";"2007";"Двигатель";"";"дизель";"1.6";"";"";"";"";"0";"0";"";"";"0";"9HU";"Из Бельгии.  Гарантия на установку и проверку . Цена указана без навесного оборудования ";"0";"0";"";"450";"USD";"";"";"";"";"";"https://d4.by/image/catalog/d4_img/1772409600/1772453915117_17724538961211102151571862168734.jpg,https://d4.by/image/catalog/d4_img/1772409600/1772453921280_17724539159168776777910591625139.jpg,https://d4.by/image/catalog/d4_img/1772409600/1772453930151_1772453922163373791462576029258.jpg,https://d4.by/image/catalog/d4_img/1772409600/1772453939085_17724539315941352104723938367270.jpg,https://d4.by/image/catalog/d4_img/1772409600/1772453945638_17724539400593915037618354069289.jpg,https://d4.by/image/catalog/d4_img/1772409600/1772453954973_17724539465487732779777399744254.jpg,https://d4.by/image/catalog/d4_img/1772409600/1772453960911_17724539560163593259571944003324.jpg,https://d4.by/image/catalog/d4_img/1772409600/1772453966168_17724539618046028440104833842393.jpg,https://d4.by/image/catalog/d4_img/1772409600/1772453977225_17724539670695012650277567915648.jpg"
"380454_1";"Renault";"Master";"2000";"Двигатель";"";"дизель";"2.8";"TD";"";"";"";"0";"0";"";"";"0";"Sofim814043";"Из Бельгии.  Гарантия на установку и проверку . Цена указана без навесного оборудования ";"0";"0";"";"1100";"USD";"";"";"";"";"";"https://d4.by/image/catalog/d4_img/1772409600/1772459225131_17724592182242997664097645722527.jpg,https://d4.by/image/catalog/d4_img/1772409600/1772459232263_17724592259135485795645737488160.jpg,https://d4.by/image/catalog/d4_img/1772409600/1772459238012_17724592331154646455818965663305.jpg,https://d4.by/image/catalog/d4_img/1772409600/1772459252873_17724592389064547083983036078154.jpg,https://d4.by/image/catalog/d4_img/1772409600/1772459263446_17724592538267778982231355403833.jpg,https://d4.by/image/catalog/d4_img/1772409600/1772459271320_17724592643258489591868933778519.jpg,https://d4.by/image/catalog/d4_img/1772409600/1772459284902_17724592722803551621990701874624.jpg,https://d4.by/image/catalog/d4_img/1772409600/1772459290201_17724592857316661440671836351221.jpg,https://d4.by/image/catalog/d4_img/1772409600/1772459300339_17724592911561038726126351583352.jpg"
"380454_2";"Opel";"Movano";"2000";"Двигатель";"";"дизель";"2.8";"TD";"";"";"";"0";"0";"";"";"0";"Sofim814043";"Из Бельгии.  Гарантия на установку и проверку . Цена указана без навесного оборудования ";"0";"0";"";"1100";"USD";"";"";"";"";"";"https://d4.by/image/catalog/d4_img/1772409600/1772459225131_17724592182242997664097645722527.jpg,https://d4.by/image/catalog/d4_img/1772409600/1772459232263_17724592259135485795645737488160.jpg,https://d4.by/image/catalog/d4_img/1772409600/1772459238012_17724592331154646455818965663305.jpg,https://d4.by/image/catalog/d4_img/1772409600/1772459252873_17724592389064547083983036078154.jpg,https://d4.by/image/catalog/d4_img/1772409600/1772459263446_17724592538267778982231355403833.jpg,https://d4.by/image/catalog/d4_img/1772409600/1772459271320_17724592643258489591868933778519.jpg,https://d4.by/image/catalog/d4_img/1772409600/1772459284902_17724592722803551621990701874624.jpg,https://d4.by/image/catalog/d4_img/1772409600/1772459290201_17724592857316661440671836351221.jpg,https://d4.by/image/catalog/d4_img/1772409600/1772459300339_17724592911561038726126351583352.jpg"
"380474";"Renault";"Megane";"2004";"Двигатель";"";"бензин";"1.6";"";"";"";"";"0";"0";"";"";"0";"K4M760";"Из Бельгии.  Гарантия на установку и проверку . Цена указана без навесного оборудования ";"0";"0";"";"560";"USD";"";"";"";"";"";"https://d4.by/image/catalog/d4_img/1772409600/1772462534286_17724625289939180682473741138448.jpg,https://d4.by/image/catalog/d4_img/1772409600/1772462541065_17724625350861014139046889411987.jpg,https://d4.by/image/catalog/d4_img/1772409600/1772462563360_17724625532708014433116598665088.jpg,https://d4.by/image/catalog/d4_img/1772409600/1772462569152_17724625642217009788631793106318.jpg,https://d4.by/image/catalog/d4_img/1772409600/1772462574840_17724625699556438748179533306684.jpg,https://d4.by/image/catalog/d4_img/1772409600/1772462584887_17724625757917311355991700209399.jpg,https://d4.by/image/catalog/d4_img/1772409600/1772462593365_1772462587102389065951391022765.jpg,https://d4.by/image/catalog/d4_img/1772409600/1772462599086_17724625944526106520317755980816.jpg,https://d4.by/image/catalog/d4_img/1772409600/1772462605842_17724625999947315052732981098491.jpg"
"380475";"Renault";"Espace";"2007";"Двигатель";"";"дизель";"2.0";"";"";"";"";"0";"0";"";"";"0";"M9R740";"Из Бельгии.  Гарантия на установку и проверку . Цена указана без навесного оборудования ";"0";"0";"";"540";"USD";"";"";"";"";"";"https://d4.by/image/catalog/d4_img/1772496000/1772519147753_17725191401775899002382826043363.jpg,https://d4.by/image/catalog/d4_img/1772496000/1772519154885_17725191486704779699138166487214.jpg,https://d4.by/image/catalog/d4_img/1772496000/1772519161262_17725191557527409837372685434284.jpg,https://d4.by/image/catalog/d4_img/1772496000/1772519170415_17725191645193969588568398926681.jpg,https://d4.by/image/catalog/d4_img/1772496000/1772519176304_17725191712457314409535875650281.jpg,https://d4.by/image/catalog/d4_img/1772496000/1772519185512_17725191771858472601960356487514.jpg,https://d4.by/image/catalog/d4_img/1772496000/1772519196419_17725191864588085343006099444746.jpg,https://d4.by/image/catalog/d4_img/1772496000/1772519203129_17725191972772732291924271349945.jpg"
"380501";"Volvo";"V40";"1999";"Двигатель";"";"дизель";"1.9";"DTi";"";"";"";"0";"0";"";"";"0";"D4192T2";"Из Бельгии.  Гарантия на установку и проверку . Цена указана без навесного оборудования ";"0";"0";"";"450";"USD";"";"";"";"";"";"https://d4.by/image/catalog/d4_img/1772496000/1772523804310_17725237962221976087221345036320.jpg,https://d4.by/image/catalog/d4_img/1772496000/1772523810066_17725238049701079096094897003293.jpg,https://d4.by/image/catalog/d4_img/1772496000/1772523815366_17725238108168380743706249750639.jpg,https://d4.by/image/catalog/d4_img/1772496000/1772523822101_17725238162348712132256773019581.jpg,https://d4.by/image/catalog/d4_img/1772496000/1772523828110_17725238228758313280482170522668.jpg,https://d4.by/image/catalog/d4_img/1772496000/1772523835737_17725238289172281184783147744911.jpg,https://d4.by/image/catalog/d4_img/1772496000/1772523843924_17725238366868487760026352176181.jpg"
"380578";"Volkswagen";"Passat";"2002";"Двигатель";"";"дизель";"1.9";"";"";"";"";"0";"0";"";"";"0";"AWX";"Из Бельгии   Гарантия на установку и проверку,  Небольшая выроботка распредвала";"0";"0";"";"250";"USD";"";"";"";"";"";"https://d4.by/image/catalog/d4_img/1772496000/1772537392285_1772537386568846275656484137313.jpg,https://d4.by/image/catalog/d4_img/1772496000/1772537398628_1772537393313596974881267013037.jpg,https://d4.by/image/catalog/d4_img/1772496000/1772537460864_17725374000543833404076210560704.jpg,https://d4.by/image/catalog/d4_img/1772496000/1772537468136_17725374630486757362371065769946.jpg,https://d4.by/image/catalog/d4_img/1772496000/1772537475680_17725374689382566413824589986633.jpg,https://d4.by/image/catalog/d4_img/1772496000/1772537481349_1772537476694252158465954323636.jpg,https://d4.by/image/catalog/d4_img/1772496000/1772537543734_20260303_142314.jpg,https://d4.by/image/catalog/d4_img/1772496000/1772537543740_20260303_142322.jpg"
"380589";"Renault";"Laguna";"2004";"Двигатель";"";"дизель";"1.9";"DCi";"";"";"";"0";"0";"";"";"0";"F9Q670";"Из Бельгии.  Гарантия на установку и проверку.  Цена указана без навесного оборудования ";"0";"0";"";"750";"USD";"";"";"";"";"";"https://d4.by/image/catalog/d4_img/1772496000/1772540697729_17725406898351085100697906661215.jpg,https://d4.by/image/catalog/d4_img/1772496000/1772540703443_17725406985817027367966420368723.jpg,https://d4.by/image/catalog/d4_img/1772496000/1772540710134_17725407043524270787703942810211.jpg,https://d4.by/image/catalog/d4_img/1772496000/1772540718170_17725407125802185189494214308014.jpg,https://d4.by/image/catalog/d4_img/1772496000/1772540723092_17725407190112535833650210459753.jpg,https://d4.by/image/catalog/d4_img/1772496000/1772540729553_17725407239225077169070717034754.jpg,https://d4.by/image/catalog/d4_img/1772496000/1772540734580_17725407305164349899824811926917.jpg"
"380622";"Dacia";"Logan";"2010";"Двигатель";"";"дизель";"1.5";"DCi";"";"";"";"0";"0";"";"";"0";"K9K892";"Из Бельгии.  Гарантия на установку и проверку.  Топливная Delphi, Цена указана без навесного оборудования ";"0";"0";"";"600";"USD";"";"";"";"";"";"https://d4.by/image/catalog/d4_img/1772496000/1772545307254_17725452994174348402672930967160.jpg,https://d4.by/image/catalog/d4_img/1772496000/1772545315386_17725453080788893655845508764060.jpg,https://d4.by/image/catalog/d4_img/1772496000/1772545321940_17725453161984374378347572400232.jpg,https://d4.by/image/catalog/d4_img/1772496000/1772545327132_17725453228221477118824614811147.jpg,https://d4.by/image/catalog/d4_img/1772496000/1772545333552_17725453278693300622597400220998.jpg,https://d4.by/image/catalog/d4_img/1772496000/1772545340308_17725453344288740592256644339941.jpg,https://d4.by/image/catalog/d4_img/1772496000/1772545427878_17725454155374645315166043208191.jpg"
"380682";"Renault";"Kangoo";"2002";"Двигатель";"";"дизель";"1.5";"";"";"";"";"0";"0";"";"";"0";"K9K702";"Из Бельгии.  Гарантия на установку и проверку.  Цена указана без навесного оборудования ";"0";"0";"";"420";"USD";"";"";"";"";"";"https://d4.by/image/catalog/d4_img/1772582400/1772608399059_17726083925422901261355002827696.jpg,https://d4.by/image/catalog/d4_img/1772582400/1772608404312_17726083997985417256743748280728.jpg,https://d4.by/image/catalog/d4_img/1772582400/1772608410924_17726084064902065009291279036594.jpg,https://d4.by/image/catalog/d4_img/1772582400/1772608417113_17726084120036325573811389117037.jpg,https://d4.by/image/catalog/d4_img/1772582400/1772608424426_17726084180705585486113829441534.jpg,https://d4.by/image/catalog/d4_img/1772582400/1772608429953_17726084253197033118545585641744.jpg,https://d4.by/image/catalog/d4_img/1772582400/1772608438605_17726084308101212771975995488988.jpg,https://d4.by/image/catalog/d4_img/1772582400/1772608445948_17726084394728585366313924957633.jpg,https://d4.by/image/catalog/d4_img/1772582400/1772608452106_17726084468518980498747825080106.jpg"
"380989_1";"Audi";"A6";"1999";"Двигатель";"";"дизель";"1.9";"";"";"";"";"0";"0";"";"";"0";"AHU";"Из Бельгии.  Гарантия на установку и проверку . Цена указана без навесного оборудования ";"0";"0";"";"550";"USD";"";"";"";"";"";"https://d4.by/image/catalog/d4_img/1772668800/1772706623690_17727066170926818741149580517039.jpg,https://d4.by/image/catalog/d4_img/1772668800/1772706628766_17727066243687800891213656925221.jpg,https://d4.by/image/catalog/d4_img/1772668800/1772706633588_1772706629462284444580194512457.jpg,https://d4.by/image/catalog/d4_img/1772668800/1772706638847_17727066343977076548325292692424.jpg,https://d4.by/image/catalog/d4_img/1772668800/1772706644400_17727066397087656892826565807801.jpg,https://d4.by/image/catalog/d4_img/1772668800/1772706651907_17727066453197283330297046754551.jpg,https://d4.by/image/catalog/d4_img/1772668800/1772706675195_17727066528935993631737398475934.jpg"
"380989_2";"Volkswagen";"Passat";"1999";"Двигатель";"";"дизель";"1.9";"";"";"";"";"0";"0";"";"";"0";"AHU";"Из Бельгии.  Гарантия на установку и проверку . Цена указана без навесного оборудования ";"0";"0";"";"550";"USD";"";"";"";"";"";"https://d4.by/image/catalog/d4_img/1772668800/1772706623690_17727066170926818741149580517039.jpg,https://d4.by/image/catalog/d4_img/1772668800/1772706628766_17727066243687800891213656925221.jpg,https://d4.by/image/catalog/d4_img/1772668800/1772706633588_1772706629462284444580194512457.jpg,https://d4.by/image/catalog/d4_img/1772668800/1772706638847_17727066343977076548325292692424.jpg,https://d4.by/image/catalog/d4_img/1772668800/1772706644400_17727066397087656892826565807801.jpg,https://d4.by/image/catalog/d4_img/1772668800/1772706651907_17727066453197283330297046754551.jpg,https://d4.by/image/catalog/d4_img/1772668800/1772706675195_17727066528935993631737398475934.jpg"
"381025";"Renault";"Megane";"2004";"Двигатель";"";"дизель";"1.9";"";"";"";"";"0";"0";"";"";"0";"F9Q800";"Из Бельгии.  Гарантия на установку и проверку . Цена указана без навесного оборудования ";"0";"0";"";"750";"USD";"";"";"";"";"";"https://d4.by/image/catalog/d4_img/1772668800/1772711327571_17727113216538250250368216848817.jpg,https://d4.by/image/catalog/d4_img/1772668800/1772711332942_17727113282501872581678847893942.jpg,https://d4.by/image/catalog/d4_img/1772668800/1772711338434_17727113337525385310727008036325.jpg,https://d4.by/image/catalog/d4_img/1772668800/1772711345278_17727113391646563657664041622085.jpg,https://d4.by/image/catalog/d4_img/1772668800/1772711354609_17727113460386323100910685848661.jpg,https://d4.by/image/catalog/d4_img/1772668800/1772711360616_17727113556944977660872776763770.jpg,https://d4.by/image/catalog/d4_img/1772668800/1772711366494_17727113614544711576886782913950.jpg,https://d4.by/image/catalog/d4_img/1772668800/1772711375488_17727113673146834058109116735284.jpg"
"381209";"Renault";"Espace";"2003";"Двигатель";"";"дизель";"2.2";"";"";"";"";"0";"0";"";"";"0";"G9T742";"Из Бельгии.  Гарантия на установку и проверку.  Цена указана без навесного оборудования ";"0";"0";"";"1000";"USD";"";"";"";"";"";"https://d4.by/image/catalog/d4_img/1772755200/1772796744741_17727967339084722957672512069781.jpg,https://d4.by/image/catalog/d4_img/1772755200/1772796753393_17727967483155149537040407809919.jpg,https://d4.by/image/catalog/d4_img/1772755200/1772796758985_17727967542609136380938703719354.jpg,https://d4.by/image/catalog/d4_img/1772755200/1772796764731_17727967596837364513737120029776.jpg,https://d4.by/image/catalog/d4_img/1772755200/1772796773710_17727967657697136698861404168186.jpg,https://d4.by/image/catalog/d4_img/1772755200/1772796788087_17727967750765972894964660465049.jpg,https://d4.by/image/catalog/d4_img/1772755200/1772796797056_17727967889847661533523412668339.jpg,https://d4.by/image/catalog/d4_img/1772755200/1772796806855_17727967995884658960839411452561.jpg"
"381237";"Renault";"Scenic";"2001";"Двигатель";"";"дизель";"1.9";"DCi";"";"";"";"0";"0";"";"";"0";"f9q748,F8T";"Из Бельгии.  Гарантия на установку и проверку.  Цена указана без навесного оборудования ";"0";"0";"";"400";"USD";"";"";"";"";"";"https://d4.by/image/catalog/d4_img/1772755200/1772799388548_17727993784283342197673713533131.jpg,https://d4.by/image/catalog/d4_img/1772755200/1772799377582_17727993709292955197105379096114.jpg,https://d4.by/image/catalog/d4_img/1772755200/1772799370111_17727993658768917827345798589320.jpg,https://d4.by/image/catalog/d4_img/1772755200/1772799365092_17727993590348972917519791659257.jpg,https://d4.by/image/catalog/d4_img/1772755200/1772799358288_17727993533492466615685441923317.jpg,https://d4.by/image/catalog/d4_img/1772755200/1772799352519_17727993482235636236894306279675.jpg,https://d4.by/image/catalog/d4_img/1772755200/1772799347347_17727993417673454203414970908813.jpg,https://d4.by/image/catalog/d4_img/1772755200/1772799340998_17727993358637515315726188910752.jpg,https://d4.by/image/catalog/d4_img/1772755200/1772799335069_1772799329143800197406378027255.jpg,https://d4.by/image/catalog/d4_img/1772755200/1772799328277_17727993227494822534828633691740.jpg"
"381260";"Dacia";"Logan";"2009";"Двигатель";"";"бензин";"1.4";"";"";"";"";"0";"0";"";"";"0";"K7J714";"Из Бельгии.  Гарантия на установку и проверку.  Цена указана без навесного оборудования ";"0";"0";"";"820";"USD";"";"";"";"";"";"https://d4.by/image/catalog/d4_img/1772755200/1772802584499_17728025781356693213730801171563.jpg,https://d4.by/image/catalog/d4_img/1772755200/1772802594438_17728025855034862021431658681329.jpg,https://d4.by/image/catalog/d4_img/1772755200/1772802600968_1772802595335497569450575166327.jpg,https://d4.by/image/catalog/d4_img/1772755200/1772802608084_1772802602033573853416982588932.jpg,https://d4.by/image/catalog/d4_img/1772755200/1772802614079_17728026088892879608903224144286.jpg,https://d4.by/image/catalog/d4_img/1772755200/1772802621159_17728026148873187654519362749412.jpg,https://d4.by/image/catalog/d4_img/1772755200/1772802628272_17728026222283803482558653832368.jpg,https://d4.by/image/catalog/d4_img/1772755200/1772802635838_17728026297356346340477026969955.jpg"
"381270";"Renault";"Laguna";"2004";"Двигатель";"";"дизель";"1.9";"";"";"";"";"0";"0";"";"";"0";"F9Q803";"Из Бельгии.  Гарантия на установку и проверку.  Цена указана без навесного оборудования ";"0";"0";"";"750";"USD";"";"";"";"";"";"https://d4.by/image/catalog/d4_img/1772755200/1772804221589_17728042158845574849496629701504.jpg,https://d4.by/image/catalog/d4_img/1772755200/1772804226889_17728042223213121409479439830805.jpg,https://d4.by/image/catalog/d4_img/1772755200/1772804240501_17728042277167059795458152996753.jpg,https://d4.by/image/catalog/d4_img/1772755200/1772804248874_17728042414972429163659767986923.jpg,https://d4.by/image/catalog/d4_img/1772755200/1772804258915_17728042496903770005373131460570.jpg,https://d4.by/image/catalog/d4_img/1772755200/1772804265706_17728042597439220707507907638637.jpg,https://d4.by/image/catalog/d4_img/1772755200/1772804271283_1772804266650304910115065232142.jpg"
"381299_1";"Audi";"A4";"1999";"Двигатель";"110л.с";"дизель";"1.9";"";"";"";"";"0";"0";"";"";"0";"AFN";"Из Бельгии.  Гарантия на установку и проверку.  Цена указана без навесного оборудования ";"0";"0";"";"580";"USD";"";"";"";"";"";"https://d4.by/image/catalog/d4_img/1772755200/1772807865512_17728078499281418205298766742206.jpg,https://d4.by/image/catalog/d4_img/1772755200/1772807873542_1772807866268549074115238408497.jpg,https://d4.by/image/catalog/d4_img/1772755200/1772807879444_17728078743445824988735762008297.jpg,https://d4.by/image/catalog/d4_img/1772755200/1772807884776_17728078802442636103326274948354.jpg,https://d4.by/image/catalog/d4_img/1772755200/1772807891285_17728078855633936099659981803881.jpg,https://d4.by/image/catalog/d4_img/1772755200/1772807900935_1772807892140267275246731176237.jpg,https://d4.by/image/catalog/d4_img/1772755200/1772807908122_17728079020606330048675939627953.jpg"
"381299_2";"Volkswagen";"Passat";"1999";"Двигатель";"110л.с";"дизель";"1.9";"";"";"";"";"0";"0";"";"";"0";"AFN";"Из Бельгии.  Гарантия на установку и проверку.  Цена указана без навесного оборудования ";"0";"0";"";"580";"USD";"";"";"";"";"";"https://d4.by/image/catalog/d4_img/1772755200/1772807865512_17728078499281418205298766742206.jpg,https://d4.by/image/catalog/d4_img/1772755200/1772807873542_1772807866268549074115238408497.jpg,https://d4.by/image/catalog/d4_img/1772755200/1772807879444_17728078743445824988735762008297.jpg,https://d4.by/image/catalog/d4_img/1772755200/1772807884776_17728078802442636103326274948354.jpg,https://d4.by/image/catalog/d4_img/1772755200/1772807891285_17728078855633936099659981803881.jpg,https://d4.by/image/catalog/d4_img/1772755200/1772807900935_1772807892140267275246731176237.jpg,https://d4.by/image/catalog/d4_img/1772755200/1772807908122_17728079020606330048675939627953.jpg"
"381299_3";"Audi";"A6";"1999";"Двигатель";"110л.с";"дизель";"1.9";"";"";"";"";"0";"0";"";"";"0";"AFN";"Из Бельгии.  Гарантия на установку и проверку.  Цена указана без навесного оборудования ";"0";"0";"";"580";"USD";"";"";"";"";"";"https://d4.by/image/catalog/d4_img/1772755200/1772807865512_17728078499281418205298766742206.jpg,https://d4.by/image/catalog/d4_img/1772755200/1772807873542_1772807866268549074115238408497.jpg,https://d4.by/image/catalog/d4_img/1772755200/1772807879444_17728078743445824988735762008297.jpg,https://d4.by/image/catalog/d4_img/1772755200/1772807884776_17728078802442636103326274948354.jpg,https://d4.by/image/catalog/d4_img/1772755200/1772807891285_17728078855633936099659981803881.jpg,https://d4.by/image/catalog/d4_img/1772755200/1772807900935_1772807892140267275246731176237.jpg,https://d4.by/image/catalog/d4_img/1772755200/1772807908122_17728079020606330048675939627953.jpg"
"381351_1";"Audi";"A4";"1998";"Двигатель";"";"дизель";"1.9";"";"";"";"";"0";"0";"";"";"0";"AHU";"Из Бельгии.  Гарантия на установку и проверку . Цена указана без навесного оборудования ";"0";"0";"";"550";"USD";"";"";"";"";"";"https://d4.by/image/catalog/d4_img/1772841600/1772866644367_17728666372701694615480555609096.jpg,https://d4.by/image/catalog/d4_img/1772841600/1772866651415_17728666452089057264864616648301.jpg,https://d4.by/image/catalog/d4_img/1772841600/1772866658205_17728666522962712734439666057970.jpg,https://d4.by/image/catalog/d4_img/1772841600/1772866664747_17728666590704357698335956769314.jpg,https://d4.by/image/catalog/d4_img/1772841600/1772866672273_17728666655621328271848767044517.jpg,https://d4.by/image/catalog/d4_img/1772841600/1772866681242_1772866673136111191870679834068.jpg,https://d4.by/image/catalog/d4_img/1772841600/1772866692924_17728666823505361540090594682320.jpg"
"381351_2";"Audi";"A6";"1998";"Двигатель";"";"дизель";"1.9";"";"";"";"";"0";"0";"";"";"0";"AHU";"Из Бельгии.  Гарантия на установку и проверку . Цена указана без навесного оборудования ";"0";"0";"";"550";"USD";"";"";"";"";"";"https://d4.by/image/catalog/d4_img/1772841600/1772866644367_17728666372701694615480555609096.jpg,https://d4.by/image/catalog/d4_img/1772841600/1772866651415_17728666452089057264864616648301.jpg,https://d4.by/image/catalog/d4_img/1772841600/1772866658205_17728666522962712734439666057970.jpg,https://d4.by/image/catalog/d4_img/1772841600/1772866664747_17728666590704357698335956769314.jpg,https://d4.by/image/catalog/d4_img/1772841600/1772866672273_17728666655621328271848767044517.jpg,https://d4.by/image/catalog/d4_img/1772841600/1772866681242_1772866673136111191870679834068.jpg,https://d4.by/image/catalog/d4_img/1772841600/1772866692924_17728666823505361540090594682320.jpg"
"381351_3";"Volkswagen";"Passat";"1998";"Двигатель";"";"дизель";"1.9";"";"";"";"";"0";"0";"";"";"0";"AHU";"Из Бельгии.  Гарантия на установку и проверку . Цена указана без навесного оборудования ";"0";"0";"";"550";"USD";"";"";"";"";"";"https://d4.by/image/catalog/d4_img/1772841600/1772866644367_17728666372701694615480555609096.jpg,https://d4.by/image/catalog/d4_img/1772841600/1772866651415_17728666452089057264864616648301.jpg,https://d4.by/image/catalog/d4_img/1772841600/1772866658205_17728666522962712734439666057970.jpg,https://d4.by/image/catalog/d4_img/1772841600/1772866664747_17728666590704357698335956769314.jpg,https://d4.by/image/catalog/d4_img/1772841600/1772866672273_17728666655621328271848767044517.jpg,https://d4.by/image/catalog/d4_img/1772841600/1772866681242_1772866673136111191870679834068.jpg,https://d4.by/image/catalog/d4_img/1772841600/1772866692924_17728666823505361540090594682320.jpg"
"381372";"Renault";"Espace";"2002";"Двигатель";"";"дизель";"2.2";"";"";"";"";"0";"0";"";"";"0";"G9T702";"Из Бельгии.  Гарантия на установку и проверку.  Цена указана без навесного оборудования ";"0";"0";"";"1000";"USD";"";"";"";"";"";"https://d4.by/image/catalog/d4_img/1772841600/1772870268328_17728702619938101745440424544830.jpg,https://d4.by/image/catalog/d4_img/1772841600/1772870275883_17728702690505639868484682394452.jpg,https://d4.by/image/catalog/d4_img/1772841600/1772870283737_17728702767146285079080861822460.jpg,https://d4.by/image/catalog/d4_img/1772841600/1772870290763_17728702846827095005352343624131.jpg,https://d4.by/image/catalog/d4_img/1772841600/1772870298576_1772870291546561518395687240404.jpg,https://d4.by/image/catalog/d4_img/1772841600/1772870309211_17728702995874475340277766984647.jpg,https://d4.by/image/catalog/d4_img/1772841600/1772870319871_17728703101912583411402114956903.jpg"
"381446";"Volkswagen";"Golf";"2006";"Двигатель";"";"дизель";"1.9";"";"";"";"";"0";"0";"";"";"0";"BKC";"Из Бельгии. Гарантия на установку и проверку. Цена указана без навесного оборудования ";"0";"0";"";"380";"USD";"";"";"";"";"";"https://d4.by/image/catalog/d4_img/1772841600/1772884835960_17728848297247424659077767358148.jpg,https://d4.by/image/catalog/d4_img/1772841600/1772884843528_1772884836769591657268315937039.jpg,https://d4.by/image/catalog/d4_img/1772841600/1772884850561_17728848443338597238120610846544.jpg,https://d4.by/image/catalog/d4_img/1772841600/1772884856252_17728848513847104619551063449376.jpg,https://d4.by/image/catalog/d4_img/1772841600/1772884863654_17728848569878223568248364813228.jpg,https://d4.by/image/catalog/d4_img/1772841600/1772884869809_17728848644842192314650615478477.jpg,https://d4.by/image/catalog/d4_img/1772841600/1772884886224_17728848780542777831866754806451.jpg"
"381457";"Volkswagen";"Golf";"2002";"Двигатель";"";"дизель";"1.9";"";"";"";"";"0";"0";"";"";"0";"AXR";"Из Бельгии. Гарантия на установку и проверку. Цена указана без навесного оборудования ";"0";"0";"";"250";"USD";"";"";"";"";"";"https://d4.by/image/catalog/d4_img/1772841600/1772889474403_17728894593457092647999687232933.jpg,https://d4.by/image/catalog/d4_img/1772841600/1772889480617_1772889475398625229831820946543.jpg,https://d4.by/image/catalog/d4_img/1772841600/1772889486828_17728894815781986300861754451615.jpg,https://d4.by/image/catalog/d4_img/1772841600/1772889494793_17728894877136247290394615634951.jpg,https://d4.by/image/catalog/d4_img/1772841600/1772889501766_17728894958561052453299550820996.jpg,https://d4.by/image/catalog/d4_img/1772841600/1772889507750_17728895025624975981274060888133.jpg,https://d4.by/image/catalog/d4_img/1772841600/1772889515892_17728895098455385187845872254646.jpg,https://d4.by/image/catalog/d4_img/1772841600/1772889521748_17728895167052211615164532168351.jpg,https://d4.by/image/catalog/d4_img/1772841600/1772889528921_17728895225804297300419737451030.jpg"
"381467";"Renault";"Scenic";"2001";"Двигатель";"F8T";"дизель";"1.9";"DCi";"";"";"";"0";"0";"";"";"0";"F9Q732";"Из Бельгии. Гарантия на установку и проверку. Цена указана без навесного оборудования ";"0";"0";"";"400";"USD";"";"";"";"";"";"https://d4.by/image/catalog/d4_img/1772841600/1772891965781_17728919600189218538170372976251.jpg,https://d4.by/image/catalog/d4_img/1772841600/1772891971778_17728919665222542127120579382888.jpg,https://d4.by/image/catalog/d4_img/1772841600/1772891983916_17728919726173207660991063319795.jpg,https://d4.by/image/catalog/d4_img/1772841600/1772891997051_1772891984808986900307470304919.jpg,https://d4.by/image/catalog/d4_img/1772841600/1772892003855_17728919979827461969351276100895.jpg,https://d4.by/image/catalog/d4_img/1772841600/1772892009838_17728920047086394007291805473634.jpg,https://d4.by/image/catalog/d4_img/1772841600/1772892016400_17728920106756241505120472130195.jpg,https://d4.by/image/catalog/d4_img/1772841600/1772892024984_17728920172366929410096796421369.jpg"
"381478";"Renault";"Master";"2002";"Двигатель";"";"дизель";"2.2";"DCi";"";"";"";"0";"0";"";"";"0";"G9T722";"Из Бельгии. Гарантия на установку и проверку. Цена указана без навесного оборудования ";"0";"0";"";"1150";"USD";"";"";"";"";"";"https://d4.by/image/catalog/d4_img/1772841600/1772893752542_17728937458062502523535276317701.jpg,https://d4.by/image/catalog/d4_img/1772841600/1772893761618_17728937533041110418114925886153.jpg,https://d4.by/image/catalog/d4_img/1772841600/1772893767895_17728937624455857008303937480391.jpg,https://d4.by/image/catalog/d4_img/1772841600/1772893773882_17728937687867923046031960398584.jpg,https://d4.by/image/catalog/d4_img/1772841600/1772893778407_17728937746963416138160599789871.jpg,https://d4.by/image/catalog/d4_img/1772841600/1772893785042_17728937791856817880509240729979.jpg,https://d4.by/image/catalog/d4_img/1772841600/1772893792380_17728937858997650377872158699008.jpg"
"381632";"Volkswagen";"Golf";"2009";"Двигатель";"";"дизель";"1.6";"";"";"";"";"0";"0";"";"";"0";"CAYD";"Из Бельгии.  Гарантия на установку и проверку,  Цена указана без навесного оборудования ";"0";"0";"";"800";"USD";"";"";"";"";"";"https://d4.by/image/catalog/d4_img/1773014400/1773062867717_17730628619827442895875262573783.jpg,https://d4.by/image/catalog/d4_img/1773014400/1773062881669_17730628737995624697984401219993.jpg,https://d4.by/image/catalog/d4_img/1773014400/1773062889803_17730628825364139735875525670081.jpg,https://d4.by/image/catalog/d4_img/1773014400/1773062897418_17730628919462960544339400063319.jpg,https://d4.by/image/catalog/d4_img/1773014400/1773062902946_17730628982618092872062642712176.jpg,https://d4.by/image/catalog/d4_img/1773014400/1773062912359_17730629038778542062464407213539.jpg,https://d4.by/image/catalog/d4_img/1773014400/1773062920484_17730629130916349604665357333719.jpg"
"381642";"Volkswagen";"Golf";"2006";"Двигатель";"";"дизель";"1.9";"";"";"";"";"0";"0";"";"";"0";"";"Из Бельгии.  Гарантия на установку и проверку,  Цена указана без навесного оборудования , минимальная  выроботка  на распредвале ";"0";"0";"";"360";"USD";"";"";"";"";"";"https://d4.by/image/catalog/d4_img/1773014400/1773064853606_17730648465002904534985584297370.jpg,https://d4.by/image/catalog/d4_img/1773014400/1773064862800_17730648545343944900207208222724.jpg,https://d4.by/image/catalog/d4_img/1773014400/1773064869973_17730648636923223505344960306531.jpg,https://d4.by/image/catalog/d4_img/1773014400/1773064875495_17730648711066137008373056878317.jpg,https://d4.by/image/catalog/d4_img/1773014400/1773064883919_17730648763675719844514545505903.jpg,https://d4.by/image/catalog/d4_img/1773014400/1773064892971_17730648848142633251467057790597.jpg"
"381683_1";"Peugeot";"Boxer";"2001";"Двигатель";"";"дизель";"2.5";"D";"";"";"";"0";"0";"";"";"0";"T9A";"Хорошее состояние, гарантия ";"0";"0";"";"650";"USD";"";"";"";"";"";"https://d4.by/image/catalog/d4_img/1773100800/1773127111224_IMG20260310100325.jpg"
"381683_2";"Citroen";"Jumper";"2001";"Двигатель";"";"дизель";"2.5";"D";"";"";"";"0";"0";"";"";"0";"T9A";"Хорошее состояние, гарантия ";"0";"0";"";"650";"USD";"";"";"";"";"";"https://d4.by/image/catalog/d4_img/1773100800/1773127111224_IMG20260310100325.jpg"
"381683_3";"Fiat";"Ducato";"2001";"Двигатель";"";"дизель";"2.5";"D";"";"";"";"0";"0";"";"";"0";"T9A";"Хорошее состояние, гарантия ";"0";"0";"";"650";"USD";"";"";"";"";"";"https://d4.by/image/catalog/d4_img/1773100800/1773127111224_IMG20260310100325.jpg"
"381796";"Fiat";"Palio";"1999";"Двигатель";"";"бензин";"1.2";"";"";"";"";"0";"0";"";"";"0";"178B5000";"Гарантия на установку и проверку,  Цена указана без навесного оборудования ";"0";"0";"";"280";"USD";"";"";"";"";"";"https://d4.by/image/catalog/d4_img/1773100800/1773144301897_17731442825056599404343909074493.jpg"
"382226";"Ford";"Focus";"2003";"Двигатель";"";"дизель";"1.8";"TDDi";"";"";"";"0";"0";"";"";"0";"C9DB";"Гарантия на установку и проверку,  Цена указана без навесного оборудования ";"0";"0";"";"320";"USD";"";"";"";"";"";"https://d4.by/image/catalog/d4_img/1773273600/1773318979936_17733189731124935150780951061016.jpg,https://d4.by/image/catalog/d4_img/1773273600/1773318986035_17733189807537363714731053429527.jpg,https://d4.by/image/catalog/d4_img/1773273600/1773318993859_17733189869247096636608661878524.jpg,https://d4.by/image/catalog/d4_img/1773273600/1773319000443_17733189946664150786715709737830.jpg,https://d4.by/image/catalog/d4_img/1773273600/1773319006308_17733190012912910245036613805734.jpg,https://d4.by/image/catalog/d4_img/1773273600/1773319011929_17733190071092068036472611714012.jpg"
"382319";"Audi";"A6";"2007";"Двигатель";"";"дизель";"2.0";"";"";"";"";"0";"0";"";"";"0";"BRE";"Из Бельгии.  Гарантия на установку и проверку . Цена указана без навесного оборудования ";"0";"0";"";"400";"USD";"";"";"";"";"";"https://d4.by/image/catalog/d4_img/1773360000/1773384573947_17733845665442998372463553234663.jpg,https://d4.by/image/catalog/d4_img/1773360000/1773384581450_17733845747535616445939649246038.jpg,https://d4.by/image/catalog/d4_img/1773360000/1773384587554_17733845824463592590897074627659.jpg,https://d4.by/image/catalog/d4_img/1773360000/1773384594768_1773384588758872638128799726815.jpg,https://d4.by/image/catalog/d4_img/1773360000/1773384602064_17733845956467496553240939173116.jpg,https://d4.by/image/catalog/d4_img/1773360000/1773384608000_17733846030334574505856397438066.jpg,https://d4.by/image/catalog/d4_img/1773360000/1773384614797_177338460879320893485034674665.jpg,https://d4.by/image/catalog/d4_img/1773360000/1773384621511_17733846155725608591294967461223.jpg"
"382345";"Audi";"A4";"2006";"Двигатель";"";"дизель";"1.9";"";"";"";"";"0";"0";"";"";"0";"BKE";"Из Бельгии.  Гарантия на установку и проверку.  Цена указана без навесного оборудования.  ";"0";"0";"";"430";"USD";"";"";"";"";"";"https://d4.by/image/catalog/d4_img/1773360000/1773389930708_17733899239785930759180545369331.jpg,https://d4.by/image/catalog/d4_img/1773360000/1773389936164_17733899314996273337140594836658.jpg,https://d4.by/image/catalog/d4_img/1773360000/1773389942437_17733899369172275122042578098421.jpg,https://d4.by/image/catalog/d4_img/1773360000/1773389948608_17733899432926438349392034811278.jpg,https://d4.by/image/catalog/d4_img/1773360000/1773389963149_17733899498611486418941359905042.jpg,https://d4.by/image/catalog/d4_img/1773360000/1773389968720_17733899640428751274479468859278.jpg,https://d4.by/image/catalog/d4_img/1773360000/1773389974719_17733899695621081192659860130952.jpg,https://d4.by/image/catalog/d4_img/1773360000/1773389983288_17733899756706695527170492496928.jpg,https://d4.by/image/catalog/d4_img/1773360000/1773389992532_17733899841288057774819474958758.jpg"
"382356";"Volkswagen";"Golf";"2002";"Двигатель";"";"дизель";"1.9";"";"";"";"";"0";"0";"";"";"0";"ASZ";"Из Бельгии.  Гарантия на установку и проверку.  Цена указана без навесного оборудования.  Минимальная выроботка  на распредвале  ";"0";"0";"";"280";"USD";"";"";"";"";"";"https://d4.by/image/catalog/d4_img/1773360000/1773392363862_17733923560387912208353506028796.jpg,https://d4.by/image/catalog/d4_img/1773360000/1773392369300_17733923645628457144434916757764.jpg,https://d4.by/image/catalog/d4_img/1773360000/1773392378762_17733923700561608039221226957899.jpg,https://d4.by/image/catalog/d4_img/1773360000/1773392385018_17733923796534739551599399837336.jpg,https://d4.by/image/catalog/d4_img/1773360000/1773392390233_17733923858581392199487826476598.jpg,https://d4.by/image/catalog/d4_img/1773360000/1773392395225_17733923910642218806445676281419.jpg,https://d4.by/image/catalog/d4_img/1773360000/1773392401665_17733923960927253441587560507369.jpg,https://d4.by/image/catalog/d4_img/1773360000/1773392409852_17733924025271521708634474413060.jpg"
"382380";"Volkswagen";"Golf";"2006";"Двигатель";"";"дизель";"1.9";"";"";"";"";"0";"0";"";"";"0";"BXE";"Из Бельгии.  Гарантия на установку и проверку.  Цена указана без навесного оборудования , небольшая выроботка на распредвале";"0";"0";"";"300";"USD";"";"";"";"";"";"https://d4.by/image/catalog/d4_img/1773360000/1773395143699_17733951374795316088003294527844.jpg,https://d4.by/image/catalog/d4_img/1773360000/1773395148634_17733951444154678633697605128959.jpg,https://d4.by/image/catalog/d4_img/1773360000/1773395156691_17733951495381639600843299146061.jpg,https://d4.by/image/catalog/d4_img/1773360000/1773395162576_17733951575222540236225006958071.jpg,https://d4.by/image/catalog/d4_img/1773360000/1773395169667_17733951633799075164455229530098.jpg,https://d4.by/image/catalog/d4_img/1773360000/1773395176077_17733951704553153170174182699169.jpg,https://d4.by/image/catalog/d4_img/1773360000/1773395181249_17733951768591309221691324093486.jpg"
"382546";"Kia";"Shuma";"2001";"Двигатель";"";"бензин";"1.5";"";"";"";"";"0";"0";"";"";"0";"BF";"Гарантия на установку и проверку,  Цена указана без навесного оборудования ";"0";"0";"";"190";"USD";"";"";"";"";"";"https://d4.by/image/catalog/d4_img/1773446400/1773486002413_17734859908645637777134453164415.jpg"
"52254387";"Hyundai";"Tucson";"2006";"КПП автоматическая (АКПП)";"";"дизель";"2.0";"";"";"";"";"";"";"";"";"";"";"Из Бельгии, не большой пробег ";"0";"0";"";"270";"USD";"";"";"";"";"";"https://d4.by/image/catalog/i/ma/kc/6ade285750dbeb7ae1d78186832f327d.jpg"
"331276";"Audi";"A3";"2008";"КПП автоматическая (АКПП)";"";"бензин";"2.0";"";"";"";"";"0";"0";"";"";"0";"HTQ";"Из Бельгии. обломаны штыри на масленом насосе без гарантии на запчасти";"0";"0";"";"200";"USD";"";"";"";"";"";"https://d4.by/image/catalog/d4_img/1733529600/1733561360514_17335613566018968445428316235546.jpg,https://d4.by/image/catalog/d4_img/1733529600/1733561355666_17335613484026130515413207495267.jpg,https://d4.by/image/catalog/d4_img/1733529600/1733561347459_17335613395916082262661642923122.jpg,https://d4.by/image/catalog/d4_img/1733529600/1733561338798_17335613322005012891367767182233.jpg,https://d4.by/image/catalog/d4_img/1733529600/1733561331305_17335613263776511401230504759529.jpg,https://d4.by/image/catalog/d4_img/1733529600/1733561325415_17335613208882235476830031467179.jpg,https://d4.by/image/catalog/d4_img/1733529600/1733561320074_17335613162144945773456396081140.jpg,https://d4.by/image/catalog/d4_img/1733529600/1733561315354_17335613106894483738859937933920.jpg"
"226088";"Hyundai";"Sonata";"2001";"КПП автоматическая (АКПП)";"";"бензин";"2.4";"";"АКПП";"";"";"0";"0";"";"";"0";"N1mgd";"На запчасти ";"0";"0";"";"52";"USD";"";"";"";"";"";"https://d4.by/image/catalog/d4_img/1647648000/1647688551600_16476885442104287469942771524838.jpg,https://d4.by/image/catalog/d4_img/1647648000/1647688560242_16476885532986193830930711103231.jpg,https://d4.by/image/catalog/d4_img/1647648000/1647688569071_16476885619577008131309554301893.jpg"
"252653";"Suzuki";"Aerio";"2004";"КПП автоматическая (АКПП)";"Xl";"бензин";"2.3";"";"АКПП";"";"";"0";"0";"";"";"0";"5040lej23";"Гарантия на проверку и установку";"0";"0";"";"440";"USD";"";"";"";"";"";"https://d4.by/image/catalog/d4_img/1661904000/1661929506412_1661929499567608349150519617.jpg,https://d4.by/image/catalog/d4_img/1661904000/1661929514059_16619295085386233213668444450388.jpg,https://d4.by/image/catalog/d4_img/1661904000/1661929497567_16619294916127188703588266306817.jpg"
"319840";"Chrysler";"300C";"2006";"КПП автоматическая (АКПП)";"";"дизель";"3.0";"";"";"";"";"0";"0";"";"";"0";"7226780";"Из Бельгии. Гарантия на установку и проверку.";"0";"0";"";"225";"USD";"";"";"";"";"";"https://d4.by/image/catalog/d4_img/1722902400/1722936155322_172293614904237521898376081218.jpg,https://d4.by/image/catalog/d4_img/1722902400/1722936169706_17229361564003551918935757523750.jpg,https://d4.by/image/catalog/d4_img/1722902400/1722936129969_17229361186281734118538080555266.jpg,https://d4.by/image/catalog/d4_img/1722902400/1722936147907_17229361422739158905948042172903.jpg,https://d4.by/image/catalog/d4_img/1722902400/1722936140173_17229361309444388270829185335206.jpg"
"204672";"Hyundai";"XG";"2001";"КПП автоматическая (АКПП)";"";"бензин";"3.0";"";"";"";"";"0";"0";"";"";"0";"F5a5";"Гарантия на проверку и установку ";"0";"0";"";"300";"USD";"";"";"";"";"";"https://d4.by/image/catalog/d4_img/1635724800/1635752089578_16357520787801213667259370862341.jpg,https://d4.by/image/catalog/d4_img/1635724800/1635752076778_16357520693446231845818253395489.jpg,https://d4.by/image/catalog/d4_img/1635724800/1635752107828_16357521015352523392686932106481.jpg,https://d4.by/image/catalog/d4_img/1635724800/1635752098915_16357520917688256736404151918397.jpg"
"365059";"Nissan";"Tiida";"2016";"КПП автоматическая (АКПП)";"";"бензин";"1.6";"";"";"";"";"0";"0";"";"";"0";"Q15210287";"Без гарантии,  на запчасти . Авто после возгорания ";"0";"0";"";"100";"USD";"";"";"";"";"";"https://d4.by/image/catalog/d4_img/1760659200/1760709765029_17607097581511393048145371702484.jpg,https://d4.by/image/catalog/d4_img/1760659200/1760709770802_17607097658491667637236635469214.jpg,https://d4.by/image/catalog/d4_img/1760659200/1760709778263_17607097716158961697005304272461.jpg,https://d4.by/image/catalog/d4_img/1760659200/1760709790027_17607097824505026854367165412415.jpg,https://d4.by/image/catalog/d4_img/1760659200/1760709800960_17607097909644539927788430366948.jpg,https://d4.by/image/catalog/d4_img/1760659200/1760709809785_17607098017924581479188288807168.jpg,https://d4.by/image/catalog/d4_img/1760659200/1760709816439_17607098106833681145333705300189.jpg,https://d4.by/image/catalog/d4_img/1760659200/1760709824881_17607098187186896182428311178077.jpg"
"349030";"BMW";"7 E65/E66";"2005";"КПП автоматическая (АКПП)";"";"бензин";"4.8";"";"";"";"";"0";"0";"";"";"0";"";"Гарантия на установку и проверку,  Авто после возгорания,  Поплавлен поддон,. Маркировка не читается ";"0";"0";"";"400";"USD";"";"";"";"";"";"https://d4.by/image/catalog/d4_img/1747440000/1747467872322_17474678664114421019100239736599.jpg,https://d4.by/image/catalog/d4_img/1747440000/1747467857483_17474678225092386006807480230461.jpg,https://d4.by/image/catalog/d4_img/1747440000/1747467821589_17474678142338153302731503041775.jpg,https://d4.by/image/catalog/d4_img/1747440000/1747467766088_17474677611807246941728405690920.jpg,https://d4.by/image/catalog/d4_img/1747440000/1747467770950_17474677669239107633703962361906.jpg,https://d4.by/image/catalog/d4_img/1747440000/1747467776763_17474677717748845259827910419591.jpg,https://d4.by/image/catalog/d4_img/1747440000/1747467794947_17474677777008225946824215779095.jpg,https://d4.by/image/catalog/d4_img/1747440000/1747467813328_17474678064172891909447267772308.jpg,https://d4.by/image/catalog/d4_img/1747440000/1747467801267_17474677959295478735205936745879.jpg,https://d4.by/image/catalog/d4_img/1747440000/1747467805586_17474678021886505272892184610168.jpg,https://d4.by/image/catalog/d4_img/1747440000/1747467879135_17474678732417766258151800538404.jpg"
"266728";"Honda";"Civic";"1988";"КПП автоматическая (АКПП)";"";"бензин";"1.5";"";"";"";"";"0";"0";"";"";"0";"L4";"Хорошее состояние,без бублика";"0";"0";"";"90";"USD";"";"";"";"";"";"https://d4.by/image/catalog/d4_img/1674604800/1674628556575_1674628549642918582590145342451.jpg,https://d4.by/image/catalog/d4_img/1674604800/1674628562733_16746285592066598519659026885339.jpg,https://d4.by/image/catalog/d4_img/1674604800/1674628571181_16746285649091803593741169526785.jpg,https://d4.by/image/catalog/d4_img/1674604800/1674628578037_16746285740852114903298500823487.jpg,https://d4.by/image/catalog/d4_img/1674604800/1674628590305_16746285807541373217346020600466.jpg,https://d4.by/image/catalog/d4_img/1674604800/1674628603789_1674628598034851077157269246983.jpg"
"232440";"Volvo";"V70";"2010";"КПП автоматическая (АКПП)";"";"дизель";"2.4";"TDi";"";"";"";"0";"0";"";"";"0";"Tf80sc";"Из Бельгии, гарантия на проверку и установку ";"0";"0";"";"200";"USD";"";"";"";"";"";"https://d4.by/image/catalog/d4_img/1650585600/1650625167061_16506251616067146819762837037639.jpg,https://d4.by/image/catalog/d4_img/1650585600/1650625141861_16506251248031127750411387623140.jpg,https://d4.by/image/catalog/d4_img/1650585600/1650625151012_16506251439848722387815873777147.jpg,https://d4.by/image/catalog/d4_img/1650585600/1650625159674_16506251530501026532057647946762.jpg"
"337417";"Renault";"Scenic";"2005";"КПП автоматическая (АКПП)";"";"бензин";"1.6";"";"";"";"";"0";"0";"";"";"0";"DP0057M";"Из Бельгии. без права на возврат не поехала";"0";"0";"";"200";"USD";"";"";"";"";"";"https://d4.by/image/catalog/d4_img/1738281600/1738315511157_17383155018805117655424352511248.jpg,https://d4.by/image/catalog/d4_img/1738281600/1738315501040_17383154902307974531227422405162.jpg,https://d4.by/image/catalog/d4_img/1738281600/1738315489300_17383154845641855860369774208700.jpg,https://d4.by/image/catalog/d4_img/1738281600/1738315483532_17383154758416186819746719083593.jpg,https://d4.by/image/catalog/d4_img/1738281600/1738315474895_17383154699014501286686059755666.jpg,https://d4.by/image/catalog/d4_img/1738281600/1738315469104_17383154644225471854659288182004.jpg"
"292980";"Renault";"Vel Satis";"2003";"КПП автоматическая (АКПП)";"";"дизель";"2.2";"";"";"";"";"0";"0";"";"";"0";"8200165228, DKD5222";"Из Бельгии, гарантия на установку и проверку.";"0";"0";"";"145";"USD";"";"";"";"";"";"https://d4.by/image/catalog/d4_img/1697500800/1697542754348_16975427358352181825688257841292.jpg,https://d4.by/image/catalog/d4_img/1697500800/1697542734464_16975427165748904304258799860499.jpg,https://d4.by/image/catalog/d4_img/1697500800/1697542715156_16975426968654406689589331839165.jpg,https://d4.by/image/catalog/d4_img/1697500800/1697542784382_16975427718335082706194285964878.jpg,https://d4.by/image/catalog/d4_img/1697500800/1697542770428_16975427563649142239981449737345.jpg"
"193273";"Volvo";"V70";"2010";"КПП автоматическая (АКПП)";"";"дизель";"2.4";"TDi";"АКПП";"";"";"0";"0";"";"";"0";"10L3808057";"Из Бельгии, не большой пробег, гарантия на проверку и установку ,с двигателя d5244t10";"0";"0";"";"250";"USD";"";"";"";"";"";"https://d4.by/image/catalog/d4_img/1626825600/1626855847761_16268558389337877461949812189868.jpg,https://d4.by/image/catalog/d4_img/1626825600/1626855836554_16268558310043772777692731665128.jpg,https://d4.by/image/catalog/d4_img/1626825600/1626855828825_16268558212765326052034098546507.jpg,https://d4.by/image/catalog/d4_img/1626825600/1626855819611_16268558122814972354119522534869.jpg"
"177285";"Peugeot";"807";"2009";"КПП автоматическая (АКПП)";"";"дизель";"2.2";"HDi";"";"";"";"0";"0";"";"";"0";"20gt23,tf80sc";"Из Бельгии, не большой пробег ";"0";"0";"";"345";"USD";"";"";"";"";"";"https://d4.by/image/catalog/img/1103202111_16154608185785841838944592303476.jpg"
"319522";"BMW";"5 E60/E61";"2004";"КПП автоматическая (АКПП)";"";"дизель";"3.0";"";"";"";"";"0";"0";"";"";"0";"6HPFT,ZFS";"Из Бельгии. Гарантия на установку и проверку. ";"0";"0";"";"360";"USD";"";"";"";"";"";"https://d4.by/image/catalog/d4_img/1722643200/1722674196354_1722674189519726965512884624638.jpg,https://d4.by/image/catalog/d4_img/1722643200/1722674150079_17226741452134604560696699725739.jpg,https://d4.by/image/catalog/d4_img/1722643200/1722674155930_17226741510223947211234196927856.jpg,https://d4.by/image/catalog/d4_img/1722643200/1722674167333_17226741626107728337668988335681.jpg,https://d4.by/image/catalog/d4_img/1722643200/1722674173070_17226741682834506567782340855148.jpg,https://d4.by/image/catalog/d4_img/1722643200/1722674186463_1722674174139404366471546641007.jpg,https://d4.by/image/catalog/d4_img/1722643200/1722674203838_17226741980978224701864153410485.jpg,https://d4.by/image/catalog/d4_img/1722643200/1722674161580_1722674156768308246618659294662.jpg"
"352102";"Jeep";"Cherokee";"2003";"КПП автоматическая (АКПП)";"";"дизель";"2.7";"";"";"";"";"0";"0";"";"";"0";"722701000,7226790,5349159";"Из Бельгии. Гарантия на установку и проверку  ";"0";"0";"";"300";"USD";"";"";"";"";"";"https://d4.by/image/catalog/d4_img/1750809600/1750841666034_17508416583507536748515273246691.jpg,https://d4.by/image/catalog/d4_img/1750809600/1750841639770_17508416350675300791787594808064.jpg,https://d4.by/image/catalog/d4_img/1750809600/1750841645042_17508416406338039343420734885438.jpg,https://d4.by/image/catalog/d4_img/1750809600/1750841651496_17508416458759042015333378119689.jpg,https://d4.by/image/catalog/d4_img/1750809600/1750841656818_17508416523728261787742644090094.jpg"
"217765";"DAF";"XF";"2013";"КПП автоматическая (АКПП)";"";"дизель";"12.9";"TDi";"";"";"";"0";"0";"";"";"0";"12as2331td";"Из Германии, гарантия на проверку и установку ,цена без блоков управления ,без цилиндра сцепление ";"0";"0";"";"1300";"USD";"";"";"";"";"";"https://d4.by/image/catalog/d4_img/1642636800/1642688442811_16426884359724521027919926044453.jpg,https://d4.by/image/catalog/d4_img/1642636800/1642688433736_16426884255157773229551260709748.jpg,https://d4.by/image/catalog/d4_img/1642636800/1642688454522_16426884447756221960716937603534.jpg,https://d4.by/image/catalog/d4_img/1642636800/1642688423407_16426884164574302857341694197035.jpg,https://d4.by/image/catalog/d4_img/1642636800/1642688414260_16426883887657025374592926296115.jpg"
"44184486";"Volkswagen";"Passat";"2007";"КПП автоматическая (АКПП)";"";"бензин";"3.2";"";"";"";"";"";"";"";"";"";"Jpy";"Из Бельгии, не большой пробег ";"0";"0";"";"450";"USD";"";"";"";"";"";"https://d4.by/image/catalog/i/ii/ba/c2498c90678ba4f5f84a76e58b90cade.jpg"
"44903667";"Volkswagen";"Lupo";"2001";"КПП автоматическая (АКПП)";"";"бензин";"1.4";"";"";"";"";"";"";"";"";"";"Fmc";"Из Бельгии, не большой пробег ,";"0";"0";"";"110";"USD";"";"";"";"";"";"https://d4.by/image/catalog/i/dk/lg/5c1f97fed7c352e42c7e97a0acd24194.jpg"
"209539";"Hyundai";"XG";"2001";"КПП автоматическая (АКПП)";"";"бензин";"3.0";"";"АКПП";"";"";"0";"0";"";"";"0";"P1kad";"Не большой дефект снизу колокола ";"0";"0";"";"250";"USD";"";"";"";"";"";"https://d4.by/image/catalog/d4_img/1638316800/1638346945231_16383469377192462495220399870825.jpg,https://d4.by/image/catalog/d4_img/1638316800/1638346977474_16383469685381536198012863196683.jpg,https://d4.by/image/catalog/d4_img/1638316800/1638346964180_16383469565068114469833221088708.jpg,https://d4.by/image/catalog/d4_img/1638316800/1638346954199_16383469471291921199148081222515.jpg"
"202623";"Audi";"A4";"2004";"КПП автоматическая (АКПП)";"";"дизель";"1.9";"";"";"";"";"0";"0";"";"";"0";"HPP";"Из Бельгии, не большой пробег, гарантия на проверку и установку ";"0";"0";"";"320";"USD";"";"";"";"";"";"https://d4.by/image/catalog/d4_img/1634342400/1634395462131_16343954572925289941700382289476.jpg,https://d4.by/image/catalog/d4_img/1634342400/1634395482812_16343954776893374902658393800399.jpg,https://d4.by/image/catalog/d4_img/1634342400/1634395475349_16343954649816379027402642175943.jpg,https://d4.by/image/catalog/d4_img/1634342400/1634395490542_16343954851067907378183988409696.jpg"
"27537148";"Renault";"Laguna";"2007";"КПП автоматическая (АКПП)";"";"дизель";"2.0";"DCi";"";"";"";"";"";"";"";"";"1XK0E - 8207252";"из Бельгии, небольшой пробег. 1XK0E - 8207252";"0";"0";"";"207";"USD";"";"";"";"";"";"https://d4.by/image/catalog/i/ko/ld/41a6d4bb0f0caec90929e04d158dcbb0.jpg,https://d4.by/image/catalog/i/ko/ld/ee35661022e6af4aefb6f18996a3cc93.jpg,https://d4.by/image/catalog/i/ko/ld/8ed4e7856056f64426475dc90e3d0765.jpg"
"26140663";"Volvo";"V70";"2008";"КПП автоматическая (АКПП)";"";"дизель";"2.4";"TDi";"";"";"";"";"";"";"";"";"P31256205";"из Бельгии, небольшой пробег";"0";"0";"";"239";"USD";"";"";"";"";"";"https://d4.by/image/catalog/i/ga/jm/2b84a44df95c8a8c282366c1b35afd7b.jpg,https://d4.by/image/catalog/i/ga/jm/99de6fae55fa7f23934c68d8ad18197d.jpg"
"319073";"Mercedes";"C W203";"2003";"КПП автоматическая (АКПП)";"";"бензин";"2.6";"";"";"";"";"0";"0";"";"";"0";"2032701100,266372";"Из Бельгии. Без гарантии. На запчасти или под востоновления.";"0";"0";"";"80";"USD";"";"";"";"";"";"https://d4.by/image/catalog/d4_img/1722211200/1722262680221_1722262674273280965103553972097.jpg,https://d4.by/image/catalog/d4_img/1722211200/1722262664011_17222626449863389744561628097463.jpg,https://d4.by/image/catalog/d4_img/1722211200/1722262644099_17222626375916337684345060197404.jpg,https://d4.by/image/catalog/d4_img/1722211200/1722262636556_17222626300721862777516832754485.jpg"
"375153";"Audi";"A3";"2005";"КПП автоматическая (АКПП)";"";"бензин";"2.0";"";"";"";"";"0";"0";"";"";"0";"HTP";"Из Бельгии.  Без гарантии,  на запчасти,  или под востоновление , бит корпус";"0";"0";"";"200";"USD";"";"";"";"";"";"https://d4.by/image/catalog/d4_img/1769126400/1769177714216_17691777055887985434098581903931.jpg,https://d4.by/image/catalog/d4_img/1769126400/1769177704660_17691776944963589093533087505673.jpg,https://d4.by/image/catalog/d4_img/1769126400/1769177693652_17691776860485593854348738396358.jpg,https://d4.by/image/catalog/d4_img/1769126400/1769177682857_17691776741887276095972995445175.jpg,https://d4.by/image/catalog/d4_img/1769126400/1769177741337_17691777359477045652598341444001.jpg,https://d4.by/image/catalog/d4_img/1769126400/1769177735108_17691777275297548141075672416226.jpg,https://d4.by/image/catalog/d4_img/1769126400/1769177726680_17691777216454645828186585150244.jpg,https://d4.by/image/catalog/d4_img/1769126400/1769177720774_17691777151944726358442527336810.jpg"
"263752";"Mazda";"CX7";"2007";"КПП автоматическая (АКПП)";"";"бензин";"2.3";"";"";"";"";"0";"0";"";"";"0";"";"Акпп после возгорания авто. На запчасти.";"0";"0";"";"90";"USD";"";"";"";"";"";"https://d4.by/image/catalog/d4_img/1672012800/1672046485465_16720464783715658262511099637520.jpg,https://d4.by/image/catalog/d4_img/1672012800/1672046495295_167204648708558191325270221299.jpg,https://d4.by/image/catalog/d4_img/1672012800/1672046517967_16720465084313859020895947737770.jpg,https://d4.by/image/catalog/d4_img/1672012800/1672046583266_16720465707332171921319039469678.jpg"
"328136_1";"Skoda";"Scala";"2021";"КПП автоматическая (АКПП)";"";"бензин";"1.0";"TSI";"";"";"";"0";"0";"";"";"0";"fd7cw009";"Из Бельгии, хорошее состояние, гарантия ";"0";"0";"";"1000";"USD";"";"";"";"";"";"https://d4.by/image/catalog/d4_img/1731110400/1731148735478_17311487301203471468710658469077.jpg,https://d4.by/image/catalog/d4_img/1731110400/1731148748743_17311487379438600369378175490205.jpg,https://d4.by/image/catalog/d4_img/1731110400/1731148729278_17311487173128701528575871390971.jpg,https://d4.by/image/catalog/d4_img/1731110400/1731148699292_17311486906139147776889204666401.jpg,https://d4.by/image/catalog/d4_img/1731110400/1731148705942_1731148700369350760408922041816.jpg,https://d4.by/image/catalog/d4_img/1731110400/1731148711875_1731148706889994556798351467887.jpg"
"266136";"Audi";"A8";"2005";"КПП автоматическая (АКПП)";"";"дизель";"3.0";"TDi";"АКПП";"";"";"0";"0";"";"";"0";"GZU";"Из Бельгии, хорошее состояние, гарантия, отсутствует бублик,дефект крепления";"0";"0";"";"270";"USD";"";"";"";"";"";"https://d4.by/image/catalog/d4_img/1674086400/1674131070465_IMG_20230119_152407.jpg,https://d4.by/image/catalog/d4_img/1674086400/1674130501658_16741304942855423629266594997369.jpg,https://d4.by/image/catalog/d4_img/1674086400/1674130491182_16741304833393640032907961350811.jpg,https://d4.by/image/catalog/d4_img/1674086400/1674130518928_16741305127094474701431094901102.jpg,https://d4.by/image/catalog/d4_img/1674086400/1674130480640_16741304739297818471104077685475.jpg,https://d4.by/image/catalog/d4_img/1674086400/1674130527105_16741305229921420042523478820460.jpg"
"204098";"BMW";"X5 E70";"2010";"КПП автоматическая (АКПП)";"";"бензин";"3.0";"Ti";"";"";"";"0";"0";"";"";"0";"Zf";"Из Бельгии, гарантия на проверку и установку ,цена без раздатки";"0";"0";"";"900";"USD";"";"";"";"";"";"https://d4.by/image/catalog/d4_img/1635379200/1635407966750_16354079595231564778677762007979.jpg,https://d4.by/image/catalog/d4_img/1635379200/1635407957290_16354079474386873128660979909518.jpg,https://d4.by/image/catalog/d4_img/1635379200/1635407977293_16354079689641301716120181721993.jpg,https://d4.by/image/catalog/d4_img/1635379200/1635408018277_16354080124121049084961357410485.jpg"
"286164";"Volkswagen";"Polo";"2001";"КПП автоматическая (АКПП)";"";"бензин";"1.0";"";"";"";"";"0";"0";"";"";"0";"EHD";"Из Бельгии, хорошее состояние, гарантия ";"0";"0";"";"270";"USD";"";"";"";"";"";"https://d4.by/image/catalog/d4_img/1690416000/1690466532712_16904665280487440231960550480023.jpg,https://d4.by/image/catalog/d4_img/1690416000/1690466493302_16904664811798013900762692805696.jpg,https://d4.by/image/catalog/d4_img/1690416000/1690466513209_16904665105069216157495765021171.jpg,https://d4.by/image/catalog/d4_img/1690416000/1690466473767_16904664704377626206266148625057.jpg,https://d4.by/image/catalog/d4_img/1690416000/1690466479164_16904664752185839237149276471985.jpg,https://d4.by/image/catalog/d4_img/1690416000/1690466508920_1690466497512438651540386409797.jpg"
"201908";"Nissan";"Micra";"1990";"КПП автоматическая (АКПП)";"";"бензин";"1.2";"";"";"";"";"0";"0";"";"";"0";"";"Из Бельгии не большой пробег гарантия на проверку и установку маркировка не читаеться ";"0";"0";"";"126";"USD";"";"";"";"";"";"https://d4.by/image/catalog/d4_img/1633737600/1633770535836_16337705227877083674491881755441.jpg,https://d4.by/image/catalog/d4_img/1633737600/1633770520061_16337705056964409212171727204507.jpg,https://d4.by/image/catalog/d4_img/1633737600/1633770499144_16337704808681668732124923476498.jpg"
"181403";"Renault";"Scenic";"2006";"КПП автоматическая (АКПП)";"";"дизель";"1.9";"DCi";"";"";"";"0";"0";"";"";"0";"Dp0082";"Из Бельгии, не большой пробег без селектора";"0";"0";"";"167";"USD";"";"";"";"";"";"https://d4.by/image/catalog/d4_img/1755648000/1755692259006_0-02-05-8a8d07ed62f9cb31bd3a05e59c50ebad265cd1eaf2a95228d684a895fe570a43_77a0a766b9f442c4.jpg,https://d4.by/image/catalog/d4_img/1755648000/1755692256015_0-02-05-b129b7692f22af3aa264e1744c8f05cb30197a98e35e461c41e98a09dc337c17_ea2f370fb2036b59.jpg,https://d4.by/image/catalog/d4_img/1755648000/1755692252884_0-02-05-2af0419c77f8f1e934e5f0e2391020f5e9d5716448685e5ab456b943ae2eecd5_4b3b5ec57e67057.jpg,https://d4.by/image/catalog/d4_img/1755648000/1755692249088_0-02-05-074fd28df9dc8adefce021cdd219f2f4bc4531ea41636b9107b8f924834fd33d_9ce53771c821c25d.jpg"
"312768_2";"Volkswagen";"EOS";"2011";"КПП автоматическая (АКПП)";"";"дизель";"2.0";"TDi";"АКПП";"";"";"0";"0";"";"";"0";"MSV";"Из Бельгии, хорошее состояние, гарантия";"0";"0";"";"400";"USD";"";"";"";"";"";"https://d4.by/image/catalog/d4_img/1716422400/1716475352375_17164753384534319574991534889998.jpg,https://d4.by/image/catalog/d4_img/1716422400/1716475324503_17164753199073423022023957365207.jpg,https://d4.by/image/catalog/d4_img/1716422400/1716475318992_17164753104548002651249408315226.jpg,https://d4.by/image/catalog/d4_img/1716422400/1716475337345_17164753257277226936360966003516.jpg,https://d4.by/image/catalog/d4_img/1716422400/1716475306946_17164753020715359091918981542807.jpg,https://d4.by/image/catalog/d4_img/1716422400/1716475301216_1716475296842844691943112648443.jpg"
"211415";"Audi";"A4";"2003";"КПП автоматическая (АКПП)";"";"дизель";"1.9";"";"";"";"";"0";"0";"";"";"0";"Hpp";"Из Бельгии, не большой пробег, гарантия на проверку и установку ";"0";"0";"";"320";"USD";"";"";"";"";"";"https://d4.by/image/catalog/d4_img/1639353600/1639393387181_16393933791276258806516848236318.jpg,https://d4.by/image/catalog/d4_img/1639353600/1639393377099_16393933697953783476214252231004.jpg,https://d4.by/image/catalog/d4_img/1639353600/1639393394944_16393933894391198053482488983084.jpg,https://d4.by/image/catalog/d4_img/1639353600/1639393405575_16393933979128714443396191086805.jpg"
"299164";"Audi";"A6";"2003";"КПП автоматическая (АКПП)";"";"дизель";"2.5";"TDi";"";"";"";"0";"0";"";"";"0";"GJT";"Из Бельгии гарантия на установку и проверку";"0";"0";"";"290";"USD";"";"";"";"";"";"https://d4.by/image/catalog/d4_img/1701820800/1701856608095_17018566041741110961406812410945.jpg,https://d4.by/image/catalog/d4_img/1701820800/1701856603225_17018565983632077601955782847118.jpg"
"347752";"Daihatsu";"Trevis";"2007";"КПП автоматическая (АКПП)";"";"бензин";"1.0";"";"";"";"";"0";"0";"";"";"0";"4BS,69m,575a246";"Гарантия на установку и проверку.";"0";"0";"";"400";"USD";"";"";"";"";"";"https://d4.by/image/catalog/d4_img/1745625600/1745671298516_17456712890578001147093297165538.jpg,https://d4.by/image/catalog/d4_img/1745625600/1745671281229_17456712765792598188845030458.jpg,https://d4.by/image/catalog/d4_img/1745625600/1745671287172_17456712822922086643896889553286.jpg,https://d4.by/image/catalog/d4_img/1745625600/1745671269406_17456712646429013462839782286638.jpg,https://d4.by/image/catalog/d4_img/1745625600/1745671384326_17456713801667265442280659590908.jpg,https://d4.by/image/catalog/d4_img/1745625600/1745671275715_1745671270203825207779574470263.jpg"
"362339";"Saab";"9-3";"2006";"КПП автоматическая (АКПП)";"";"бензин";"2.8";"";"";"";"";"0";"0";"";"";"0";"55559045,PQ,05f381773";"Из Бельгии. Гарантия на установку и проверку.";"0";"0";"";"500";"USD";"";"";"";"";"";"https://d4.by/image/catalog/d4_img/1758153600/1758178828502_17581788235785158476554140351285.jpg,https://d4.by/image/catalog/d4_img/1758153600/1758178833917_17581788294545614935461505615913.jpg,https://d4.by/image/catalog/d4_img/1758153600/1758178844932_17581788401166478936799026999945.jpg,https://d4.by/image/catalog/d4_img/1758153600/1758178822777_17581788168003434416757384103104.jpg,https://d4.by/image/catalog/d4_img/1758153600/1758178839107_17581788348632714522878314444925.jpg"
"351654";"DAF";"XF";"2010";"КПП автоматическая (АКПП)";"";"дизель";"12.9";"";"";"";"";"0";"0";"";"";"0";"12as2130td,1353030006,1681753,00711702";"Из Бельгии. Гарантия на установку и проверку, MX300U1 Без блока управления, без ПГУ";"0";"0";"";"1200";"USD";"";"";"";"";"";"https://d4.by/image/catalog/d4_img/1750464000/1750490952968_17504909464036768163637213833262.jpg,https://d4.by/image/catalog/d4_img/1750464000/1750490963372_17504909538985674643964832215873.jpg,https://d4.by/image/catalog/d4_img/1750464000/1750490983167_17504909762738323156175530157670.jpg,https://d4.by/image/catalog/d4_img/1750464000/1750490975153_17504909648688013485759045329731.jpg"
"340959";"BMW";"6 E63/E64";"2008";"КПП автоматическая (АКПП)";"";"бензин";"3.0";"";"";"";"";"0";"0";"";"";"0";"7547899,6hp19";"Из Бельгии. Гарантия на установку и проверку.";"0";"0";"";"400";"USD";"";"";"";"";"";"https://d4.by/image/catalog/d4_img/1740441600/1740483391816_17404833859097959248177870843269.jpg,https://d4.by/image/catalog/d4_img/1740441600/1740483398428_17404833929617258752503720210711.jpg,https://d4.by/image/catalog/d4_img/1740441600/1740483330214_17404833247098797284660607905759.jpg,https://d4.by/image/catalog/d4_img/1740441600/1740483337025_17404833317737997758516958238722.jpg,https://d4.by/image/catalog/d4_img/1740441600/1740483317924_17404833131641375421443773138638.jpg,https://d4.by/image/catalog/d4_img/1740441600/1740483323771_1740483318833132139937536844411.jpg,https://d4.by/image/catalog/d4_img/1740441600/1740483312277_17404833063591495760389531781121.jpg"
"296346";"SsangYong";"Korando";"2001";"КПП автоматическая (АКПП)";"";"дизель";"2.3";"";"АКПП";"";"";"0";"0";"";"";"0";"3610005411";"Гарантия на установку и проверку, цена за акпп без раздатки,без колокола";"0";"0";"";"500";"USD";"";"";"";"";"";"https://d4.by/image/catalog/d4_img/1698883200/1698909963368_1698909956658128712230083081722.jpg,https://d4.by/image/catalog/d4_img/1698883200/1698909972948_16989099647542938145122815827867.jpg,https://d4.by/image/catalog/d4_img/1698883200/1698909945880_16989099382008376981941472864568.jpg,https://d4.by/image/catalog/d4_img/1698883200/1698909955121_16989099474408482807358851873934.jpg"
"356475";"Chrysler";"Stratus";"1998";"КПП автоматическая (АКПП)";"";"бензин";"2.5";"";"";"";"";"0";"0";"";"";"0";"";"Из Бельгии. Гарантия на установку и проверку, номер не читается ";"0";"0";"";"500";"USD";"";"";"";"";"";"https://d4.by/image/catalog/d4_img/1753833600/1753875958721_17538759544637689065074216882370.jpg,https://d4.by/image/catalog/d4_img/1753833600/1753875989006_1753875981982126302018203659725.jpg,https://d4.by/image/catalog/d4_img/1753833600/1753875970476_17538759596476985595367188702440.jpg,https://d4.by/image/catalog/d4_img/1753833600/1753875977504_1753875971415879507149938405574.jpg,https://d4.by/image/catalog/d4_img/1753833600/1753875941703_17538759356785457204929553378462.jpg,https://d4.by/image/catalog/d4_img/1753833600/1753875996664_17538759899793442628055061566302.jpg,https://d4.by/image/catalog/d4_img/1753833600/1753875946942_17538759425902879204205189150447.jpg,https://d4.by/image/catalog/d4_img/1753833600/1753875953313_17538759487356011034202110294080.jpg"
"216514";"Toyota";"Yaris";"2004";"КПП автоматическая (АКПП)";"";"бензин";"1.3";"";"";"";"";"0";"0";"";"";"0";"";"Из Германии гарантия на проверку и установку маркировка не читаеться ";"0";"0";"";"135";"USD";"";"";"";"";"";"https://d4.by/image/catalog/d4_img/1642032000/1642081904923_16420818976688220346287450531782.jpg,https://d4.by/image/catalog/d4_img/1642032000/1642081913395_16420819068896164324607529682362.jpg,https://d4.by/image/catalog/d4_img/1642032000/1642081921537_16420819154097597665137768670796.jpg,https://d4.by/image/catalog/d4_img/1642032000/1642081930259_16420819241076518533880013791329.jpg"
"276176";"Hyundai";"Elantra";"2008";"КПП автоматическая (АКПП)";"";"бензин";"1.6";"";"АКПП";"";"";"0";"0";"";"";"0";"A73ac";"Гарантия на проверку и установку ";"0";"0";"";"600";"USD";"";"";"";"";"";"https://d4.by/image/catalog/d4_img/1681776000/1681818033425_16818180256687966578359923710278.jpg,https://d4.by/image/catalog/d4_img/1681776000/1681818054840_16818180439856103231080751731462.jpg,https://d4.by/image/catalog/d4_img/1681776000/1681818041803_16818180353214451828744986243647.jpg"
"362340";"Rover";"75";"2001";"КПП автоматическая (АКПП)";"";"бензин";"2.5";"";"";"";"";"0";"0";"";"";"0";"PR012";"Из Бельгии. Гарантия на установку и проверку.";"0";"0";"";"250";"USD";"";"";"";"";"";"https://d4.by/image/catalog/d4_img/1758153600/1758179260257_17581792549494457076704155407003.jpg,https://d4.by/image/catalog/d4_img/1758153600/1758179271127_17581792656876105700863554655057.jpg,https://d4.by/image/catalog/d4_img/1758153600/1758179287974_17581792837567799560931069589265.jpg,https://d4.by/image/catalog/d4_img/1758153600/1758179282927_17581792769411247779993976620638.jpg,https://d4.by/image/catalog/d4_img/1758153600/1758179276059_17581792720701151456222513545833.jpg,https://d4.by/image/catalog/d4_img/1758153600/1758179264781_17581792610885149548597685352703.jpg"
"362328";"Peugeot";"607";"2006";"КПП автоматическая (АКПП)";"";"дизель";"2.7";"";"";"";"";"0";"0";"";"";"0";"20GG09";"Из Бельгии. Гарантия на установку и проверку ";"0";"0";"";"160";"USD";"";"";"";"";"";"https://d4.by/image/catalog/d4_img/1758067200/1758120432643_17581204242636767380185596587339.jpg,https://d4.by/image/catalog/d4_img/1758067200/1758120416785_17581204128808913722485107826789.jpg,https://d4.by/image/catalog/d4_img/1758067200/1758120411272_17581204069158026883411594404683.jpg,https://d4.by/image/catalog/d4_img/1758067200/1758120423412_17581204176876698581447305647433.jpg,https://d4.by/image/catalog/d4_img/1758067200/1758120406048_1758120399536244786221997329896.jpg"
"328138_2";"Renault";"Clio";"2019";"КПП автоматическая (АКПП)";"";"бензин";"1.6";"";"";"";"";"0";"0";"";"";"0";"231b15778r,290a04pm0a,p013803";"Из Бельгии, хорошее состояние, гарантия ,ГИБРиД, комплектация на фото ";"0";"0";"";"1900";"USD";"";"";"";"";"";"https://d4.by/image/catalog/d4_img/1731110400/1731148979151_1731148971894640967126963257516.jpg,https://d4.by/image/catalog/d4_img/1731110400/1731148998801_17311489903274746320270557694815.jpg,https://d4.by/image/catalog/d4_img/1731110400/1731148930038_17311489256054123505030940494737.jpg,https://d4.by/image/catalog/d4_img/1731110400/1731148924720_17311489194415282751916103715509.jpg,https://d4.by/image/catalog/d4_img/1731110400/1731148943995_17311489393298387494933983586144.jpg,https://d4.by/image/catalog/d4_img/1731110400/1731148968887_17311489647941682169162779139433.jpg,https://d4.by/image/catalog/d4_img/1731110400/1731148963965_1731148956063469299304949001703.jpg,https://d4.by/image/catalog/d4_img/1731110400/1731148954821_17311489460597184016134343621550.jpg,https://d4.by/image/catalog/d4_img/1731110400/1731148937467_17311489338241690739593920314557.jpg,https://d4.by/image/catalog/d4_img/1731110400/1731148984671_17311489800687807546940260809174.jpg"
"328138_1";"Nissan";"Juke";"2019";"КПП автоматическая (АКПП)";"";"бензин";"1.6";"";"";"";"";"0";"0";"";"";"0";"231b15778r,290a04pm0a,p013803";"Из Бельгии, хорошее состояние, гарантия ,ГИБРиД, комплектация на фото ";"0";"0";"";"2000";"USD";"";"";"";"";"";"https://d4.by/image/catalog/d4_img/1731110400/1731148963965_1731148956063469299304949001703.jpg,https://d4.by/image/catalog/d4_img/1731110400/1731148937467_17311489338241690739593920314557.jpg,https://d4.by/image/catalog/d4_img/1731110400/1731148954821_17311489460597184016134343621550.jpg,https://d4.by/image/catalog/d4_img/1731110400/1731148998801_17311489903274746320270557694815.jpg,https://d4.by/image/catalog/d4_img/1731110400/1731148984671_17311489800687807546940260809174.jpg,https://d4.by/image/catalog/d4_img/1731110400/1731148968887_17311489647941682169162779139433.jpg,https://d4.by/image/catalog/d4_img/1731110400/1731148979151_1731148971894640967126963257516.jpg,https://d4.by/image/catalog/d4_img/1731110400/1731148924720_17311489194415282751916103715509.jpg,https://d4.by/image/catalog/d4_img/1731110400/1731148943995_17311489393298387494933983586144.jpg,https://d4.by/image/catalog/d4_img/1731110400/1731148930038_17311489256054123505030940494737.jpg"
"328136_2";"Volkswagen";"T-Roc";"2021";"КПП автоматическая (АКПП)";"";"бензин";"1.0";"TSI";"";"";"";"0";"0";"";"";"0";"fd7cw009";"Из Бельгии, хорошее состояние, гарантия ";"0";"0";"";"1000";"USD";"";"";"";"";"";"https://d4.by/image/catalog/d4_img/1731110400/1731148699292_17311486906139147776889204666401.jpg,https://d4.by/image/catalog/d4_img/1731110400/1731148729278_17311487173128701528575871390971.jpg,https://d4.by/image/catalog/d4_img/1731110400/1731148735478_17311487301203471468710658469077.jpg,https://d4.by/image/catalog/d4_img/1731110400/1731148711875_1731148706889994556798351467887.jpg,https://d4.by/image/catalog/d4_img/1731110400/1731148748743_17311487379438600369378175490205.jpg,https://d4.by/image/catalog/d4_img/1731110400/1731148705942_1731148700369350760408922041816.jpg"
"328135";"Fiat";"Ducato";"2022";"КПП автоматическая (АКПП)";"";"дизель";"2.2";"HDi";"";"";"";"0";"0";"";"";"0";"GC98108,30570gc98s1,30570gc88a0,30570gc98a0";"Из Бельгии, хорошее состояние, гарантия ,с тестового автомобиля,пробег 5км";"0";"0";"";"3000";"USD";"";"";"";"";"";"https://d4.by/image/catalog/d4_img/1731110400/1731148160719_17311481518835941520402256741795.jpg,https://d4.by/image/catalog/d4_img/1731110400/1731148147304_17311481416718098120937988521376.jpg,https://d4.by/image/catalog/d4_img/1731110400/1731148136563_1731148130776273567248331206088.jpg,https://d4.by/image/catalog/d4_img/1731110400/1731148140701_17311481374985882061066179615037.jpg,https://d4.by/image/catalog/d4_img/1731110400/1731148166693_17311481616586311120557815514089.jpg,https://d4.by/image/catalog/d4_img/1731110400/1731148218553_17311482132984626189761601524101.jpg,https://d4.by/image/catalog/d4_img/1731110400/1731148129608_17311481234715847970526531725499.jpg"
"251683";"Mercedes";"CLS W218";"2014";"КПП автоматическая (АКПП)";"";"дизель";"3.0";"CDi";"";"";"";"0";"0";"";"";"0";"A2122700710";"Из Бельгии, гарантия на проверку и установку ";"0";"0";"";"700";"USD";"";"";"";"";"";"https://d4.by/image/catalog/d4_img/1661299200/1661327183230_1661327175863651808712582997467.jpg,https://d4.by/image/catalog/d4_img/1661299200/1661327191102_16613271850239044966555889656315.jpg,https://d4.by/image/catalog/d4_img/1661299200/1661327173840_16613271673267602302054536009948.jpg"
"231649";"Mazda";"6";"2010";"КПП автоматическая (АКПП)";"";"бензин";"2.5";"";"АКПП";"";"";"0";"0";"";"";"0";"";"Дефект корпуса, на запчасти, маркировка не читается ";"0";"0";"";"104";"USD";"";"";"";"";"";"https://d4.by/image/catalog/d4_img/1690329600/1690370316958_16903702982409089284611942534042.jpg,https://d4.by/image/catalog/d4_img/1690329600/1690370289762_16903702398283160831200880988028.jpg,https://d4.by/image/catalog/d4_img/1690329600/1690370229058_16903702058958900055216812243896.jpg"
"239709";"Volvo";"S80";"2010";"КПП автоматическая (АКПП)";"";"дизель";"2.4";"TDi";"АКПП";"";"";"0";"0";"";"";"0";"Tf80sc,81259368,10a3804171";"Из Бельгии, гарантия на проверку и установку, с двигателя D5244T";"0";"0";"";"200";"USD";"";"";"";"";"";"https://d4.by/image/catalog/d4_img/1654214400/1654250776733_16542507685963834543004040630012.jpg,https://d4.by/image/catalog/d4_img/1654214400/1654250787653_16542507789111043402532597759468.jpg,https://d4.by/image/catalog/d4_img/1654214400/1654250796666_16542507896874663379560477399542.jpg,https://d4.by/image/catalog/d4_img/1654214400/1654250804011_16542507988612447344151868208579.jpg,https://d4.by/image/catalog/d4_img/1654214400/1654250810486_16542508058344364284229470535599.jpg"
"242172";"Hyundai";"Sonata";"1999";"КПП автоматическая (АКПП)";"";"бензин";"2.4";"";"";"";"";"0";"0";"";"";"0";"Nxmad";"Гарантия на проверку и установку ";"0";"0";"";"250";"USD";"";"";"";"";"";"https://d4.by/image/catalog/d4_img/1655510400/1655551140640_16555511282412842605279768786799.jpg,https://d4.by/image/catalog/d4_img/1655510400/1655551149231_16555511427964152326860407831375.jpg,https://d4.by/image/catalog/d4_img/1655510400/1655551159221_16555511510188855677277090466229.jpg"
"368428_2";"Peugeot";"5008";"2021";"КПП автоматическая (АКПП)";"";"бензин";"1.2";"Ti";"";"";"";"0";"0";"";"";"0";"20gtbm,21h7m,atn8,awf8g30";"Из Бельгии.  Гарантия на установку и проверку ";"0";"0";"";"1500";"USD";"";"";"";"";"";"https://d4.by/image/catalog/d4_img/1763596800/1763638527892_17636385226691952541793719400918.jpg,https://d4.by/image/catalog/d4_img/1763596800/1763638535940_17636385287267520797621906563750.jpg,https://d4.by/image/catalog/d4_img/1763596800/1763638521823_17636385156776598023386860640860.jpg,https://d4.by/image/catalog/d4_img/1763596800/1763638498912_17636384921775161591460383327695.jpg,https://d4.by/image/catalog/d4_img/1763596800/1763638514774_17636385052566628502686896112141.jpg,https://d4.by/image/catalog/d4_img/1763596800/1763638504518_17636384996495513700793404208305.jpg"
"368428_1";"Peugeot";"3008";"2021";"КПП автоматическая (АКПП)";"";"бензин";"1.2";"Ti";"";"";"";"0";"0";"";"";"0";"20gtbm,21h7m,atn8,awf8g30";"Из Бельгии.  Гарантия на установку и проверку ";"0";"0";"";"1500";"USD";"";"";"";"";"";"https://d4.by/image/catalog/d4_img/1763596800/1763638521823_17636385156776598023386860640860.jpg,https://d4.by/image/catalog/d4_img/1763596800/1763638535940_17636385287267520797621906563750.jpg,https://d4.by/image/catalog/d4_img/1763596800/1763638527892_17636385226691952541793719400918.jpg,https://d4.by/image/catalog/d4_img/1763596800/1763638514774_17636385052566628502686896112141.jpg,https://d4.by/image/catalog/d4_img/1763596800/1763638504518_17636384996495513700793404208305.jpg,https://d4.by/image/catalog/d4_img/1763596800/1763638498912_17636384921775161591460383327695.jpg"
"368388_2";"Peugeot";"Boxer";"2022";"КПП автоматическая (АКПП)";"";"дизель";"2.2";"";"";"";"";"0";"0";"";"";"0";"Gf29252,3057gf29b0,30570gf29b0s";"Из Бельгии.  Гарантия на установку и  проверку .";"0";"0";"";"3000";"USD";"";"";"";"";"";"https://d4.by/image/catalog/d4_img/1763510400/1763563235867_17635632284005996193790730026808.jpg,https://d4.by/image/catalog/d4_img/1763510400/1763563227540_17635632222791680485093024192187.jpg,https://d4.by/image/catalog/d4_img/1763510400/1763563221414_17635632139419137604394934828714.jpg,https://d4.by/image/catalog/d4_img/1763510400/1763563213129_17635632079416228121328955556235.jpg,https://d4.by/image/catalog/d4_img/1763510400/1763563193902_17635631890887070055489497782863.jpg,https://d4.by/image/catalog/d4_img/1763510400/1763563188312_17635631825473716169449366754089.jpg,https://d4.by/image/catalog/d4_img/1763510400/1763563207098_17635632025767125726934459749515.jpg,https://d4.by/image/catalog/d4_img/1763510400/1763563200490_17635631947145489259876417272001.jpg"
"279505";"Citroen";"C5";"2009";"КПП автоматическая (АКПП)";"";"дизель";"2.2";"HDi";"";"";"";"0";"0";"";"";"0";"20GT03";"Из Бельгии.  Гарантия на установку и проверку";"0";"0";"";"330";"USD";"";"";"";"";"";"https://d4.by/image/catalog/d4_img/1685318400/1685371840629_16853718333335779302953734128375.jpg,https://d4.by/image/catalog/d4_img/1685318400/1685371831434_16853718203263767246618904212840.jpg,https://d4.by/image/catalog/d4_img/1685318400/1685371818434_1685371801983502449780712147095.jpg"
"368388_3";"Citroen";"Jumper";"2022";"КПП автоматическая (АКПП)";"";"дизель";"2.2";"";"";"";"";"0";"0";"";"";"0";"Gf29252,3057gf29b0,30570gf29b0s";"Из Бельгии.  Гарантия на установку и  проверку .";"0";"0";"";"3000";"USD";"";"";"";"";"";"https://d4.by/image/catalog/d4_img/1763510400/1763563213129_17635632079416228121328955556235.jpg,https://d4.by/image/catalog/d4_img/1763510400/1763563207098_17635632025767125726934459749515.jpg,https://d4.by/image/catalog/d4_img/1763510400/1763563200490_17635631947145489259876417272001.jpg,https://d4.by/image/catalog/d4_img/1763510400/1763563193902_17635631890887070055489497782863.jpg,https://d4.by/image/catalog/d4_img/1763510400/1763563188312_17635631825473716169449366754089.jpg,https://d4.by/image/catalog/d4_img/1763510400/1763563235867_17635632284005996193790730026808.jpg,https://d4.by/image/catalog/d4_img/1763510400/1763563227540_17635632222791680485093024192187.jpg,https://d4.by/image/catalog/d4_img/1763510400/1763563221414_17635632139419137604394934828714.jpg"
"368388_1";"Fiat";"Ducato";"2022";"КПП автоматическая (АКПП)";"";"дизель";"2.2";"";"";"";"";"0";"0";"";"";"0";"Gf29252,3057gf29b0,30570gf29b0s";"Из Бельгии.  Гарантия на установку и  проверку .";"0";"0";"";"3000";"USD";"";"";"";"";"";"https://d4.by/image/catalog/d4_img/1763510400/1763563227540_17635632222791680485093024192187.jpg,https://d4.by/image/catalog/d4_img/1763510400/1763563207098_17635632025767125726934459749515.jpg,https://d4.by/image/catalog/d4_img/1763510400/1763563200490_17635631947145489259876417272001.jpg,https://d4.by/image/catalog/d4_img/1763510400/1763563193902_17635631890887070055489497782863.jpg,https://d4.by/image/catalog/d4_img/1763510400/1763563235867_17635632284005996193790730026808.jpg,https://d4.by/image/catalog/d4_img/1763510400/1763563221414_17635632139419137604394934828714.jpg,https://d4.by/image/catalog/d4_img/1763510400/1763563213129_17635632079416228121328955556235.jpg,https://d4.by/image/catalog/d4_img/1763510400/1763563188312_17635631825473716169449366754089.jpg"
"345699";"Mercedes";"E W210";"2000";"КПП автоматическая (АКПП)";"";"дизель";"2.2";"";"";"";"";"0";"0";"";"";"0";"7226260";"Из Бельгии. Гарантия на установку и проверку.";"0";"0";"";"290";"USD";"";"";"";"";"";"https://d4.by/image/catalog/d4_img/1743552000/1743595410357_17435954026072816660589179312642.jpg,https://d4.by/image/catalog/d4_img/1743552000/1743595421051_17435954112411574928336262955713.jpg,https://d4.by/image/catalog/d4_img/1743552000/1743595428393_1743595421963815544570166633559.jpg,https://d4.by/image/catalog/d4_img/1743552000/1743595444303_17435954351432652755401342575910.jpg,https://d4.by/image/catalog/d4_img/1743552000/1743595434271_17435954293754901174530179689559.jpg,https://d4.by/image/catalog/d4_img/1743552000/1743595452439_17435954452098583981269762956505.jpg"
"257855";"Audi";"A6";"2008";"КПП автоматическая (АКПП)";"Quattro ";"дизель";"2.7";"TDi";"";"универсал";"";"0";"0";"";"";"0";"KGW";"Из Бельгии, хорошее состояние, гарантия ";"0";"0";"";"400";"USD";"";"";"";"";"";"https://d4.by/image/catalog/d4_img/1666051200/1666076113699_16660761028372677611488887059970.jpg,https://d4.by/image/catalog/d4_img/1666051200/1666076121587_16660761160444539536279916519337.jpg,https://d4.by/image/catalog/d4_img/1666051200/1666076131467_16660761241242499500592833150934.jpg,https://d4.by/image/catalog/d4_img/1666051200/1666076142668_16660761341157901997146137877708.jpg"
"374114";"Renault";"Scenic";"2001";"КПП автоматическая (АКПП)";"";"бензин";"2.0";"";"АКПП";"";"";"0";"0";"";"";"0";"Dp0032M";"Из Бельгии.  Гарантия на установку и проверку . ";"0";"0";"";"450";"USD";"";"";"";"";"";"https://d4.by/image/catalog/d4_img/1768608000/1768652965823_17686529587917941620539416594098.jpg,https://d4.by/image/catalog/d4_img/1768608000/1768652957979_17686529512072352170768392898253.jpg,https://d4.by/image/catalog/d4_img/1768608000/1768652950272_17686529457724974050740450692985.jpg,https://d4.by/image/catalog/d4_img/1768608000/1768652944963_1768652940528311327820587416589.jpg,https://d4.by/image/catalog/d4_img/1768608000/1768652939703_17686529323842188243324151704227.jpg"
"309002";"BMW";"5 E60/E61";"2007";"КПП автоматическая (АКПП)";"";"дизель";"2.0";"TDi";"";"";"";"0";"0";"";"";"0";"Zfs,093w6d 6hp21";"Из Бельгии гарантия на проверку и установку ";"0";"0";"";"350";"USD";"";"";"";"";"";"https://d4.by/image/catalog/d4_img/1712966400/1713014880254_1713014874015969705401794828698.jpg,https://d4.by/image/catalog/d4_img/1712966400/1713014872976_17130148633268272868433618783789.jpg,https://d4.by/image/catalog/d4_img/1712966400/1713014925778_17130149166656162248145878840115.jpg,https://d4.by/image/catalog/d4_img/1712966400/1713014915457_17130149086634723763058694541597.jpg,https://d4.by/image/catalog/d4_img/1712966400/1713014907558_17130149013444945042165009603237.jpg,https://d4.by/image/catalog/d4_img/1712966400/1713014888989_17130148814598857778064625532617.jpg,https://d4.by/image/catalog/d4_img/1712966400/1713014900257_17130148911803589434427915612198.jpg"
"351349";"Mercedes";"A W168";"1999";"КПП автоматическая (АКПП)";"";"бензин";"1.6";"";"";"";"";"0";"0";"";"";"0";"A1683703600";"Из Бельгии. Гарантия на установку и проверку, на 2 троса ";"0";"0";"";"600";"USD";"";"";"";"";"";"https://d4.by/image/catalog/d4_img/1750118400/1750141337433_17501413311632574207628134801849.jpg,https://d4.by/image/catalog/d4_img/1750118400/1750141330299_17501413249342143292893425983633.jpg,https://d4.by/image/catalog/d4_img/1750118400/1750141323989_17501413182943917080695872037022.jpg,https://d4.by/image/catalog/d4_img/1750118400/1750141317346_17501413116915607203858881251830.jpg,https://d4.by/image/catalog/d4_img/1750118400/1750141310762_17501413058121145096802605647651.jpg,https://d4.by/image/catalog/d4_img/1750118400/1750141304944_17501412994262078761773361461358.jpg"
"279263";"Iveco";"Stralis";"2005";"КПП автоматическая (АКПП)";"";"дизель";"10.3";"";"";"";"";"0";"0";"";"";"0";"132801194";"Из Германии гарантия на проверку и установку, без блока управления акпп, без радиатора ретардера ";"0";"0";"";"1800";"USD";"";"";"";"";"";"https://d4.by/image/catalog/d4_img/1748390400/1748438926263_IMG-20250528-WA0002.jpg,https://d4.by/image/catalog/d4_img/1748390400/1748438926240_IMG-20250528-WA0000.jpg,https://d4.by/image/catalog/d4_img/1685059200/1685089322543_16850893135098048253573028898308.jpg,https://d4.by/image/catalog/d4_img/1685059200/1685089330541_168508932465925904699772024894.jpg,https://d4.by/image/catalog/d4_img/1685059200/1685089360182_16850893488687844085548295625493.jpg,https://d4.by/image/catalog/d4_img/1685059200/1685089395273_16850893874996519874464492825391.jpg,https://d4.by/image/catalog/d4_img/1685059200/1685089346731_16850893325248222343893142792032.jpg"
"347365";"Mercedes";"C W203";"2004";"КПП автоматическая (АКПП)";"";"дизель";"2.2";"";"";"";"";"0";"0";"";"";"0";"7226990, 2032700100";"Из Бельгии. Гарантия на установку и проверку . ";"0";"0";"";"100";"USD";"";"";"";"";"";"https://d4.by/image/catalog/d4_img/1745193600/1745223530603_17452235252061345006952857194067.jpg,https://d4.by/image/catalog/d4_img/1745193600/1745223524270_17452235186964582736773156112413.jpg,https://d4.by/image/catalog/d4_img/1745193600/1745223517228_17452235132044227179321352396956.jpg,https://d4.by/image/catalog/d4_img/1745193600/1745223512185_17452235080052353132950903847477.jpg,https://d4.by/image/catalog/d4_img/1745193600/1745223507171_17452235031742105511873928311974.jpg,https://d4.by/image/catalog/d4_img/1745193600/1745223502343_17452234956866707753982254879885.jpg"
"312768_1";"Volkswagen";"Passat";"2011";"КПП автоматическая (АКПП)";"";"дизель";"2.0";"TDi";"АКПП";"";"";"0";"0";"";"";"0";"MSV";"Из Бельгии, хорошее состояние, гарантия";"0";"0";"";"400";"USD";"";"";"";"";"";"https://d4.by/image/catalog/d4_img/1716422400/1716475324503_17164753199073423022023957365207.jpg,https://d4.by/image/catalog/d4_img/1716422400/1716475301216_1716475296842844691943112648443.jpg,https://d4.by/image/catalog/d4_img/1716422400/1716475318992_17164753104548002651249408315226.jpg,https://d4.by/image/catalog/d4_img/1716422400/1716475306946_17164753020715359091918981542807.jpg,https://d4.by/image/catalog/d4_img/1716422400/1716475337345_17164753257277226936360966003516.jpg,https://d4.by/image/catalog/d4_img/1716422400/1716475352375_17164753384534319574991534889998.jpg"
"270549";"Volkswagen";"Touareg";"2004";"КПП автоматическая (АКПП)";"";"дизель";"5.0";"TDi";"";"";"";"0";"0";"";"";"0";"HAQ";"Из Бельгии. Гарантия на установку и проверку Без радатки";"0";"0";"";"300";"USD";"";"";"";"";"";"https://d4.by/image/catalog/d4_img/1678492800/1678522482432_16785224725814785170622676745593.jpg,https://d4.by/image/catalog/d4_img/1678492800/1678522490806_16785224838508602492231985082175.jpg,https://d4.by/image/catalog/d4_img/1678492800/1678522497771_16785224923217992291055529184537.jpg,https://d4.by/image/catalog/d4_img/1678492800/1678522506928_16785224994976066557116342942449.jpg,https://d4.by/image/catalog/d4_img/1678492800/1678522513876_16785225085258213640543714166723.jpg,https://d4.by/image/catalog/d4_img/1678492800/1678522522555_16785225155513787685394945294268.jpg"
"270551";"Volkswagen";"Touareg";"2004";"КПП автоматическая (АКПП)";"";"дизель";"2.5";"TDi";"";"";"";"0";"0";"";"";"0";"HAN";"Из Бельгии. Гарантия на установку и проверку Без раздатки  Дефект на бублике";"0";"0";"";"200";"USD";"";"";"";"";"";"https://d4.by/image/catalog/d4_img/1678492800/1678523726124_1678523717485479110117810550411.jpg,https://d4.by/image/catalog/d4_img/1678492800/1678523737284_16785237277124662850170541839953.jpg,https://d4.by/image/catalog/d4_img/1678492800/1678523743636_16785237388149096529349713633031.jpg,https://d4.by/image/catalog/d4_img/1678492800/1678523753543_16785237457622534530846376874992.jpg,https://d4.by/image/catalog/d4_img/1678492800/1678523761675_16785237551186871574335787338123.jpg,https://d4.by/image/catalog/d4_img/1678492800/1678523768957_16785237635036687958371615242776.jpg,https://d4.by/image/catalog/d4_img/1678492800/1678523809577_16785238052627106927655719613826.jpg,https://d4.by/image/catalog/d4_img/1678492800/1678523815969_16785238112653592029777009919593.jpg"
"290570";"Volvo";"V90";"2017";"КПП автоматическая (АКПП)";"";"бензин";"2.0";"Ti";"";"";"";"0";"0";"";"";"0";"1285193";"Из Бельгии гарантия на проверку и установку";"0";"0";"";"1450";"USD";"";"";"";"";"";"https://d4.by/image/catalog/d4_img/1695686400/1695718329050_16957183225212720161909254341364.jpg,https://d4.by/image/catalog/d4_img/1695686400/1695718338725_16957183308952197041080648907561.jpg,https://d4.by/image/catalog/d4_img/1695686400/1695718306336_16957182949255264634454113182123.jpg,https://d4.by/image/catalog/d4_img/1695686400/1695718320837_16957183165942857804526330756363.jpg,https://d4.by/image/catalog/d4_img/1695686400/1695718314238_1695718308046470329830368404354.jpg,https://d4.by/image/catalog/d4_img/1695686400/1695718359555_16957183545354344266336847411847.jpg,https://d4.by/image/catalog/d4_img/1695686400/1695718352284_16957183411896565305861178200753.jpg"
"290564";"Hyundai";"XG";"2001";"КПП автоматическая (АКПП)";"";"бензин";"3.0";"";"";"";"";"0";"0";"";"";"0";"XKAD";"Гарантия на проверку и установку ";"0";"0";"";"300";"USD";"";"";"";"";"";"https://d4.by/image/catalog/d4_img/1695686400/1695715371311_16957153639646334548177481146433.jpg,https://d4.by/image/catalog/d4_img/1695686400/1695715362111_1695715354986300533006535638974.jpg,https://d4.by/image/catalog/d4_img/1695686400/1695715352929_16957153463152809218592208794527.jpg,https://d4.by/image/catalog/d4_img/1695686400/1695715344378_16957153379798955010172534212516.jpg,https://d4.by/image/catalog/d4_img/1695686400/1695715335797_16957153267962840398838164033604.jpg"
"282860";"BMW";"7 G11/G12";"2018";"КПП автоматическая (АКПП)";"";"дизель";"3.0";"TDi";"";"";"";"0";"0";"";"";"0";"868465901,13774410";"Гарантия на проверку и установку ";"0";"0";"";"360";"USD";"";"";"";"";"";"https://d4.by/image/catalog/d4_img/1687478400/1687510440339_image.jpg,https://d4.by/image/catalog/d4_img/1687478400/1687510419143_image.jpg,https://d4.by/image/catalog/d4_img/1687478400/1687510429168_image.jpg,https://d4.by/image/catalog/d4_img/1687478400/1687510408805_image.jpg,https://d4.by/image/catalog/d4_img/1687478400/1687510399899_image.jpg"
"309092";"Toyota";"Solara";"2005";"КПП автоматическая (АКПП)";"";"бензин";"2.4";"";"";"";"";"0";"0";"";"";"0";"4t1ce38p7,5u543276";"Хорошее состояние, гарантия ";"0";"0";"";"350";"USD";"";"";"";"";"";"https://d4.by/image/catalog/d4_img/1713139200/1713185017456_17131850130036576132963406483751.jpg,https://d4.by/image/catalog/d4_img/1713139200/1713185022580_17131850183528169193913613330149.jpg,https://d4.by/image/catalog/d4_img/1713139200/1713184995194_17131849902167641843340866683046.jpg,https://d4.by/image/catalog/d4_img/1713139200/1713185000674_17131849963263407111618183512962.jpg,https://d4.by/image/catalog/d4_img/1713139200/1713185004983_17131850016355770716698116443528.jpg,https://d4.by/image/catalog/d4_img/1713139200/1713185010858_17131850066767644335781042422297.jpg"
"326693";"Chrysler";"300C";"2006";"КПП автоматическая (АКПП)";"";"дизель";"3.0";"";"";"";"";"0";"0";"";"";"0";"7226780";"Из Бельгии. Гарантия на установку и проверку ";"0";"0";"";"225";"USD";"";"";"";"";"";"https://d4.by/image/catalog/d4_img/1729814400/1729862741762_17298627369652939833575525367300.jpg,https://d4.by/image/catalog/d4_img/1729814400/1729862751592_17298627450786738955621977544303.jpg,https://d4.by/image/catalog/d4_img/1729814400/1729862760456_17298627528646064698917823203785.jpg,https://d4.by/image/catalog/d4_img/1729814400/1729862767900_1729862761422529173802669551544.jpg,https://d4.by/image/catalog/d4_img/1729814400/1729862695693_17298626916736384965332100049964.jpg,https://d4.by/image/catalog/d4_img/1729814400/1729862701969_17298626965291949269722082861909.jpg,https://d4.by/image/catalog/d4_img/1729814400/1729862735983_17298627286553744717229432993803.jpg,https://d4.by/image/catalog/d4_img/1729814400/1729862690861_17298626862353072313560710636284.jpg"
"326685";"Fiat";"Ducato";"2022";"КПП автоматическая (АКПП)";"";"дизель";"2.2";"";"";"";"";"0";"0";"";"";"0";"GF29009,30570gf29A0,30570gf29a0e";"Из Бельгии. Гарантия на установку и проверку. Пробег 1000 км";"0";"0";"";"3000";"USD";"";"";"";"";"";"https://d4.by/image/catalog/d4_img/1729814400/1729861455712_17298614511416487631239415301452.jpg,https://d4.by/image/catalog/d4_img/1729814400/1729861493420_17298614840514558378091242445165.jpg,https://d4.by/image/catalog/d4_img/1729814400/1729861482935_17298614776373768393504277331878.jpg,https://d4.by/image/catalog/d4_img/1729814400/1729861450301_1729861439631600937142069556259.jpg,https://d4.by/image/catalog/d4_img/1729814400/1729861507699_17298614989417838420076282550760.jpg,https://d4.by/image/catalog/d4_img/1729814400/1729861968576_IMG_20241025_161155.jpg,https://d4.by/image/catalog/d4_img/1729814400/1729861476568_17298614698915231688188865233536.jpg,https://d4.by/image/catalog/d4_img/1729814400/1729861468359_17298614632533921116143989393016.jpg,https://d4.by/image/catalog/d4_img/1729814400/1729861462389_17298614572924460507477779250426.jpg,https://d4.by/image/catalog/d4_img/1729814400/1729861498030_17298614943054477490745101491538.jpg"
"303107";"Suzuki";"Baleno";"1999";"КПП автоматическая (АКПП)";"";"бензин";"1.6";"";"";"";"";"0";"0";"";"";"0";"60a080,6040le,96gx44022";"Хорошее состояние, гарантия ";"0";"0";"";"180";"USD";"";"";"";"";"";"https://d4.by/image/catalog/d4_img/1705881600/1705934967390_17059349627937467486053121242156.jpg,https://d4.by/image/catalog/d4_img/1705881600/1705934975933_17059349685101333207604934380328.jpg,https://d4.by/image/catalog/d4_img/1705881600/1705934990050_17059349771527755337494556374364.jpg,https://d4.by/image/catalog/d4_img/1705881600/1705934997641_17059349910012976170447526433101.jpg,https://d4.by/image/catalog/d4_img/1705881600/1705935003998_17059349985396115226566913886132.jpg"
"326542";"BMW";"1 E87/E81/E82/E88";"2006";"КПП автоматическая (АКПП)";"";"бензин";"2.0";"";"";"";"";"0";"0";"";"";"0";"7543090";"Из Бельгии. Гарантия на установку и проверку ";"0";"0";"";"300";"USD";"";"";"";"";"";"https://d4.by/image/catalog/d4_img/1729728000/1729764221094_17297642160655636208532795250366.jpg,https://d4.by/image/catalog/d4_img/1729728000/1729764141317_17297641358612052673222806972677.jpg,https://d4.by/image/catalog/d4_img/1729728000/1729764149111_17297641422005701829972901938099.jpg,https://d4.by/image/catalog/d4_img/1729728000/1729764173501_17297641675822879270736523047604.jpg,https://d4.by/image/catalog/d4_img/1729728000/1729764185534_17297641745626013933721579195777.jpg,https://d4.by/image/catalog/d4_img/1729728000/1729764200129_17297641867656781767470928215461.jpg,https://d4.by/image/catalog/d4_img/1729728000/1729764166575_17297641588812281621727413532648.jpg,https://d4.by/image/catalog/d4_img/1729728000/1729764214913_17297642089562815036056426430955.jpg,https://d4.by/image/catalog/d4_img/1729728000/1729764207973_17297642017809046791866003275611.jpg,https://d4.by/image/catalog/d4_img/1729728000/1729764229755_17297642221032859691361765637558.jpg,https://d4.by/image/catalog/d4_img/1729728000/1729764155619_17297641506788519170948583051932.jpg"
"367371";"Fiat";"Ducato";"2022";"КПП автоматическая (АКПП)";"";"дизель";"2.2";"";"";"";"";"0";"0";"";"";"0";"GF29251,30570GF29B0";"Из Бельгии.  Гарантия на установку и проверку . ";"0";"0";"";"3000";"USD";"";"";"";"";"";"https://d4.by/image/catalog/d4_img/1762732800/1762760911054_17627609053731975634417099800950.jpg,https://d4.by/image/catalog/d4_img/1762732800/1762760898967_17627608929924589210528718687990.jpg,https://d4.by/image/catalog/d4_img/1762732800/1762760904581_17627608997026972825209790153873.jpg,https://d4.by/image/catalog/d4_img/1762732800/1762760948216_17627609425677213218272753111981.jpg,https://d4.by/image/catalog/d4_img/1762732800/1762760939912_17627609287534101759561395315968.jpg,https://d4.by/image/catalog/d4_img/1762732800/1762760927867_17627609217105669047386846531197.jpg,https://d4.by/image/catalog/d4_img/1762732800/1762760920951_17627609120048244994304515248013.jpg"
"305902";"Jaguar";"S-Type";"2010";"КПП автоматическая (АКПП)";"";"дизель";"2.7";"";"";"";"";"0";"0";"";"";"0";"4r837000ae";"Из Бельгии гарантия на проверку и установкy";"0";"0";"";"180";"USD";"";"";"";"";"";"https://d4.by/image/catalog/d4_img/1710115200/1710146708379_17101466990355935140091341384953.jpg,https://d4.by/image/catalog/d4_img/1710115200/1710146719014_17101467095892528431653524753844.jpg,https://d4.by/image/catalog/d4_img/1710115200/1710146727516_17101467207774454391927494617841.jpg,https://d4.by/image/catalog/d4_img/1710115200/1710146735243_17101467285876868350384746572159.jpg"
"317209";"Mercedes";"B W245";"2005";"КПП автоматическая (АКПП)";"";"дизель";"2.0";"";"";"";"";"0";"0";"";"";"0";"1693701500  722800";"Из Бельгии. Гарантия на установку и проверку ";"0";"0";"";"750";"USD";"";"";"";"";"";"https://d4.by/image/catalog/d4_img/1720224000/1720255949502_1720255941518883279791948579853.jpg,https://d4.by/image/catalog/d4_img/1720224000/1720255940611_17202559333162663358946435943292.jpg,https://d4.by/image/catalog/d4_img/1720224000/1720255932265_17202559245322263071714689613278.jpg,https://d4.by/image/catalog/d4_img/1720224000/1720255923491_17202559148293524577781036872222.jpg,https://d4.by/image/catalog/d4_img/1720224000/1720255913185_1720255904851272159999456473885.jpg,https://d4.by/image/catalog/d4_img/1720224000/1720255903982_17202558971937994986651177860842.jpg"
"340442";"Daihatsu";"Sirion";"2005";"КПП автоматическая (АКПП)";"";"бензин";"1.3";"";"";"";"";"0";"0";"";"";"0";"8AN,043A821";"Из Бельгии. Гарантия на установку и проверку ";"0";"0";"";"170";"USD";"";"";"";"";"";"https://d4.by/image/catalog/d4_img/1740182400/1740213888827_17402138847526097455954187117617.jpg,https://d4.by/image/catalog/d4_img/1740182400/1740213883676_17402138770847539289882180071890.jpg,https://d4.by/image/catalog/d4_img/1740182400/1740213876206_17402138713195120501366793020106.jpg,https://d4.by/image/catalog/d4_img/1740182400/1740213870386_1740213865919598685036245963567.jpg,https://d4.by/image/catalog/d4_img/1740182400/1740213864276_17402138603251681091537689614131.jpg,https://d4.by/image/catalog/d4_img/1740182400/1740213859386_1740213854515177414914680538766.jpg"
"342715";"Audi";"A6";"2006";"КПП автоматическая (АКПП)";"";"дизель";"2.7";"";"";"";"";"0";"0";"";"";"0";"FLEX4";"Из Бельгии. Гарантия на установку и проверку ";"0";"0";"";"400";"USD";"";"";"";"";"";"https://d4.by/image/catalog/d4_img/1741305600/1741342599521_17413425913181104580324901677003.jpg,https://d4.by/image/catalog/d4_img/1741305600/1741342608298_17413426003795670358924498051873.jpg,https://d4.by/image/catalog/d4_img/1741305600/1741342615805_174134260916867061649074366.jpg,https://d4.by/image/catalog/d4_img/1741305600/1741342624810_17413426168323659412721465835105.jpg,https://d4.by/image/catalog/d4_img/1741305600/1741342629521_17413426258578915897050820560343.jpg,https://d4.by/image/catalog/d4_img/1741305600/1741342635894_1741342630390388461629208302812.jpg,https://d4.by/image/catalog/d4_img/1741305600/1741342650799_17413426384398329059709566251191.jpg"
"342719";"Volkswagen";"Passat";"2008";"КПП автоматическая (АКПП)";"";"дизель";"1.9";"";"";"";"";"0";"0";"";"";"0";"LKL";"Из Бельгии. Гарантия на установку и проверку ";"0";"0";"";"630";"USD";"";"";"";"";"";"https://d4.by/image/catalog/d4_img/1741305600/1741343371507_17413433663924125873306062042951.jpg,https://d4.by/image/catalog/d4_img/1741305600/1741343378974_1741343372523400424175649418986.jpg,https://d4.by/image/catalog/d4_img/1741305600/1741343384605_17413433798881921533813906631517.jpg,https://d4.by/image/catalog/d4_img/1741305600/1741343392287_17413433855827605577962022134902.jpg,https://d4.by/image/catalog/d4_img/1741305600/1741343400021_17413433932217105933608164287744.jpg,https://d4.by/image/catalog/d4_img/1741305600/1741343406562_17413434009727898609887968064724.jpg,https://d4.by/image/catalog/d4_img/1741305600/1741343411879_17413434079162684004934502105375.jpg"
"354132_1";"Chrysler";"Grand Voyager";"2008";"КПП автоматическая (АКПП)";"";"дизель";"2.8";"";"";"";"";"0";"0";"";"";"0";"384AD,162992";"Из Бельгии. Гарантия на установку и проверку. ";"0";"0";"";"800";"USD";"";"";"";"";"";"https://d4.by/image/catalog/d4_img/1752192000/1752226700831_17522266959076179204645701986308.jpg,https://d4.by/image/catalog/d4_img/1752192000/1752226706114_17522267016486576238763361344257.jpg,https://d4.by/image/catalog/d4_img/1752192000/1752226711761_17522267070501541436051286571427.jpg,https://d4.by/image/catalog/d4_img/1752192000/1752226717582_17522267126293483110731383790640.jpg,https://d4.by/image/catalog/d4_img/1752192000/1752226725492_17522267184168817036541281348396.jpg,https://d4.by/image/catalog/d4_img/1752192000/1752226731792_17522267271118280297881312441740.jpg"
"354132_2";"Chrysler";"Voyager";"2008";"КПП автоматическая (АКПП)";"";"дизель";"2.8";"";"";"";"";"0";"0";"";"";"0";"384AD,162992";"Из Бельгии. Гарантия на установку и проверку. ";"0";"0";"";"800";"USD";"";"";"";"";"";"https://d4.by/image/catalog/d4_img/1752192000/1752226700831_17522266959076179204645701986308.jpg,https://d4.by/image/catalog/d4_img/1752192000/1752226706114_17522267016486576238763361344257.jpg,https://d4.by/image/catalog/d4_img/1752192000/1752226711761_17522267070501541436051286571427.jpg,https://d4.by/image/catalog/d4_img/1752192000/1752226717582_17522267126293483110731383790640.jpg,https://d4.by/image/catalog/d4_img/1752192000/1752226725492_17522267184168817036541281348396.jpg,https://d4.by/image/catalog/d4_img/1752192000/1752226731792_17522267271118280297881312441740.jpg"
"354134";"Citroen";"C5";"2003";"КПП автоматическая (АКПП)";"";"бензин";"2.0";"";"";"";"";"0";"0";"";"";"0";"20TP42";"Из Бельгии. Гарантия на установку и проверку. ";"0";"0";"";"550";"USD";"";"";"";"";"";"https://d4.by/image/catalog/d4_img/1752192000/1752226908360_17522269028451443572361201304216.jpg,https://d4.by/image/catalog/d4_img/1752192000/1752226914535_1752226909936224219534791326846.jpg,https://d4.by/image/catalog/d4_img/1752192000/1752226920812_17522269160823987485042555657824.jpg,https://d4.by/image/catalog/d4_img/1752192000/1752226928012_17522269216836004356350263400735.jpg,https://d4.by/image/catalog/d4_img/1752192000/1752226935151_17522269292293644178539847288465.jpg"
"373171";"Jeep";"Grand Cherokee";"1998";"КПП автоматическая (АКПП)";"";"бензин";"4.0";"";"";"";"";"0";"0";"";"";"0";"52118154";"Из Бельгии.  Гарантия на установку и проверку.  Цена указана без раздатки";"0";"0";"";"700";"USD";"";"";"";"";"";"https://d4.by/image/catalog/d4_img/1768262400/1768286552665_17682865475192285431806786636113.jpg,https://d4.by/image/catalog/d4_img/1768262400/1768286546708_17682865230134249603401515609607.jpg,https://d4.by/image/catalog/d4_img/1768262400/1768286513386_17682865083988478267905203434382.jpg,https://d4.by/image/catalog/d4_img/1768262400/1768286522081_17682865146328468228093273813421.jpg,https://d4.by/image/catalog/d4_img/1768262400/1768286507644_17682865027947842999043192465926.jpg,https://d4.by/image/catalog/d4_img/1768262400/1768286502024_17682864940016867070965694390374.jpg"
"354581";"Peugeot";"407";"2006";"КПП автоматическая (АКПП)";"";"дизель";"2.0";"";"";"";"";"0";"0";"";"";"0";"TF80SC, 20GK01";"Из Бельгии. Гарантия на установку и проверку,";"0";"0";"";"400";"USD";"";"";"";"";"";"https://d4.by/image/catalog/d4_img/1752537600/1752565683600_17525656780944213735150758615764.jpg,https://d4.by/image/catalog/d4_img/1752537600/1752565691713_17525656847983895360963069704586.jpg,https://d4.by/image/catalog/d4_img/1752537600/1752565700072_17525656932801607287450700670778.jpg,https://d4.by/image/catalog/d4_img/1752537600/1752565706031_17525657010735455030121457977106.jpg,https://d4.by/image/catalog/d4_img/1752537600/1752565711269_17525657069823991923668210421612.jpg,https://d4.by/image/catalog/d4_img/1752537600/1752565716320_17525657121256788636705187452130.jpg"
"354584";"Opel";"Corsa";"2010";"КПП автоматическая (АКПП)";"";"дизель";"1.3";"";"";"";"";"0";"0";"";"";"0";"5PF355";"Из Бельгии. Гарантия на установку и проверку, Дефект задней крышки, сломан кусок корпуса сверху, крепления подушки ";"0";"0";"";"80";"USD";"";"";"";"";"";"https://d4.by/image/catalog/d4_img/1752537600/1752566406647_17525663992554922368764635457238.jpg,https://d4.by/image/catalog/d4_img/1752537600/1752566413092_17525664075462699589028768239673.jpg,https://d4.by/image/catalog/d4_img/1752537600/1752566420008_17525664139958055424192621471302.jpg,https://d4.by/image/catalog/d4_img/1752537600/1752566426055_1752566421091538128299635058220.jpg,https://d4.by/image/catalog/d4_img/1752537600/1752566431334_17525664270261631574744363862122.jpg,https://d4.by/image/catalog/d4_img/1752537600/1752566437114_17525664329137245887875456556571.jpg"
"366547_4";"BMW";"3 E90/E91/E92/E93";"2008";"КПП автоматическая (АКПП)";"535d";"дизель";"3.0";"D";"АКПП";"";"";"0";"0";"";"";"0";"6HP26";"Из Бельгии, с леворульного авто (не Англия). в хорошем состоянии, гарантия. Кпп 6HP-26, задний привод, снималась с авто с пробегом 156.000км.. M57D4 . Доставка по всей РБ, в РФ транспортными компаниями. Если не доступен звонить/пишите - Viber, WhatsApp, Telegram.";"0";"0";"Запчасть Захара";"300";"USD";"";"Брест";"+375(29)824-89-27 Viber WhatsApp Telegram";"";"";"https://d4.by/image/catalog/d4_img/1762128000/1762193629874_photo_2025-11-03_21-08-20.jpg,https://d4.by/image/catalog/d4_img/1762128000/1762193629872_photo_2025-11-03_21-08-18.jpg,https://d4.by/image/catalog/d4_img/1762128000/1762193629871_photo_2025-11-03_21-08-16.jpg,https://d4.by/image/catalog/d4_img/1762128000/1762193629870_photo_2025-11-03_21-07-23.jpg,https://d4.by/image/catalog/d4_img/1762128000/1762193629869_photo_2025-11-03_21-07-15.jpg,https://d4.by/image/catalog/d4_img/1762128000/1762193629868_photo_2025-11-03_21-07-13.jpg,https://d4.by/image/catalog/d4_img/1762128000/1762193629867_photo_2025-11-03_20-24-51.jpg,https://d4.by/image/catalog/d4_img/1762128000/1762193629866_photo_2025-07-12_16-12-38.jpg,https://d4.by/image/catalog/d4_img/1762128000/1762193629865_photo_2025-07-12_16-12-36.jpg"
"366547_5";"BMW";"X3 E83";"2008";"КПП автоматическая (АКПП)";"535d";"дизель";"3.0";"D";"АКПП";"";"";"0";"0";"";"";"0";"6HP26";"Из Бельгии, с леворульного авто (не Англия). в хорошем состоянии, гарантия. Кпп 6HP-26, задний привод, снималась с авто с пробегом 156.000км.. M57D4 . Доставка по всей РБ, в РФ транспортными компаниями. Если не доступен звонить/пишите - Viber, WhatsApp, Telegram.";"0";"0";"Запчасть Захара";"300";"USD";"";"Брест";"+375(29)824-89-27 Viber WhatsApp Telegram";"";"";"https://d4.by/image/catalog/d4_img/1762128000/1762193629874_photo_2025-11-03_21-08-20.jpg,https://d4.by/image/catalog/d4_img/1762128000/1762193629872_photo_2025-11-03_21-08-18.jpg,https://d4.by/image/catalog/d4_img/1762128000/1762193629871_photo_2025-11-03_21-08-16.jpg,https://d4.by/image/catalog/d4_img/1762128000/1762193629870_photo_2025-11-03_21-07-23.jpg,https://d4.by/image/catalog/d4_img/1762128000/1762193629869_photo_2025-11-03_21-07-15.jpg,https://d4.by/image/catalog/d4_img/1762128000/1762193629868_photo_2025-11-03_21-07-13.jpg,https://d4.by/image/catalog/d4_img/1762128000/1762193629867_photo_2025-11-03_20-24-51.jpg,https://d4.by/image/catalog/d4_img/1762128000/1762193629866_photo_2025-07-12_16-12-38.jpg,https://d4.by/image/catalog/d4_img/1762128000/1762193629865_photo_2025-07-12_16-12-36.jpg"
"366547_1";"BMW";"5 E60/E61";"2008";"КПП автоматическая (АКПП)";"535d";"дизель";"3.0";"D";"АКПП";"";"";"0";"0";"";"";"0";"6HP26";"Из Бельгии, с леворульного авто (не Англия). в хорошем состоянии, гарантия. Кпп 6HP-26, задний привод, снималась с авто с пробегом 156.000км.. M57D4 . Доставка по всей РБ, в РФ транспортными компаниями. Если не доступен звонить/пишите - Viber, WhatsApp, Telegram.";"0";"0";"Запчасть Захара";"300";"USD";"";"Брест";"+375(29)824-89-27 Viber WhatsApp Telegram";"";"";"https://d4.by/image/catalog/d4_img/1762128000/1762193629865_photo_2025-07-12_16-12-36.jpg,https://d4.by/image/catalog/d4_img/1762128000/1762193629874_photo_2025-11-03_21-08-20.jpg,https://d4.by/image/catalog/d4_img/1762128000/1762193629872_photo_2025-11-03_21-08-18.jpg,https://d4.by/image/catalog/d4_img/1762128000/1762193629871_photo_2025-11-03_21-08-16.jpg,https://d4.by/image/catalog/d4_img/1762128000/1762193629870_photo_2025-11-03_21-07-23.jpg,https://d4.by/image/catalog/d4_img/1762128000/1762193629869_photo_2025-11-03_21-07-15.jpg,https://d4.by/image/catalog/d4_img/1762128000/1762193629868_photo_2025-11-03_21-07-13.jpg,https://d4.by/image/catalog/d4_img/1762128000/1762193629867_photo_2025-11-03_20-24-51.jpg,https://d4.by/image/catalog/d4_img/1762128000/1762193629866_photo_2025-07-12_16-12-38.jpg"
"366538_6";"BMW";"6 E63/E64";"2008";"КПП автоматическая (АКПП)";"530d";"дизель";"3.0";"D";"АКПП";"";"";"0";"0";"";"";"0";"6HP28";"Из Бельгии, с леворульного авто (не Англия). в хорошем состоянии, гарантия. Кпп 6HP-28, под джойстик, задний привод, снималась с авто с пробегом 360.000км.. M57D3 . Доставка по всей РБ, в РФ транспортными компаниями. Если не доступен звонить/пишите - Viber, WhatsApp, Telegram.";"0";"0";"Запчасть Захара";"450";"USD";"";"Брест";"+375(29)824-89-27 Viber WhatsApp Telegram";"";"";"https://d4.by/image/catalog/d4_img/1762128000/1762191766771_photo_2025-11-03_20-39-13.jpg,https://d4.by/image/catalog/d4_img/1762128000/1762191766774_photo_2025-11-03_20-39-17.jpg,https://d4.by/image/catalog/d4_img/1762128000/1762191766773_photo_2025-11-03_20-39-15.jpg,https://d4.by/image/catalog/d4_img/1762128000/1762191766775_photo_2025-11-03_20-39-19.jpg"
"366538_5";"BMW";"3 E90/E91/E92/E93";"2008";"КПП автоматическая (АКПП)";"530d";"дизель";"3.0";"D";"АКПП";"";"";"0";"0";"";"";"0";"6HP28";"Из Бельгии, с леворульного авто (не Англия). в хорошем состоянии, гарантия. Кпп 6HP-28, под джойстик, задний привод, снималась с авто с пробегом 360.000км.. M57D3 . Доставка по всей РБ, в РФ транспортными компаниями. Если не доступен звонить/пишите - Viber, WhatsApp, Telegram.";"0";"0";"Запчасть Захара";"450";"USD";"";"Брест";"+375(29)824-89-27 Viber WhatsApp Telegram";"";"";"https://d4.by/image/catalog/d4_img/1762128000/1762191766771_photo_2025-11-03_20-39-13.jpg,https://d4.by/image/catalog/d4_img/1762128000/1762191766773_photo_2025-11-03_20-39-15.jpg,https://d4.by/image/catalog/d4_img/1762128000/1762191766774_photo_2025-11-03_20-39-17.jpg,https://d4.by/image/catalog/d4_img/1762128000/1762191766775_photo_2025-11-03_20-39-19.jpg"
"366538_4";"BMW";"X3 E83";"2008";"КПП автоматическая (АКПП)";"530d";"дизель";"3.0";"D";"АКПП";"";"";"0";"0";"";"";"0";"6HP28";"Из Бельгии, с леворульного авто (не Англия). в хорошем состоянии, гарантия. Кпп 6HP-28, под джойстик, задний привод, снималась с авто с пробегом 360.000км.. M57D3 . Доставка по всей РБ, в РФ транспортными компаниями. Если не доступен звонить/пишите - Viber, WhatsApp, Telegram.";"0";"0";"Запчасть Захара";"450";"USD";"";"Брест";"+375(29)824-89-27 Viber WhatsApp Telegram";"";"";"https://d4.by/image/catalog/d4_img/1762128000/1762191766771_photo_2025-11-03_20-39-13.jpg,https://d4.by/image/catalog/d4_img/1762128000/1762191766773_photo_2025-11-03_20-39-15.jpg,https://d4.by/image/catalog/d4_img/1762128000/1762191766774_photo_2025-11-03_20-39-17.jpg,https://d4.by/image/catalog/d4_img/1762128000/1762191766775_photo_2025-11-03_20-39-19.jpg"
"366538_1";"BMW";"5 E60/E61";"2008";"КПП автоматическая (АКПП)";"530d";"дизель";"3.0";"D";"АКПП";"";"";"0";"0";"";"";"0";"6HP28";"Из Бельгии, с леворульного авто (не Англия). в хорошем состоянии, гарантия. Кпп 6HP-28, под джойстик, задний привод, снималась с авто с пробегом 360.000км.. M57D3 . Доставка по всей РБ, в РФ транспортными компаниями. Если не доступен звонить/пишите - Viber, WhatsApp, Telegram.";"0";"0";"Запчасть Захара";"450";"USD";"";"Брест";"+375(29)824-89-27 Viber WhatsApp Telegram";"";"";"https://d4.by/image/catalog/d4_img/1762128000/1762191766771_photo_2025-11-03_20-39-13.jpg,https://d4.by/image/catalog/d4_img/1762128000/1762191766773_photo_2025-11-03_20-39-15.jpg,https://d4.by/image/catalog/d4_img/1762128000/1762191766774_photo_2025-11-03_20-39-17.jpg,https://d4.by/image/catalog/d4_img/1762128000/1762191766775_photo_2025-11-03_20-39-19.jpg"
"366526_6";"BMW";"6 E63/E64";"2004";"КПП автоматическая (АКПП)";"530d";"дизель";"3.0";"D";"АКПП";"";"";"0";"0";"";"";"0";"6HP26";"Из Бельгии, с леворульного авто (не Англия). в хорошем состоянии, гарантия. Кпп 6HP-26,задний привод, снималась с авто с пробегом 290.000км.. M57D2 . Доставка по всей РБ, в РФ транспортными компаниями. Если не доступен звонить/пишите - Viber, WhatsApp, Telegram.";"0";"0";"Запчасть Захара";"300";"USD";"";"Брест";"+375(29)824-89-27 Viber WhatsApp Telegram";"";"";"https://d4.by/image/catalog/d4_img/1762128000/1762189988352_photo_2025-11-03_19-58-43.jpg,https://d4.by/image/catalog/d4_img/1762128000/1762189988351_photo_2025-11-03_19-57-47.jpg,https://d4.by/image/catalog/d4_img/1762128000/1762189988348_photo_2025-11-03_19-57-41.jpg"
"366526_5";"BMW";"3 E90/E91/E92/E93";"2004";"КПП автоматическая (АКПП)";"530d";"дизель";"3.0";"D";"АКПП";"";"";"0";"0";"";"";"0";"6HP26";"Из Бельгии, с леворульного авто (не Англия). в хорошем состоянии, гарантия. Кпп 6HP-26,задний привод, снималась с авто с пробегом 290.000км.. M57D2 . Доставка по всей РБ, в РФ транспортными компаниями. Если не доступен звонить/пишите - Viber, WhatsApp, Telegram.";"0";"0";"Запчасть Захара";"300";"USD";"";"Брест";"+375(29)824-89-27 Viber WhatsApp Telegram";"";"";"https://d4.by/image/catalog/d4_img/1762128000/1762189988352_photo_2025-11-03_19-58-43.jpg,https://d4.by/image/catalog/d4_img/1762128000/1762189988351_photo_2025-11-03_19-57-47.jpg,https://d4.by/image/catalog/d4_img/1762128000/1762189988348_photo_2025-11-03_19-57-41.jpg"
"366526_4";"BMW";"X3 E83";"2004";"КПП автоматическая (АКПП)";"530d";"дизель";"3.0";"D";"АКПП";"";"";"0";"0";"";"";"0";"6HP26";"Из Бельгии, с леворульного авто (не Англия). в хорошем состоянии, гарантия. Кпп 6HP-26,задний привод, снималась с авто с пробегом 290.000км.. M57D2 . Доставка по всей РБ, в РФ транспортными компаниями. Если не доступен звонить/пишите - Viber, WhatsApp, Telegram.";"0";"0";"Запчасть Захара";"300";"USD";"";"Брест";"+375(29)824-89-27 Viber WhatsApp Telegram";"";"";"https://d4.by/image/catalog/d4_img/1762128000/1762189988352_photo_2025-11-03_19-58-43.jpg,https://d4.by/image/catalog/d4_img/1762128000/1762189988351_photo_2025-11-03_19-57-47.jpg,https://d4.by/image/catalog/d4_img/1762128000/1762189988348_photo_2025-11-03_19-57-41.jpg"
"366526_1";"BMW";"5 E60/E61";"2004";"КПП автоматическая (АКПП)";"530d";"дизель";"3.0";"D";"АКПП";"";"";"0";"0";"";"";"0";"6HP26";"Из Бельгии, с леворульного авто (не Англия). в хорошем состоянии, гарантия. Кпп 6HP-26,задний привод, снималась с авто с пробегом 290.000км.. M57D2 . Доставка по всей РБ, в РФ транспортными компаниями. Если не доступен звонить/пишите - Viber, WhatsApp, Telegram.";"0";"0";"Запчасть Захара";"300";"USD";"";"Брест";"+375(29)824-89-27 Viber WhatsApp Telegram";"";"";"https://d4.by/image/catalog/d4_img/1762128000/1762189988352_photo_2025-11-03_19-58-43.jpg,https://d4.by/image/catalog/d4_img/1762128000/1762189988351_photo_2025-11-03_19-57-47.jpg,https://d4.by/image/catalog/d4_img/1762128000/1762189988348_photo_2025-11-03_19-57-41.jpg"
"366478";"Hyundai";"Sonata";"2002";"КПП автоматическая (АКПП)";"";"бензин";"2.7";"";"";"";"";"0";"0";"";"";"0";"n2mldp";"Без гарантии,  на запчасти ";"0";"0";"";"80";"USD";"";"";"";"";"";"https://d4.by/image/catalog/d4_img/1762128000/1762159624747_1762159618514840863573590891732.jpg,https://d4.by/image/catalog/d4_img/1762128000/1762159617777_17621596054446412650860709878321.jpg,https://d4.by/image/catalog/d4_img/1762128000/1762159604564_17621595980416917045545251719397.jpg,https://d4.by/image/catalog/d4_img/1762128000/1762159597088_17621595909625353204634125832765.jpg,https://d4.by/image/catalog/d4_img/1762128000/1762159590103_17621595842925866973540912831791.jpg,https://d4.by/image/catalog/d4_img/1762128000/1762159583575_17621595742523994760643540651100.jpg"
"356468";"Volkswagen";"Golf";"2006";"КПП автоматическая (АКПП)";"";"дизель";"1.9";"";"";"";"";"0";"0";"";"";"0";"HLH";"Из Бельгии. Гарантия на установку и проверку. DSG";"0";"0";"";"450";"USD";"";"";"";"";"";"https://d4.by/image/catalog/d4_img/1753833600/1753873235414_17538732299668980210608354568840.jpg,https://d4.by/image/catalog/d4_img/1753833600/1753873273802_1753873267710554726966491442432.jpg,https://d4.by/image/catalog/d4_img/1753833600/1753873281339_17538732747448382507849252333802.jpg,https://d4.by/image/catalog/d4_img/1753833600/1753873288509_17538732824128955354700451405732.jpg,https://d4.by/image/catalog/d4_img/1753833600/1753873300070_17538732894426295382989485180620.jpg,https://d4.by/image/catalog/d4_img/1753833600/1753873308504_1753873300947174597968901423085.jpg,https://d4.by/image/catalog/d4_img/1753833600/1753873314151_17538733095696014274254604953534.jpg"
"357216";"Renault";"Espace";"2008";"КПП автоматическая (АКПП)";"";"дизель";"2.0";"";"";"";"";"0";"0";"";"";"0";"1XK0D";"Из Бельгии. Гарантия на установку и проверку . ";"0";"0";"";"230";"USD";"";"";"";"";"";"https://d4.by/image/catalog/d4_img/1754352000/1754382637879_17543826324723813000969955153723.jpg,https://d4.by/image/catalog/d4_img/1754352000/1754382642943_17543826387524446388230283938970.jpg,https://d4.by/image/catalog/d4_img/1754352000/1754382649228_17543826439255089000146929282613.jpg,https://d4.by/image/catalog/d4_img/1754352000/1754382657296_17543826510552251060530960475395.jpg,https://d4.by/image/catalog/d4_img/1754352000/1754382663305_17543826582481571944503282293215.jpg"
"357390";"Volkswagen";"Caddy";"2012";"КПП автоматическая (АКПП)";"DSG";"дизель";"1.6";"";"";"";"";"0";"0";"";"";"0";"PWH";"Из Бельгии. Гарантия на установку и проверку ";"0";"0";"";"650";"USD";"";"";"";"";"";"https://d4.by/image/catalog/d4_img/1754438400/1754482675785_17544826706874093036196772359465.jpg,https://d4.by/image/catalog/d4_img/1754438400/1754482681152_17544826766854985082453516353855.jpg,https://d4.by/image/catalog/d4_img/1754438400/1754482686915_17544826820508418794529268813934.jpg,https://d4.by/image/catalog/d4_img/1754438400/1754482695434_17544826886057343386659092218526.jpg,https://d4.by/image/catalog/d4_img/1754438400/1754482702813_175448269645756138637510731600.jpg,https://d4.by/image/catalog/d4_img/1754438400/1754482712423_17544827063344796134943279708363.jpg,https://d4.by/image/catalog/d4_img/1754438400/1754482723422_17544827173707646383330660338593.jpg"
"357674";"Audi";"A6";"2006";"КПП автоматическая (АКПП)";"";"дизель";"3.0";"";"";"";"";"0";"0";"";"";"0";"flex3";"Из Бельгии. Гарантия на установку и проверку ";"0";"0";"";"450";"USD";"";"";"";"";"";"https://d4.by/image/catalog/d4_img/1754611200/1754658244335_17546582365275233452486371197196.jpg,https://d4.by/image/catalog/d4_img/1754611200/1754658249693_1754658245130530136817863520073.jpg,https://d4.by/image/catalog/d4_img/1754611200/1754658254123_17546582505427936793329107576440.jpg,https://d4.by/image/catalog/d4_img/1754611200/1754658259234_17546582550232861864586482488143.jpg,https://d4.by/image/catalog/d4_img/1754611200/1754658266143_17546582609845300285253403933541.jpg,https://d4.by/image/catalog/d4_img/1754611200/1754658273891_17546582676848934063054670545727.jpg,https://d4.by/image/catalog/d4_img/1754611200/1754658281209_17546582755964936997873789449470.jpg,https://d4.by/image/catalog/d4_img/1754611200/1754658292861_17546582827067797276819276458628.jpg"
"372717";"Mercedes";"A W168";"2001";"КПП автоматическая (АКПП)";"";"дизель";"1.7";"";"";"";"";"0";"0";"";"";"0";"A16837045,7227010";"Из Бельгии.  Гарантия на установку и проверку,  На 2 троса ";"0";"0";"";"700";"USD";"";"";"";"";"";"https://d4.by/image/catalog/d4_img/1767657600/1767697538006_17676975315086513752611200716328.jpg,https://d4.by/image/catalog/d4_img/1767657600/1767697530659_17676975171921926828060227312238.jpg,https://d4.by/image/catalog/d4_img/1767657600/1767697516291_17676975088085008046411413057467.jpg,https://d4.by/image/catalog/d4_img/1767657600/1767697507794_17676975010222726271805074080104.jpg,https://d4.by/image/catalog/d4_img/1767657600/1767697500199_17676974935262539384918737005698.jpg,https://d4.by/image/catalog/d4_img/1767657600/1767697549386_17676975442613545289243062293231.jpg,https://d4.by/image/catalog/d4_img/1767657600/1767697543379_17676975388158832714138392131476.jpg"
"372695";"Renault";"Scenic";"2000";"КПП автоматическая (АКПП)";"";"дизель";"1.9";"DTi";"";"";"";"0";"0";"";"";"0";"DP0009M";"Из Бельгии.  Гарантия на установку и проверку,  Обрезаны  фишки";"0";"0";"";"270";"USD";"";"";"";"";"";"https://d4.by/image/catalog/d4_img/1767657600/1767686819660_17676868119668586223997952609592.jpg,https://d4.by/image/catalog/d4_img/1767657600/1767686834697_17676868291872240745615803503498.jpg,https://d4.by/image/catalog/d4_img/1767657600/1767686842901_17676868355876613799206984140551.jpg,https://d4.by/image/catalog/d4_img/1767657600/1767686714367_1767686699868445147435957950997.jpg,https://d4.by/image/catalog/d4_img/1767657600/1767686767318_17676867600423458405953775194775.jpg,https://d4.by/image/catalog/d4_img/1767657600/1767686776828_17676867688591259139711450056754.jpg,https://d4.by/image/catalog/d4_img/1767657600/1767686782668_1767686777595827352230397740798.jpg,https://d4.by/image/catalog/d4_img/1767657600/1767686801979_17676867940044383761306768134968.jpg,https://d4.by/image/catalog/d4_img/1767657600/1767686811004_17676868028623226090547062388467.jpg,https://d4.by/image/catalog/d4_img/1767657600/1767686828218_17676868207051823688468360112044.jpg"
"358811";"Renault";"Laguna";"2008";"КПП автоматическая (АКПП)";"";"бензин";"2.0";"Ti";"";"";"";"0";"0";"";"";"0";"G7907,aj0007";"Из Бельгии. Гарантия на установку и проверку.";"0";"0";"";"920";"USD";"";"";"";"";"";"https://d4.by/image/catalog/d4_img/1755475200/1755504919849_17555049143593930382181755064988.jpg,https://d4.by/image/catalog/d4_img/1755475200/1755504895462_17555048908453093441194402191415.jpg,https://d4.by/image/catalog/d4_img/1755475200/1755504889970_1755504884888632690129832129403.jpg,https://d4.by/image/catalog/d4_img/1755475200/1755504901797_1755504896450820516918873926210.jpg,https://d4.by/image/catalog/d4_img/1755475200/1755504907799_175550490269977223650824070590.jpg,https://d4.by/image/catalog/d4_img/1755475200/1755504913440_17555049087656188933434463708823.jpg"
"358823";"Renault";"Laguna";"2010";"КПП автоматическая (АКПП)";"";"дизель";"2.0";"";"";"";"";"0";"0";"";"";"0";"AJ0004";"Из Бельгии. Гарантия на установку и проверку. ";"0";"0";"";"320";"USD";"";"";"";"";"";"https://d4.by/image/catalog/d4_img/1755475200/1755508851315_17555088465945058565206055287494.jpg,https://d4.by/image/catalog/d4_img/1755475200/1755508857204_17555088522425075906777932807154.jpg,https://d4.by/image/catalog/d4_img/1755475200/1755508863430_17555088587091676979556356101483.jpg,https://d4.by/image/catalog/d4_img/1755475200/1755508870201_17555088644797000853679383820674.jpg,https://d4.by/image/catalog/d4_img/1755475200/1755508877198_17555088711767564555716450861795.jpg,https://d4.by/image/catalog/d4_img/1755475200/1755508885077_17555088783033018996292289664174.jpg,https://d4.by/image/catalog/d4_img/1755475200/1755508891779_17555088861687707699654797414066.jpg"
"358825";"Toyota";"Yaris";"2001";"КПП автоматическая (АКПП)";"";"бензин";"1.3";"";"";"";"";"0";"0";"";"";"0";"30510052030";"Из Бельгии. Гарантия на установку и проверку. ";"0";"0";"";"200";"USD";"";"";"";"";"";"https://d4.by/image/catalog/d4_img/1755475200/1755510538223_17555105337894484414684363879892.jpg,https://d4.by/image/catalog/d4_img/1755475200/1755510544327_17555105391328653735377268172987.jpg,https://d4.by/image/catalog/d4_img/1755475200/1755510551284_17555105458402224963413254007897.jpg,https://d4.by/image/catalog/d4_img/1755475200/1755510559148_17555105540736173026236911859360.jpg,https://d4.by/image/catalog/d4_img/1755475200/1755510564447_17555105600068652004142129247535.jpg,https://d4.by/image/catalog/d4_img/1755475200/1755510571207_17555105660107872596079548273279.jpg"
"358836";"Peugeot";"607";"2005";"КПП автоматическая (АКПП)";"";"дизель";"2.7";"";"";"";"";"0";"0";"";"";"0";"9658033080";"Из Бельгии. Гарантия на установку и проверку ";"0";"0";"";"160";"USD";"";"";"";"";"";"https://d4.by/image/catalog/d4_img/1755475200/1755518980321_17555189747542201612931978137269.jpg,https://d4.by/image/catalog/d4_img/1755475200/1755518986126_17555189817982349989239947470749.jpg,https://d4.by/image/catalog/d4_img/1755475200/1755518991230_17555189869458863502869801014287.jpg,https://d4.by/image/catalog/d4_img/1755475200/1755518997354_17555189928124283558888958546717.jpg,https://d4.by/image/catalog/d4_img/1755475200/1755519003089_17555189988763323134966416581620.jpg,https://d4.by/image/catalog/d4_img/1755475200/1755519008533_17555190046673912406530250337884.jpg"
"372308";"Toyota";"Avensis";"2005";"КПП автоматическая (АКПП)";"";"бензин";"1.8";"";"";"";"";"0";"0";"";"";"0";"U341,4b14269";"Из Бельгии.  Гарантия на установку и проверку.";"0";"0";"";"600";"USD";"";"";"";"";"";"https://d4.by/image/catalog/d4_img/1766966400/1767018860586_1767018856211292904201369617449.jpg,https://d4.by/image/catalog/d4_img/1766966400/1767018855411_17670188473715881634096303328186.jpg,https://d4.by/image/catalog/d4_img/1766966400/1767018846489_17670188405296469966286950523429.jpg,https://d4.by/image/catalog/d4_img/1766966400/1767018839459_1767018833676849360112729706578.jpg,https://d4.by/image/catalog/d4_img/1766966400/1767018832805_17670188243592632938199413600346.jpg,https://d4.by/image/catalog/d4_img/1766966400/1767018823508_1767018816326359339883790366195.jpg,https://d4.by/image/catalog/d4_img/1766966400/1767018814750_17670188065685591535595211176045.jpg,https://d4.by/image/catalog/d4_img/1766966400/1767018767938_17670187603427139997968354050406.jpg,https://d4.by/image/catalog/d4_img/1766966400/1767018759585_17670187520703380748659763998819.jpg"
"372303";"Opel";"Vectra";"2005";"КПП автоматическая (АКПП)";"";"бензин";"2.2";"";"";"";"";"0";"0";"";"";"0";"AF23, TJ, 55556023A, 5550SN";"Из Бельгии.  Гарантия на установку и проверку ";"0";"0";"";"480";"USD";"";"";"";"";"";"https://d4.by/image/catalog/d4_img/1766966400/1767017457715_17670174518866119218180551002088.jpg,https://d4.by/image/catalog/d4_img/1766966400/1767017451001_17670174450377456903594340784757.jpg,https://d4.by/image/catalog/d4_img/1766966400/1767017444095_17670174350685959573794944981480.jpg,https://d4.by/image/catalog/d4_img/1766966400/1767017434204_17670174265483343051292895699041.jpg,https://d4.by/image/catalog/d4_img/1766966400/1767017425668_1767017421285950942744173878057.jpg,https://d4.by/image/catalog/d4_img/1766966400/1767017420508_17670174147356017333425442823752.jpg,https://d4.by/image/catalog/d4_img/1766966400/1767017413955_17670174094326409042557374133325.jpg,https://d4.by/image/catalog/d4_img/1766966400/1767017408602_17670173983775085713859879453298.jpg,https://d4.by/image/catalog/d4_img/1766966400/1767017397641_17670173911607199004543062439131.jpg"
"370965";"Audi";"A6";"2006";"КПП автоматическая (АКПП)";"";"дизель";"2.7";"";"";"";"";"0";"0";"";"";"0";"KGW";"Из Бельгии.  Гарантия на установку и проверку.  4*4";"0";"0";"";"400";"USD";"";"";"";"";"";"https://d4.by/image/catalog/d4_img/1765584000/1765634007517_17656340016037516872428285183655.jpg,https://d4.by/image/catalog/d4_img/1765584000/1765634014217_17656340082865308696347725534134.jpg,https://d4.by/image/catalog/d4_img/1765584000/1765634021773_17656340152385855805227184727373.jpg,https://d4.by/image/catalog/d4_img/1765584000/1765634030988_1765634023966472722843573694242.jpg,https://d4.by/image/catalog/d4_img/1765584000/1765634037078_17656340317656835130849241948390.jpg,https://d4.by/image/catalog/d4_img/1765584000/1765634043422_17656340380268914575755550948357.jpg"
"372002";"Mercedes";"Sprinter";"2016";"КПП автоматическая (АКПП)";"";"дизель";"2.2";"";"";"";"";"0";"0";"";"";"0";"7229081,9062709300";"Из Бельгии.  Гарантия на установку и проверку ";"0";"0";"";"800";"USD";"";"";"";"";"";"https://d4.by/image/catalog/d4_img/1766620800/1766668969634_17666689617665677859018880885952.jpg,https://d4.by/image/catalog/d4_img/1766620800/1766668976866_17666689704425178055773009654221.jpg,https://d4.by/image/catalog/d4_img/1766620800/1766668983206_17666689778512373366144255596128.jpg,https://d4.by/image/catalog/d4_img/1766620800/1766668991730_17666689840261684342853140936223.jpg"
"376881";"DAF";"XF";"2016";"КПП автоматическая (АКПП)";"";"дизель";"12.9";"";"АКПП";"";"";"0";"0";"";"";"0";"12as2540td";"Из Бельгии.  Гарантия на установку и проверку . Без ПГУ, без блока управления ";"0";"0";"";"1600";"USD";"";"";"";"";"";"https://d4.by/image/catalog/d4_img/1770249600/1770300431197_1770300424322787950287532246864.jpg,https://d4.by/image/catalog/d4_img/1770249600/1770300439363_17703004330511987904336844106550.jpg,https://d4.by/image/catalog/d4_img/1770249600/1770300448011_17703004412358130565161353403999.jpg,https://d4.by/image/catalog/d4_img/1770249600/1770300457172_1770300449331131123600340309470.jpg,https://d4.by/image/catalog/d4_img/1770249600/1770300465255_17703004582597495063601663458359.jpg,https://d4.by/image/catalog/d4_img/1770249600/1770300480240_1770300466227427696423717867182.jpg"
"377685";"Audi";"A4";"2021";"КПП автоматическая (АКПП)";"quattro";"бензин";"2.0";"";"";"";"";"0";"0";"";"";"0";"umw";"Из Бельгии.  Гарантия на установку и проверку . С двигателя DMT";"0";"0";"";"2000";"USD";"";"";"";"";"";"https://d4.by/image/catalog/d4_img/1770768000/1770809980480_17708099719001935255418701939319.jpg,https://d4.by/image/catalog/d4_img/1770768000/1770809986937_17708099813078093697555842631961.jpg,https://d4.by/image/catalog/d4_img/1770768000/1770809994831_1770809987739201031323888466617.jpg,https://d4.by/image/catalog/d4_img/1770768000/1770810002426_17708099957308519864997824652677.jpg,https://d4.by/image/catalog/d4_img/1770768000/1770810010968_17708100034703890447252865398989.jpg,https://d4.by/image/catalog/d4_img/1770768000/1770810019023_17708100118437602145482041917235.jpg,https://d4.by/image/catalog/d4_img/1770768000/1770810030208_177081001994325582271523302556.jpg"
"378785";"Chrysler";"Voyager";"1999";"КПП автоматическая (АКПП)";"";"бензин";"3.3";"";"";"";"";"0";"0";"";"";"0";"2104910";"Из Бельгии.  Гарантия на установку и проверку.  С двигателя TPTE,33FF, ";"0";"0";"";"360";"USD";"";"";"";"";"";"https://d4.by/image/catalog/d4_img/1771459200/1771498898347_17714988921178191914987471997924.jpg,https://d4.by/image/catalog/d4_img/1771459200/1771498906499_17714988992378103906580828967921.jpg,https://d4.by/image/catalog/d4_img/1771459200/1771498914605_17714989074925707542458667621522.jpg,https://d4.by/image/catalog/d4_img/1771459200/1771498920878_17714989154765429880943522606114.jpg,https://d4.by/image/catalog/d4_img/1771459200/1771498928941_1771498921776333376008494311837.jpg,https://d4.by/image/catalog/d4_img/1771459200/1771498937289_17714989299566164166939130499392.jpg"
"379722";"Citroen";"C5";"2008";"КПП автоматическая (АКПП)";"";"дизель";"2.0";"";"";"";"";"0";"0";"";"";"0";"20GK05";"Из Бельгии.  Гарантия на установку и проверку . ";"0";"0";"";"500";"USD";"";"";"";"";"";"https://d4.by/image/catalog/d4_img/1772064000/1772091346704_17720913407504903298749452487625.jpg,https://d4.by/image/catalog/d4_img/1772064000/1772091353521_1772091347491738339476837611485.jpg,https://d4.by/image/catalog/d4_img/1772064000/1772091361727_1772091354357114870239025535233.jpg,https://d4.by/image/catalog/d4_img/1772064000/1772091371696_17720913625556012883990631184773.jpg,https://d4.by/image/catalog/d4_img/1772064000/1772091380194_17720913727001698899233480119930.jpg,https://d4.by/image/catalog/d4_img/1772064000/1772091387098_17720913810246294045782055840298.jpg"
"381892_1";"Opel";"Omega";"2001";"КПП автоматическая (АКПП)";"";"бензин";"2.2";"";"АКПП";"";"";"0";"0";"";"";"0";"AR25,ZG,96024204,6181596,24430106";"Из Германии, в хорошем состоянии , ZG AR25, задний привод, гарантия. Предоставляем ГТД. Доставка по всей РБ, в РФ транспортными компаниями. Если не доступен звоните/пишите - Viber, WhatsApp, Telegram.";"0";"0";"Запчасть Захара";"420";"USD";"";"Брест";"+375(29) 824-89-27 Viber WhatsApp Telegram";"";"";"https://d4.by/image/catalog/d4_img/1773100800/1773176035367_IMG_1635.jpeg,https://d4.by/image/catalog/d4_img/1773100800/1773176035367_IMG_1636.jpeg,https://d4.by/image/catalog/d4_img/1773100800/1773176035366_IMG_1637.jpeg,https://d4.by/image/catalog/d4_img/1773100800/1773176035366_IMG_1643.jpeg,https://d4.by/image/catalog/d4_img/1773100800/1773176035366_IMG_1641.jpeg,https://d4.by/image/catalog/d4_img/1773100800/1773176035366_IMG_1640.jpeg,https://d4.by/image/catalog/d4_img/1773100800/1773176035366_IMG_1638.jpeg,https://d4.by/image/catalog/d4_img/1773100800/1773176035361_IMG_1639.jpeg"
"381894_1";"BMW";"M5 F90";"2019";"КПП автоматическая (АКПП)";"";"бензин";"4.4";"";"АКПП";"";"";"0";"0";"";"";"0";"GA8X76AZ,GA8HP76X,8HP76, S63B44B";"Из Германии, ZF 8hp76, пробег 52.000км., цена за КПП без раздатки,  минимально поврежден корпус в процессе транспортировки, гарантия. Подходит на S63B44B (X5M F95, X6M F96, F90, F91, F92 , F93). Предоставляем ГТД. Доставка по всей РБ, в РФ транспортными компаниями. Если не доступен звоните/пишите - Viber, WhatsApp, Telegram.";"0";"0";"Запчасть Захара";"1800";"USD";"";"Брест";"+375(29) 824-89-27 Viber WhatsApp Telegram";"";"";"https://d4.by/image/catalog/d4_img/1773100800/1773177651835_IMG_1796.jpeg,https://d4.by/image/catalog/d4_img/1773100800/1773177651835_IMG_1806.jpeg,https://d4.by/image/catalog/d4_img/1773100800/1773177651835_IMG_1808.jpeg,https://d4.by/image/catalog/d4_img/1773100800/1773177651835_IMG_1811.jpeg,https://d4.by/image/catalog/d4_img/1773100800/1773177651835_IMG_1810.jpeg,https://d4.by/image/catalog/d4_img/1773100800/1773177651835_IMG_1801.jpeg,https://d4.by/image/catalog/d4_img/1773100800/1773177651835_IMG_1800.jpeg,https://d4.by/image/catalog/d4_img/1773100800/1773177651835_IMG_1799.jpeg,https://d4.by/image/catalog/d4_img/1773100800/1773177651835_IMG_1798.jpeg,https://d4.by/image/catalog/d4_img/1773100800/1773177651835_IMG_1797.jpeg,https://d4.by/image/catalog/d4_img/1773100800/1773177651828_IMG_1795.jpeg,https://d4.by/image/catalog/d4_img/1773100800/1773177651835_IMG_1805.jpeg"
"381894_2";"BMW";"X5 M F95";"2019";"КПП автоматическая (АКПП)";"";"бензин";"4.4";"";"АКПП";"";"";"0";"0";"";"";"0";"GA8X76AZ,GA8HP76X,8HP76, S63B44B";"Из Германии, ZF 8hp76, пробег 52.000км., цена за КПП без раздатки,  минимально поврежден корпус в процессе транспортировки, гарантия. Подходит на S63B44B (X5M F95, X6M F96, F90, F91, F92 , F93). Предоставляем ГТД. Доставка по всей РБ, в РФ транспортными компаниями. Если не доступен звоните/пишите - Viber, WhatsApp, Telegram.";"0";"0";"Запчасть Захара";"1800";"USD";"";"Брест";"+375(29) 824-89-27 Viber WhatsApp Telegram";"";"";"https://d4.by/image/catalog/d4_img/1773100800/1773177769141_IMG_1795.jpeg,https://d4.by/image/catalog/d4_img/1773100800/1773177769143_IMG_1806.jpeg,https://d4.by/image/catalog/d4_img/1773100800/1773177769143_IMG_1808.jpeg,https://d4.by/image/catalog/d4_img/1773100800/1773177769143_IMG_1810.jpeg,https://d4.by/image/catalog/d4_img/1773100800/1773177769143_IMG_1811.jpeg,https://d4.by/image/catalog/d4_img/1773100800/1773177769143_IMG_1802.jpeg,https://d4.by/image/catalog/d4_img/1773100800/1773177769142_IMG_1801.jpeg,https://d4.by/image/catalog/d4_img/1773100800/1773177769142_IMG_1800.jpeg,https://d4.by/image/catalog/d4_img/1773100800/1773177769142_IMG_1799.jpeg,https://d4.by/image/catalog/d4_img/1773100800/1773177769142_IMG_1798.jpeg,https://d4.by/image/catalog/d4_img/1773100800/1773177769141_IMG_1797.jpeg,https://d4.by/image/catalog/d4_img/1773100800/1773177769141_IMG_1796.jpeg,https://d4.by/image/catalog/d4_img/1773100800/1773177769143_IMG_1805.jpeg"
"381894_3";"BMW";"X6 M F96";"2019";"КПП автоматическая (АКПП)";"";"бензин";"4.4";"";"АКПП";"";"";"0";"0";"";"";"0";"GA8X76AZ,GA8HP76X,8HP76, S63B44B";"Из Германии, ZF 8hp76, пробег 52.000км., цена за КПП без раздатки,  минимально поврежден корпус в процессе транспортировки, гарантия. Подходит на S63B44B (X5M F95, X6M F96, F90, F91, F92 , F93). Предоставляем ГТД. Доставка по всей РБ, в РФ транспортными компаниями. Если не доступен звоните/пишите - Viber, WhatsApp, Telegram.";"0";"0";"Запчасть Захара";"1800";"USD";"";"Брест";"+375(29) 824-89-27 Viber WhatsApp Telegram";"";"";"https://d4.by/image/catalog/d4_img/1773100800/1773177812468_IMG_1795.jpeg,https://d4.by/image/catalog/d4_img/1773100800/1773177812469_IMG_1810.jpeg,https://d4.by/image/catalog/d4_img/1773100800/1773177812469_IMG_1808.jpeg,https://d4.by/image/catalog/d4_img/1773100800/1773177812469_IMG_1805.jpeg,https://d4.by/image/catalog/d4_img/1773100800/1773177812469_IMG_1806.jpeg,https://d4.by/image/catalog/d4_img/1773100800/1773177812469_IMG_1802.jpeg,https://d4.by/image/catalog/d4_img/1773100800/1773177812469_IMG_1801.jpeg,https://d4.by/image/catalog/d4_img/1773100800/1773177812469_IMG_1800.jpeg,https://d4.by/image/catalog/d4_img/1773100800/1773177812468_IMG_1799.jpeg,https://d4.by/image/catalog/d4_img/1773100800/1773177812468_IMG_1798.jpeg,https://d4.by/image/catalog/d4_img/1773100800/1773177812468_IMG_1797.jpeg,https://d4.by/image/catalog/d4_img/1773100800/1773177812468_IMG_1796.jpeg,https://d4.by/image/catalog/d4_img/1773100800/1773177812469_IMG_1811.jpeg"
"381894_4";"BMW";"M8";"2019";"КПП автоматическая (АКПП)";"";"бензин";"4.4";"";"АКПП";"";"";"0";"0";"";"";"0";"GA8X76AZ,GA8HP76X,8HP76, S63B44B";"Из Германии, ZF 8hp76, пробег 52.000км., цена за КПП без раздатки,  минимально поврежден корпус в процессе транспортировки, гарантия. Подходит на S63B44B (X5M F95, X6M F96, F90, F91, F92 , F93). Предоставляем ГТД. Доставка по всей РБ, в РФ транспортными компаниями. Если не доступен звоните/пишите - Viber, WhatsApp, Telegram.";"0";"0";"Запчасть Захара";"1800";"USD";"";"Брест";"+375(29) 824-89-27 Viber WhatsApp Telegram";"";"";"https://d4.by/image/catalog/d4_img/1773100800/1773177863147_IMG_1795.jpeg,https://d4.by/image/catalog/d4_img/1773100800/1773177863149_IMG_1810.jpeg,https://d4.by/image/catalog/d4_img/1773100800/1773177863149_IMG_1808.jpeg,https://d4.by/image/catalog/d4_img/1773100800/1773177863149_IMG_1806.jpeg,https://d4.by/image/catalog/d4_img/1773100800/1773177863149_IMG_1805.jpeg,https://d4.by/image/catalog/d4_img/1773100800/1773177863149_IMG_1802.jpeg,https://d4.by/image/catalog/d4_img/1773100800/1773177863148_IMG_1801.jpeg,https://d4.by/image/catalog/d4_img/1773100800/1773177863148_IMG_1800.jpeg,https://d4.by/image/catalog/d4_img/1773100800/1773177863148_IMG_1799.jpeg,https://d4.by/image/catalog/d4_img/1773100800/1773177863148_IMG_1798.jpeg,https://d4.by/image/catalog/d4_img/1773100800/1773177863148_IMG_1797.jpeg,https://d4.by/image/catalog/d4_img/1773100800/1773177863148_IMG_1796.jpeg,https://d4.by/image/catalog/d4_img/1773100800/1773177863149_IMG_1811.jpeg"
"381898_1";"BMW";"M5 F90";"2019";"КПП автоматическая (АКПП)";"";"бензин";"4.4";"";"АКПП";"";"";"0";"0";"";"";"0";"8747764,874776401,13744010,137440,ATC13";"Из Германии,  ATC13-1,  пробег 52.000км., цена за раздатку без эл блока управления, гарантия. Подходит на S63B44B / S58B30 (x3m, x4m, X5M F95, X6M F96, F90, F91, F92 , F93). Предоставляем ГТД. Доставка по всей РБ, в РФ транспортными компаниями. Если не доступен звоните/пишите - Viber, WhatsApp, Telegram.";"0";"0";"Запчасть Захара";"800";"USD";"";"Брест";"+375(29) 824-89-27 Viber WhatsApp Telegram";"";"";"https://d4.by/image/catalog/d4_img/1773100800/1773178533427_Used-2023-BMW-XM-1737623476.jpg,https://d4.by/image/catalog/d4_img/1773100800/1773178533426_photo_2026-03-11_00-23-15.jpg,https://d4.by/image/catalog/d4_img/1773100800/1773178533425_photo_2026-03-11_00-23-05.jpg,https://d4.by/image/catalog/d4_img/1773100800/1773178533422_photo_2026-03-11_00-23-03.jpg"
"381898_2";"BMW";"X5 M F95";"2019";"КПП автоматическая (АКПП)";"";"бензин";"4.4";"";"АКПП";"";"";"0";"0";"";"";"0";"8747764,874776401,13744010,137440,ATC13";"Из Германии,  ATC13-1,  пробег 52.000км., цена за раздатку без эл блока управления, гарантия. Подходит на S63B44B / S58B30 (x3m, x4m, X5M F95, X6M F96, F90, F91, F92 , F93). Предоставляем ГТД. Доставка по всей РБ, в РФ транспортными компаниями. Если не доступен звоните/пишите - Viber, WhatsApp, Telegram.";"0";"0";"Запчасть Захара";"800";"USD";"";"Брест";"+375(29) 824-89-27 Viber WhatsApp Telegram";"";"";"https://d4.by/image/catalog/d4_img/1773100800/1773178533427_Used-2023-BMW-XM-1737623476.jpg,https://d4.by/image/catalog/d4_img/1773100800/1773178533426_photo_2026-03-11_00-23-15.jpg,https://d4.by/image/catalog/d4_img/1773100800/1773178533425_photo_2026-03-11_00-23-05.jpg,https://d4.by/image/catalog/d4_img/1773100800/1773178533422_photo_2026-03-11_00-23-03.jpg"
"381898_3";"BMW";"X6 M F96";"2019";"КПП автоматическая (АКПП)";"";"бензин";"4.4";"";"АКПП";"";"";"0";"0";"";"";"0";"8747764,874776401,13744010,137440,ATC13";"Из Германии,  ATC13-1,  пробег 52.000км., цена за раздатку без эл блока управления, гарантия. Подходит на S63B44B / S58B30 (x3m, x4m, X5M F95, X6M F96, F90, F91, F92 , F93). Предоставляем ГТД. Доставка по всей РБ, в РФ транспортными компаниями. Если не доступен звоните/пишите - Viber, WhatsApp, Telegram.";"0";"0";"Запчасть Захара";"800";"USD";"";"Брест";"+375(29) 824-89-27 Viber WhatsApp Telegram";"";"";"https://d4.by/image/catalog/d4_img/1773100800/1773178533427_Used-2023-BMW-XM-1737623476.jpg,https://d4.by/image/catalog/d4_img/1773100800/1773178533426_photo_2026-03-11_00-23-15.jpg,https://d4.by/image/catalog/d4_img/1773100800/1773178533425_photo_2026-03-11_00-23-05.jpg,https://d4.by/image/catalog/d4_img/1773100800/1773178533422_photo_2026-03-11_00-23-03.jpg"
"381898_4";"BMW";"M8";"2019";"КПП автоматическая (АКПП)";"";"бензин";"4.4";"";"АКПП";"";"";"0";"0";"";"";"0";"8747764,874776401,13744010,137440,ATC13";"Из Германии,  ATC13-1,  пробег 52.000км., цена за раздатку без эл блока управления, гарантия. Подходит на S63B44B / S58B30 (x3m, x4m, X5M F95, X6M F96, F90, F91, F92 , F93). Предоставляем ГТД. Доставка по всей РБ, в РФ транспортными компаниями. Если не доступен звоните/пишите - Viber, WhatsApp, Telegram.";"0";"0";"Запчасть Захара";"800";"USD";"";"Брест";"+375(29) 824-89-27 Viber WhatsApp Telegram";"";"";"https://d4.by/image/catalog/d4_img/1773100800/1773178533427_Used-2023-BMW-XM-1737623476.jpg,https://d4.by/image/catalog/d4_img/1773100800/1773178533426_photo_2026-03-11_00-23-15.jpg,https://d4.by/image/catalog/d4_img/1773100800/1773178533425_photo_2026-03-11_00-23-05.jpg,https://d4.by/image/catalog/d4_img/1773100800/1773178533422_photo_2026-03-11_00-23-03.jpg"
"381898_5";"BMW";"X3 M F97";"2019";"КПП автоматическая (АКПП)";"";"бензин";"4.4";"";"АКПП";"";"";"0";"0";"";"";"0";"8747764,874776401,13744010,137440,ATC13";"Из Германии,  ATC13-1,  пробег 52.000км., цена за раздатку без эл блока управления, гарантия. Подходит на S63B44B / S58B30 (x3m, x4m, X5M F95, X6M F96, F90, F91, F92 , F93). Предоставляем ГТД. Доставка по всей РБ, в РФ транспортными компаниями. Если не доступен звоните/пишите - Viber, WhatsApp, Telegram.";"0";"0";"Запчасть Захара";"800";"USD";"";"Брест";"+375(29) 824-89-27 Viber WhatsApp Telegram";"";"";"https://d4.by/image/catalog/d4_img/1773100800/1773178533427_Used-2023-BMW-XM-1737623476.jpg,https://d4.by/image/catalog/d4_img/1773100800/1773178533426_photo_2026-03-11_00-23-15.jpg,https://d4.by/image/catalog/d4_img/1773100800/1773178533425_photo_2026-03-11_00-23-05.jpg,https://d4.by/image/catalog/d4_img/1773100800/1773178533422_photo_2026-03-11_00-23-03.jpg"
"381898_6";"BMW";"X4 M F98";"2019";"КПП автоматическая (АКПП)";"";"бензин";"4.4";"";"АКПП";"";"";"0";"0";"";"";"0";"8747764,874776401,13744010,137440,ATC13";"Из Германии,  ATC13-1,  пробег 52.000км., цена за раздатку без эл блока управления, гарантия. Подходит на S63B44B / S58B30 (x3m, x4m, X5M F95, X6M F96, F90, F91, F92 , F93). Предоставляем ГТД. Доставка по всей РБ, в РФ транспортными компаниями. Если не доступен звоните/пишите - Viber, WhatsApp, Telegram.";"0";"0";"Запчасть Захара";"800";"USD";"";"Брест";"+375(29) 824-89-27 Viber WhatsApp Telegram";"";"";"https://d4.by/image/catalog/d4_img/1773100800/1773178747516_IMG_1811.jpeg,https://d4.by/image/catalog/d4_img/1773100800/1773178747519_IMG_1808.jpeg,https://d4.by/image/catalog/d4_img/1773100800/1773178747519_IMG_1804.jpeg,https://d4.by/image/catalog/d4_img/1773100800/1773178747519_IMG_1803.jpeg,https://d4.by/image/catalog/d4_img/1773100800/1773178747519_IMG_1802.jpeg"
"382331";"Chrysler";"Voyager";"1998";"КПП автоматическая (АКПП)";"";"бензин";"3.3";"";"";"";"";"0";"0";"";"";"0";"534784,K851,3296";"Из Бельгии.  Гарантия на установку и проверку . Подгнила задняя  железная крышка";"0";"0";"";"300";"USD";"";"";"";"";"";"https://d4.by/image/catalog/d4_img/1773360000/1773387002822_17733869963504739736110023574843.jpg,https://d4.by/image/catalog/d4_img/1773360000/1773387009700_17733870036892703729026881710913.jpg,https://d4.by/image/catalog/d4_img/1773360000/1773387018887_1773387010471759408150190703705.jpg,https://d4.by/image/catalog/d4_img/1773360000/1773387026551_17733870199916684179887910095400.jpg,https://d4.by/image/catalog/d4_img/1773360000/1773387033603_17733870274548380002716648092712.jpg,https://d4.by/image/catalog/d4_img/1773360000/1773387041026_17733870354261503106309304891289.jpg"
"382367";"Volkswagen";"Golf";"2002";"КПП автоматическая (АКПП)";"";"дизель";"1.9";"";"";"";"";"0";"0";"";"";"0";"FYP";"Из Бельгии.  Гарантия на установку и проверку.  ";"0";"0";"";"400";"USD";"";"";"";"";"";"https://d4.by/image/catalog/d4_img/1773360000/1773393644090_17733936353751422370534705536031.jpg,https://d4.by/image/catalog/d4_img/1773360000/1773393650386_17733936448663128930784959976878.jpg,https://d4.by/image/catalog/d4_img/1773360000/1773393656956_17733936511912723012554802411326.jpg,https://d4.by/image/catalog/d4_img/1773360000/1773393664091_17733936577886611028121491750093.jpg,https://d4.by/image/catalog/d4_img/1773360000/1773393672781_17733936651768900703512337540585.jpg"
"53223270";"Peugeot";"Partner";"1997";"КПП механическая (МКПП)";"";"дизель";"1.9";"D";"";"";"";"";"";"";"";"";"20tb13";"Из Бельгии, не большой пробег ";"0";"0";"";"36";"USD";"";"";"";"";"";"https://d4.by/image/catalog/i/dg/bg/c4123dcd6ec7047fb8b94c48a589bb04.jpg"
"53223091";"Suzuki";"Liana";"2004";"КПП механическая (МКПП)";"";"дизель";"1.4";"DDiS";"";"";"";"";"";"";"";"";"20dm82";"Из Бельгии, не большой пробег";"0";"0";"";"62";"USD";"";"";"";"";"";"https://d4.by/image/catalog/i/cb/lh/cfad29fd1906bb06b574d583b509b67e.jpg"
"52299238";"Mazda";"3";"2004";"КПП механическая (МКПП)";"";"дизель";"1.6";"";"";"";"";"0";"0";"";"";"0";"6m5r7002yc";"Из Бельгии, хорошее состояние ";"0";"0";"";"21";"USD";"";"";"";"";"";"https://d4.by/image/catalog/i/jn/ff/54a4bb7a7d2d77699274b303dac3b4c2.jpg,https://d4.by/image/catalog/i/jn/ff/ad786fd1cd5e9ace2437a36152358390.jpg"
"49875243";"Kia";"Picanto";"2009";"КПП механическая (МКПП)";"";"дизель";"1.1";"CRDi";"";"";"";"";"";"";"";"";"R62073";"Из Бельгии, не большой пробег ";"0";"0";"";"81";"USD";"";"";"";"";"";"https://d4.by/image/catalog/i/ik/bh/5fbaaf7f0b08a81901e78da4f04d3dc0.jpg"
"49874881";"Mazda";"2";"2009";"КПП механическая (МКПП)";"";"бензин";"1.3";"";"";"";"";"";"";"";"";"";"";"Из Бельгии, не большой пробег  ";"0";"0";"";"60";"USD";"";"";"";"";"";"https://d4.by/image/catalog/i/eb/mg/c8eb7725473270c61c2e48a301f26a07.jpg"
"251652";"Hyundai";"Terracan";"2004";"КПП механическая (МКПП)";"";"дизель";"2.9";"CRDi";"";"";"";"0";"0";"";"";"0";"";"Из Бельгии,гарантия на проверку и установку ";"0";"0";"";"90";"USD";"";"";"";"";"";"https://d4.by/image/catalog/d4_img/1661212800/1661259059735_16612590551366551942538774217445.jpg,https://d4.by/image/catalog/d4_img/1661212800/1661259072631_16612590680594644487594466942093.jpg,https://d4.by/image/catalog/d4_img/1661212800/1661259066239_16612590615638920047500708214595.jpg"
"219134";"Citroen";"Xantia";"1997";"КПП механическая (МКПП)";"";"дизель";"1.9";"TD";"";"универсал";"";"0";"0";"";"";"0";"20cl51";"Гарантия на проверку и установку ";"0";"0";"";"32";"USD";"";"";"";"";"";"https://d4.by/image/catalog/d4_img/1643673600/1643710121539_16437101132314937440346324667853.jpg,https://d4.by/image/catalog/d4_img/1643673600/1643710111036_1643710099580554360433853488546.jpg,https://d4.by/image/catalog/d4_img/1643673600/1643710097406_16437100886543842936875205553983.jpg"
"197737";"Rover";"600";"1994";"КПП механическая (МКПП)";"";"бензин";"2.3";"";"";"";"";"0";"0";"";"";"0";"";"Нюанс на фото, гарантия на проверку и установку ";"0";"0";"";"41";"USD";"";"";"";"";"";"https://d4.by/image/catalog/d4_img/1631059200/1631087681287_16310876740355795304958889271567.jpg,https://d4.by/image/catalog/d4_img/1631059200/1631087699639_16310876918847860553486377588240.jpg,https://d4.by/image/catalog/d4_img/1631059200/1631087672337_16310876647925536130345964843907.jpg,https://d4.by/image/catalog/d4_img/1631059200/1631087689645_1631087683237612362573326030787.jpg"
"269938";"Volkswagen";"Jetta";"2007";"КПП механическая (МКПП)";"";"дизель";"2.0";"TDi";"";"";"";"0";"0";"";"";"0";"";"Из Бельгии люфт вала ";"0";"0";"";"27";"USD";"";"";"";"";"";"https://d4.by/image/catalog/d4_img/1678147200/1678187925761_16781879183816870781329974115009.jpg,https://d4.by/image/catalog/d4_img/1678147200/1678187944095_1678187927338972856880788340187.jpg"
"48892521";"Hyundai";"i20";"2009";"КПП механическая (МКПП)";"";"дизель";"1.4";"CRDi";"";"";"";"";"";"";"";"";"Wbm6a";"Из Бельгии, не большой пробег,";"0";"0";"";"100";"USD";"";"";"";"";"";"https://d4.by/image/catalog/i/bh/ce/ddbf55b308e03ffde63b69ac13906dbb.jpg"
"48892332";"Kia";"Picanto";"2011";"КПП механическая (МКПП)";"";"дизель";"1.1";"CRDi";"";"";"";"";"";"";"";"";"";"Из Бельгии, не большой пробег ";"0";"0";"";"81";"USD";"";"";"";"";"";"https://d4.by/image/catalog/i/oo/ea/7bb4a583b607bcf33ca45e940ff2697b.jpg"
"269930";"Hyundai";"Lantra";"1999";"КПП механическая (МКПП)";"";"дизель";"1.9";"";"";"";"";"0";"0";"";"";"0";"Jv2073";"Из Бельгии гарантия на проверку и установку";"0";"0";"";"68";"USD";"";"";"";"";"";"https://d4.by/image/catalog/d4_img/1678147200/1678186350879_16781863430249056300300392774235.jpg,https://d4.by/image/catalog/d4_img/1678147200/1678186363276_16781863561414967386734945894748.jpg,https://d4.by/image/catalog/d4_img/1678147200/1678186372966_16781863656524201744373128813124.jpg,https://d4.by/image/catalog/d4_img/1678147200/1678186380681_16781863746177284396090935798201.jpg"
"365204";"Fiat";"Ducato";"1997";"КПП механическая (МКПП)";"";"дизель";"2.5";"";"";"";"";"0";"0";"";"";"0";"20km19";"Гарантия на установку и проверку ";"0";"0";"";"500";"USD";"";"";"";"";"";"https://d4.by/image/catalog/d4_img/1760918400/1760958460841_17609584550081245594519180882420.jpg,https://d4.by/image/catalog/d4_img/1760918400/1760958466653_17609584615814736909420468295140.jpg,https://d4.by/image/catalog/d4_img/1760918400/1760958480187_17609584675632589125552531570291.jpg,https://d4.by/image/catalog/d4_img/1760918400/1760958486085_1760958481266734024526790015577.jpg,https://d4.by/image/catalog/d4_img/1760918400/1760958494411_17609584868512610930287038945779.jpg,https://d4.by/image/catalog/d4_img/1760918400/1760958500999_17609584953013667574043606286229.jpg"
"47787111";"Volvo";"V40";"2001";"КПП механическая (МКПП)";"";"бензин";"1.8";"";"";"";"";"";"";"";"";"";"";"Из Бельгии, не большой пробег,";"0";"0";"";"41";"USD";"";"";"";"";"";"https://d4.by/image/catalog/i/ph/ib/c020dcd23bc6fcea7e65cd7ee0312612.jpg"
"198308";"Volkswagen";"Golf";"2003";"КПП механическая (МКПП)";"";"бензин";"2.0";"";"";"";"";"0";"0";"";"";"0";"EWN";"Из Германии, не большой пробег, гарантия на проверку и установку ,цена без редуктора";"0";"0";"";"200";"USD";"";"";"";"";"";"https://d4.by/image/catalog/d4_img/1631491200/1631518051323_16315180427954565815238458810405.jpg,https://d4.by/image/catalog/d4_img/1631491200/1631518073538_16315180671637980929552356604305.jpg,https://d4.by/image/catalog/d4_img/1631491200/1631518065361_16315180566328187382957891396230.jpg"
"47453970";"Hyundai";"i10";"2009";"КПП механическая (МКПП)";"";"дизель";"1.1";"CRDi";"";"";"";"";"";"";"";"";"";"Из Бельгии, не большой пробег ";"0";"0";"";"94";"USD";"";"";"";"";"";"https://d4.by/image/catalog/i/mg/on/15bc99f5817f84acae97bb7a7dad79bc.jpg"
"47452781";"SsangYong";"Actyon";"2006";"КПП механическая (МКПП)";"";"дизель";"2.0";"CDi";"";"";"";"";"";"";"";"";"";"Из Бельгии, не большой пробег,";"0";"0";"";"120";"USD";"";"";"";"";"";"https://d4.by/image/catalog/i/oi/ig/c326fd3aacd05050bd2c8e8bc4554dbc.jpg,https://d4.by/image/catalog/i/oi/ig/37ddbe2c37e0b93a5ac2e75e99d8709a.jpg"
"47452134";"Kia";"Cerato";"2006";"КПП механическая (МКПП)";"";"дизель";"1.5";"CRDi";"";"";"";"";"";"";"";"";"P41767";"Из Бельгии, не большой пробег ";"0";"0";"";"27";"USD";"";"";"";"";"";"https://d4.by/image/catalog/i/pk/ob/a020a77d71c2ded43d897ab0d807758b.jpg"
"181281";"Citroen";"C3 Picasso";"2010";"КПП механическая (МКПП)";"";"дизель";"1.6";"HDi";"";"";"";"0";"0";"";"";"0";"20dp58";"Из Бельгии, не большой пробег ";"0";"0";"";"48";"USD";"";"";"";"";"";"https://d4.by/image/catalog/d4_img/1617408000/1617439511685_16174395058807983272186777393868.jpg"
"46923712";"Kia";"Picanto";"2005";"КПП механическая (МКПП)";"";"бензин";"1.1";"";"";"";"";"";"";"";"";"";"M51671";"Из Бельгии, не большой пробег ";"0";"0";"";"41";"USD";"";"";"";"";"";"https://d4.by/image/catalog/i/gp/im/f366dfeddfa6a1e4ecc1e24c8ea3c124.jpg"
"365102";"Peugeot";"Boxer";"2008";"КПП механическая (МКПП)";"";"дизель";"2.2";"";"";"";"";"0";"0";"";"";"0";"20GP17";"Гарантия на установку и проверку.  Небольшой  люфтик кулисы. 6 мкпп";"0";"0";"";"900";"USD";"";"";"";"";"";"https://d4.by/image/catalog/d4_img/1760745600/1760773105690_1760773098968421645736521816267.jpg,https://d4.by/image/catalog/d4_img/1760745600/1760773115032_17607731064258961172996968744291.jpg,https://d4.by/image/catalog/d4_img/1760745600/1760773124240_17607731159551364515953691735038.jpg,https://d4.by/image/catalog/d4_img/1760745600/1760773136221_17607731272418492653830963809119.jpg,https://d4.by/image/catalog/d4_img/1760745600/1760773144515_17607731370654819356442991850188.jpg,https://d4.by/image/catalog/d4_img/1760745600/1760773155281_17607731453797896045817490850645.jpg,https://d4.by/image/catalog/d4_img/1760745600/1760773162877_17607731561093462936816758754847.jpg"
"222588";"Renault";"Megane";"2004";"КПП механическая (МКПП)";"";"бензин";"2.0";"Ti";"";"";"";"0";"0";"";"";"0";"Nd0009";"Из Бельгии не большой пробег гарантия на проверку и установку ";"0";"0";"";"45";"USD";"";"";"";"";"";"https://d4.by/image/catalog/d4_img/1645574400/1645601673594_16456016621874578310601563375573.jpg,https://d4.by/image/catalog/d4_img/1645574400/1645601660505_16456016533216640513345252911286.jpg,https://d4.by/image/catalog/d4_img/1645574400/1645601651324_16456016449608955137932698400360.jpg"
"376219_3";"Nissan";"Primastar";"2008";"КПП механическая (МКПП)";"";"дизель";"2.0";"";"";"";"";"0";"0";"";"";"0";"pf6010";"Из Бельгии.  Гарантия на установку и проверку,  ";"0";"0";"";"350";"USD";"";"";"";"";"";"https://d4.by/image/catalog/d4_img/1769817600/1769845760500_17698457556104267602500020982280.jpg,https://d4.by/image/catalog/d4_img/1769817600/1769845754820_17698457467505086268295145352271.jpg,https://d4.by/image/catalog/d4_img/1769817600/1769845745735_17698457374382685895782141492600.jpg,https://d4.by/image/catalog/d4_img/1769817600/1769845735580_17698457280793667279496497827246.jpg,https://d4.by/image/catalog/d4_img/1769817600/1769845727200_17698457207741618064595900103652.jpg,https://d4.by/image/catalog/d4_img/1769817600/1769845719876_17698457083993041620415195986973.jpg"
"365025";"Renault";"Scenic";"1998";"КПП механическая (МКПП)";"";"бензин";"1.6";"";"";"";"";"0";"0";"";"";"0";"Jb3916";"Гарантия на установку и проверку ";"0";"0";"";"115";"USD";"";"";"";"";"";"https://d4.by/image/catalog/d4_img/1760659200/1760698724363_1760698717964109185054869947677.jpg,https://d4.by/image/catalog/d4_img/1760659200/1760698730429_17606987250878187777592726417593.jpg,https://d4.by/image/catalog/d4_img/1760659200/1760698743451_17606987312207749407812420653344.jpg,https://d4.by/image/catalog/d4_img/1760659200/1760698759895_17606987442908329715558789609641.jpg,https://d4.by/image/catalog/d4_img/1760659200/1760698766741_17606987606871999598031317033311.jpg,https://d4.by/image/catalog/d4_img/1760659200/1760698774991_17606987675172075973509967070540.jpg"
"376219_2";"Renault";"Trafic";"2008";"КПП механическая (МКПП)";"";"дизель";"2.0";"";"";"";"";"0";"0";"";"";"0";"pf6010";"Из Бельгии.  Гарантия на установку и проверку,  ";"0";"0";"";"350";"USD";"";"";"";"";"";"https://d4.by/image/catalog/d4_img/1769817600/1769845760500_17698457556104267602500020982280.jpg,https://d4.by/image/catalog/d4_img/1769817600/1769845754820_17698457467505086268295145352271.jpg,https://d4.by/image/catalog/d4_img/1769817600/1769845745735_17698457374382685895782141492600.jpg,https://d4.by/image/catalog/d4_img/1769817600/1769845735580_17698457280793667279496497827246.jpg,https://d4.by/image/catalog/d4_img/1769817600/1769845727200_17698457207741618064595900103652.jpg,https://d4.by/image/catalog/d4_img/1769817600/1769845719876_17698457083993041620415195986973.jpg"
"376219_1";"Opel";"Vivaro";"2008";"КПП механическая (МКПП)";"";"дизель";"2.0";"";"";"";"";"0";"0";"";"";"0";"pf6010";"Из Бельгии.  Гарантия на установку и проверку,  ";"0";"0";"";"350";"USD";"";"";"";"";"";"https://d4.by/image/catalog/d4_img/1769817600/1769845760500_17698457556104267602500020982280.jpg,https://d4.by/image/catalog/d4_img/1769817600/1769845754820_17698457467505086268295145352271.jpg,https://d4.by/image/catalog/d4_img/1769817600/1769845745735_17698457374382685895782141492600.jpg,https://d4.by/image/catalog/d4_img/1769817600/1769845735580_17698457280793667279496497827246.jpg,https://d4.by/image/catalog/d4_img/1769817600/1769845727200_17698457207741618064595900103652.jpg,https://d4.by/image/catalog/d4_img/1769817600/1769845719876_17698457083993041620415195986973.jpg"
"237864";"Opel";"Zafira";"2013";"КПП механическая (МКПП)";"";"бензин";"1.8";"";"";"";"";"0";"0";"";"";"0";"Bmd4176";"Гарантия на проверку и установку ";"0";"0";"";"300";"USD";"";"";"";"";"";"https://d4.by/image/catalog/d4_img/1653436800/1653459700495_16534596926764653630687167997189.jpg,https://d4.by/image/catalog/d4_img/1653436800/1653459690512_16534596836087622595749037182339.jpg,https://d4.by/image/catalog/d4_img/1653436800/1653459681517_16534596738386193520543585894942.jpg"
"365005";"Opel";"Astra";"2007";"КПП механическая (МКПП)";"";"дизель";"1.3";"";"";"";"";"0";"0";"";"";"0";"55192042";"Из Бельгии.6 мкпп  Без гарантии шумит при вращении";"0";"0";"";"100";"USD";"";"";"";"";"";"https://d4.by/image/catalog/d4_img/1760659200/1760693965207_1760693952070410005049864650277.jpg,https://d4.by/image/catalog/d4_img/1760659200/1760693971382_17606939659897285813322009633818.jpg,https://d4.by/image/catalog/d4_img/1760659200/1760693978017_17606939721412498910130720552379.jpg,https://d4.by/image/catalog/d4_img/1760659200/1760694010258_17606939787916665396771569730177.jpg,https://d4.by/image/catalog/d4_img/1760659200/1760694023035_17606940110395057342061690040490.jpg,https://d4.by/image/catalog/d4_img/1760659200/1760694030434_17606940238293645477871548207874.jpg"
"200499";"Kia";"Venga";"2010";"КПП механическая (МКПП)";"";"дизель";"1.6";"";"";"";"";"0";"0";"";"";"0";"WAJ6C";"Из Бельгии, не большой пробег ";"0";"0";"";"41";"USD";"";"";"";"";"";"https://d4.by/image/catalog/d4_img/1632873600/1632912126342_16329121181961057532469711130908.jpg,https://d4.by/image/catalog/d4_img/1632873600/1632912116159_1632912108563715922088605883894.jpg"
"36422733";"Volvo";"V40";"1998";"КПП механическая (МКПП)";"";"бензин";"1.9";"Ti";"";"";"";"";"";"";"";"";"M56l2k";"из Бельгии, не большой пробег ";"0";"0";"";"53";"USD";"";"";"";"";"";"https://d4.by/image/catalog/i/jd/op/009adc86dfbb0c8c14555218eaf8077b.jpg"
"36535313";"Kia";"Picanto";"2005";"КПП механическая (МКПП)";"";"дизель";"1.1";"CRDi";"";"";"";"";"";"";"";"";"R62073";"из Бельгии,не большой пробег ";"0";"0";"";"81";"USD";"";"";"";"";"";"https://d4.by/image/catalog/i/op/cf/6e440b2f6d85596f82f4366ca8b0669b.jpg"
"376180_3";"Nissan";"Primastar";"2008";"КПП механическая (МКПП)";"";"дизель";"2.0";"";"";"";"";"0";"0";"";"";"0";"PF6010";"Из Бельгии.  Гарантия на установку и проверку,  Люфт кулисы ";"0";"0";"";"250";"USD";"";"";"";"";"";"https://d4.by/image/catalog/d4_img/1769817600/1769842442150_17698424247787801874595469047111.jpg,https://d4.by/image/catalog/d4_img/1769817600/1769842448628_17698424429342751861665225937264.jpg,https://d4.by/image/catalog/d4_img/1769817600/1769842456115_17698424494958457479121918671250.jpg,https://d4.by/image/catalog/d4_img/1769817600/1769842463529_17698424569267272544987592753945.jpg,https://d4.by/image/catalog/d4_img/1769817600/1769842470102_17698424643573244026686578188461.jpg"
"376180_2";"Opel";"Vivaro";"2008";"КПП механическая (МКПП)";"";"дизель";"2.0";"";"";"";"";"0";"0";"";"";"0";"PF6010";"Из Бельгии.  Гарантия на установку и проверку,  Люфт кулисы ";"0";"0";"";"250";"USD";"";"";"";"";"";"https://d4.by/image/catalog/d4_img/1769817600/1769842442150_17698424247787801874595469047111.jpg,https://d4.by/image/catalog/d4_img/1769817600/1769842448628_17698424429342751861665225937264.jpg,https://d4.by/image/catalog/d4_img/1769817600/1769842456115_17698424494958457479121918671250.jpg,https://d4.by/image/catalog/d4_img/1769817600/1769842463529_17698424569267272544987592753945.jpg,https://d4.by/image/catalog/d4_img/1769817600/1769842470102_17698424643573244026686578188461.jpg"
"376180_1";"Renault";"Trafic";"2008";"КПП механическая (МКПП)";"";"дизель";"2.0";"";"";"";"";"0";"0";"";"";"0";"PF6010";"Из Бельгии.  Гарантия на установку и проверку,  Люфт кулисы ";"0";"0";"";"250";"USD";"";"";"";"";"";"https://d4.by/image/catalog/d4_img/1769817600/1769842442150_17698424247787801874595469047111.jpg,https://d4.by/image/catalog/d4_img/1769817600/1769842448628_17698424429342751861665225937264.jpg,https://d4.by/image/catalog/d4_img/1769817600/1769842456115_17698424494958457479121918671250.jpg,https://d4.by/image/catalog/d4_img/1769817600/1769842463529_17698424569267272544987592753945.jpg,https://d4.by/image/catalog/d4_img/1769817600/1769842470102_17698424643573244026686578188461.jpg"
"376175_3";"Nissan";"Primastar";"2008";"КПП механическая (МКПП)";"";"дизель";"2.0";"";"";"";"";"0";"0";"";"";"0";"PF6010";"Из Бельгии.  Гарантия на установку и проверку,  Небольшой люфтик в кулисы ";"0";"0";"";"300";"USD";"";"";"";"";"";"https://d4.by/image/catalog/d4_img/1769817600/1769841027029_17698410219222846497062817329355.jpg,https://d4.by/image/catalog/d4_img/1769817600/1769841033245_17698410277831593076159439209111.jpg,https://d4.by/image/catalog/d4_img/1769817600/1769841039875_17698410339775185305755474341128.jpg,https://d4.by/image/catalog/d4_img/1769817600/1769841047337_17698410406958315537884929513154.jpg,https://d4.by/image/catalog/d4_img/1769817600/1769841054557_17698410481971680675151171797237.jpg"
"37168665";"Mercedes";"B W245";"2008";"КПП механическая (МКПП)";"";"дизель";"2.0";"CDi";"";"";"";"";"";"";"";"";"";"из Бельгии, не большой пробег,,";"0";"0";"";"23";"USD";"";"";"";"";"";"https://d4.by/image/catalog/i/hi/pp/498eb56565ca2efffaceb857c79aeee9.jpg"
"376175_2";"Opel";"Vivaro";"2008";"КПП механическая (МКПП)";"";"дизель";"2.0";"";"";"";"";"0";"0";"";"";"0";"PF6010";"Из Бельгии.  Гарантия на установку и проверку,  Небольшой люфтик в кулисы ";"0";"0";"";"300";"USD";"";"";"";"";"";"https://d4.by/image/catalog/d4_img/1769817600/1769841027029_17698410219222846497062817329355.jpg,https://d4.by/image/catalog/d4_img/1769817600/1769841033245_17698410277831593076159439209111.jpg,https://d4.by/image/catalog/d4_img/1769817600/1769841039875_17698410339775185305755474341128.jpg,https://d4.by/image/catalog/d4_img/1769817600/1769841047337_17698410406958315537884929513154.jpg,https://d4.by/image/catalog/d4_img/1769817600/1769841054557_17698410481971680675151171797237.jpg"
"376175_1";"Renault";"Trafic";"2008";"КПП механическая (МКПП)";"";"дизель";"2.0";"";"";"";"";"0";"0";"";"";"0";"PF6010";"Из Бельгии.  Гарантия на установку и проверку,  Небольшой люфтик в кулисы ";"0";"0";"";"300";"USD";"";"";"";"";"";"https://d4.by/image/catalog/d4_img/1769817600/1769841027029_17698410219222846497062817329355.jpg,https://d4.by/image/catalog/d4_img/1769817600/1769841033245_17698410277831593076159439209111.jpg,https://d4.by/image/catalog/d4_img/1769817600/1769841039875_17698410339775185305755474341128.jpg,https://d4.by/image/catalog/d4_img/1769817600/1769841047337_17698410406958315537884929513154.jpg,https://d4.by/image/catalog/d4_img/1769817600/1769841054557_17698410481971680675151171797237.jpg"
"263546";"Mitsubishi";"Pajero Sport";"2000";"КПП механическая (МКПП)";"";"дизель";"2.5";"";"";"";"";"0";"0";"";"";"0";"4G56";"Гарантия на проверку и установку цена без раздатки. маркировка не читаеться ";"0";"0";"";"135";"USD";"";"";"";"";"";"https://d4.by/image/catalog/d4_img/1671580800/1671614034571_16716140203273066068845938567488.jpg,https://d4.by/image/catalog/d4_img/1671580800/1671614043665_16716140371936535109325279384793.jpg,https://d4.by/image/catalog/d4_img/1671580800/1671614052888_16716140454984109041847072573539.jpg,https://d4.by/image/catalog/d4_img/1671580800/1671614066063_16716140545835053716725899348748.jpg"
"376173";"Renault";"Kangoo";"2001";"КПП механическая (МКПП)";"";"дизель";"1.9";"";"";"";"";"0";"0";"";"";"0";"JC7005";"Из Бельгии.  Гарантия на установку и проверку,  Не хватает пластины под хвотовик  раздатки";"0";"0";"";"350";"USD";"";"";"";"";"";"https://d4.by/image/catalog/d4_img/1769817600/1769840833733_17698408274034689798201196741521.jpg,https://d4.by/image/catalog/d4_img/1769817600/1769840844369_17698408345705223269194959809361.jpg,https://d4.by/image/catalog/d4_img/1769817600/1769840853622_17698408452242244424712433511128.jpg,https://d4.by/image/catalog/d4_img/1769817600/1769840879818_17698408545041227700803521163952.jpg,https://d4.by/image/catalog/d4_img/1769817600/1769840887320_17698408806738025421806313778325.jpg,https://d4.by/image/catalog/d4_img/1769817600/1769840894895_1769840888140477886014728876810.jpg"
"335615";"Opel";"Vectra";"2005";"КПП механическая (МКПП)";"";"дизель";"1.9";"JTD";"";"";"";"0";"0";"";"";"0";"F40";"Из Бельгии. Гарантия на установку и проверку.";"0";"0";"";"30";"USD";"";"";"";"";"";"https://d4.by/image/catalog/d4_img/1736985600/1737033627317_17370336223255859170262869717949.jpg,https://d4.by/image/catalog/d4_img/1736985600/1737033632331_17370336281308015415148591164676.jpg,https://d4.by/image/catalog/d4_img/1736985600/1737033638847_17370336340196017636661154016639.jpg,https://d4.by/image/catalog/d4_img/1736985600/1737033647597_17370336398581635978840016610723.jpg,https://d4.by/image/catalog/d4_img/1736985600/1737033652800_17370336486885264068541115797217.jpg,https://d4.by/image/catalog/d4_img/1736985600/1737033658077_17370336536797606982343662850910.jpg"
"188413";"Citroen";"C1";"2007";"КПП механическая (МКПП)";"";"бензин";"1.0";"";"";"";"";"0";"0";"";"";"0";"20tt1";"Из Бельгии, не большой пробег, гарантия на проверку и установку ";"0";"0";"";"58";"USD";"";"";"";"";"";"https://d4.by/image/catalog/d4_img/1623628800/1623658761075_16236587522233122586871789241297.jpg,https://d4.by/image/catalog/d4_img/1623628800/1623658775683_16236587650839049512386631964040.jpg,https://d4.by/image/catalog/d4_img/1623628800/1623658749211_16236587401902428243414985818489.jpg,https://d4.by/image/catalog/d4_img/1623628800/1623658736012_1623658728300308784550754773740.jpg,https://d4.by/image/catalog/d4_img/1623628800/1623658721106_16236587136707151228469917171627.jpg"
"352802";"Renault";"Master";"2006";"КПП механическая (МКПП)";"";"дизель";"2.5";"";"";"";"";"0";"0";"";"";"0";"PK6380";"Из Бельгии. Гарантия на установку и проверку, небольшой люфтик в кулисе ";"0";"0";"";"330";"USD";"";"";"";"";"";"https://d4.by/image/catalog/d4_img/1751328000/1751351885556_17513518798332974237109576713994.jpg,https://d4.by/image/catalog/d4_img/1751328000/1751351907565_17513518997014313313262646394429.jpg,https://d4.by/image/catalog/d4_img/1751328000/1751351891345_17513518864392152640361184870722.jpg,https://d4.by/image/catalog/d4_img/1751328000/1751351914959_17513519085112420694809936205015.jpg,https://d4.by/image/catalog/d4_img/1751328000/1751351898647_17513518928921851240429677653944.jpg"
"39759145";"Citroen";"C3";"2010";"КПП механическая (МКПП)";"";"дизель";"1.6";"HDi";"";"";"";"";"";"";"";"";"20dp66";"из Бельгии, не большой пробег ";"0";"0";"";"54";"USD";"";"";"";"";"";"https://d4.by/image/catalog/i/bm/bf/b4c782639c9dfc04b6c3a8d1667dda65.jpg"
"316545";"Skoda";"Octavia";"2008";"КПП механическая (МКПП)";"A5";"дизель";"1.9";"TDi PD";"";"";"";"0";"0";"";"";"0";"KXV";"Из Бельгии. Гарантия на установку и проверку  Полный привод  Без раздатки";"0";"0";"";"230";"USD";"";"";"";"";"";"https://d4.by/image/catalog/d4_img/1719532800/1719580008791_17195800019718030985684019964444.jpg,https://d4.by/image/catalog/d4_img/1719532800/1719579993634_17195799881813012422411664350102.jpg,https://d4.by/image/catalog/d4_img/1719532800/1719580000936_17195799944877202898136770036431.jpg"
"277220";"Suzuki";"Grand Vitara";"2002";"КПП механическая (МКПП)";"";"бензин";"2.5";"";"";"";"";"0";"0";"";"";"0";"";"Гарантия на проверку и установку цена без раздатки ";"0";"0";"";"54";"USD";"";"";"";"";"";"https://d4.by/image/catalog/d4_img/1682899200/1682939114193_16829391035395552915684557767966.jpg,https://d4.by/image/catalog/d4_img/1682899200/1682939126106_16829391170331427228568379970453.jpg"
"337287";"Peugeot";"406";"1999";"КПП механическая (МКПП)";"";"бензин";"1.8";"";"";"";"";"0";"0";"";"";"0";"20te07";"Из Бельгии. Гарантия на установку и проверку ";"0";"0";"";"110";"USD";"";"";"";"";"";"https://d4.by/image/catalog/d4_img/1738195200/1738234064207_17382340585696146445208622905157.jpg,https://d4.by/image/catalog/d4_img/1738195200/1738234071674_17382340650068538540782885550124.jpg,https://d4.by/image/catalog/d4_img/1738195200/1738234078142_17382340734792704246439875756428.jpg,https://d4.by/image/catalog/d4_img/1738195200/1738234087732_17382340791432132920455167558896.jpg"
"273770";"Opel";"Astra";"2017";"КПП механическая (МКПП)";"K";"дизель";"1.6";"CDTi";"";"";"";"0";"0";"";"";"0";"M320mde";"Из Бельгии гарантия на проверку и установку ";"0";"0";"";"190";"USD";"";"";"";"";"";"https://d4.by/image/catalog/d4_img/1680220800/1680269154727_16802691419837849733997180914581.jpg,https://d4.by/image/catalog/d4_img/1680220800/1680269140385_1680269130053803883150528674643.jpg,https://d4.by/image/catalog/d4_img/1680220800/1680269128367_16802691173616563379796480740253.jpg"
"221166";"Ford";"Probe";"1995";"КПП механическая (МКПП)";"";"бензин";"2.0";"";"";"";"";"0";"0";"";"";"0";"";"гарантия на проверку и установку ";"0";"0";"";"42";"USD";"";"";"";"";"";"https://d4.by/image/catalog/d4_img/1644796800/1644840990022_16448409818549163640426728505329.jpg,https://d4.by/image/catalog/d4_img/1644796800/1644841001355_16448409920303580836822382897706.jpg"
"349535_2";"Audi";"A6";"2001";"КПП механическая (МКПП)";"Quattro";"дизель";"2.5";"";"";"";"";"0";"0";"";"";"0";"DQT";"Из Бельгии. Гарантия на установку и проверку . 1.9-2.5 Диз. 6 мкпп,  ПОЛНЫЙ ПРИВОД 4*4. Без лап , без цилиндра сцепления ";"0";"0";"";"780";"USD";"";"";"";"";"";"https://d4.by/image/catalog/d4_img/1747872000/1747921835352_17479218279458662175399463213464.jpg,https://d4.by/image/catalog/d4_img/1747872000/1747921826947_1747921823099705707061471713187.jpg,https://d4.by/image/catalog/d4_img/1747872000/1747921822145_17479218173368549865266699289084.jpg,https://d4.by/image/catalog/d4_img/1747872000/1747921816363_17479218116845082201562513686360.jpg,https://d4.by/image/catalog/d4_img/1747872000/1747921810801_17479218061401185670847127613243.jpg,https://d4.by/image/catalog/d4_img/1747872000/1747921805301_17479217979286995832752981791688.jpg"
"349535_1";"Volkswagen";"Passat";"2001";"КПП механическая (МКПП)";"Quattro";"дизель";"2.5";"";"";"";"";"0";"0";"";"";"0";"DQT";"Из Бельгии. Гарантия на установку и проверку . 1.9-2.5 Диз. 6 мкпп,  ПОЛНЫЙ ПРИВОД 4*4. Без лап , без цилиндра сцепления ";"0";"0";"";"780";"USD";"";"";"";"";"";"https://d4.by/image/catalog/d4_img/1747872000/1747921835352_17479218279458662175399463213464.jpg,https://d4.by/image/catalog/d4_img/1747872000/1747921826947_1747921823099705707061471713187.jpg,https://d4.by/image/catalog/d4_img/1747872000/1747921822145_17479218173368549865266699289084.jpg,https://d4.by/image/catalog/d4_img/1747872000/1747921816363_17479218116845082201562513686360.jpg,https://d4.by/image/catalog/d4_img/1747872000/1747921810801_17479218061401185670847127613243.jpg,https://d4.by/image/catalog/d4_img/1747872000/1747921805301_17479217979286995832752981791688.jpg"
"277165";"Chevrolet";"Epica";"2006";"КПП механическая (МКПП)";"";"дизель";"2.0";"CRDi";"";"";"";"0";"0";"";"";"0";"Bc03130221";"Из Бельгии гарантия на проверку и установку, не большой люфт вала.";"0";"0";"";"38";"USD";"";"";"";"";"";"https://d4.by/image/catalog/d4_img/1682726400/1682750973933_16827509661893185969448376264720.jpg,https://d4.by/image/catalog/d4_img/1682726400/1682750983235_16827509771904894936979239146406.jpg"
"286895";"Volvo";"V50";"2005";"КПП механическая (МКПП)";"";"дизель";"1.6";"HDi";"";"";"";"0";"0";"";"";"0";"Av6r7002mf";"Из Бельгии гарантия на проверку и установку ";"0";"0";"";"145";"USD";"";"";"";"";"";"https://d4.by/image/catalog/d4_img/1690934400/1690976796420_16909767900824776987953371414375.jpg,https://d4.by/image/catalog/d4_img/1690934400/1690976788127_16909767813552621935806044964567.jpg,https://d4.by/image/catalog/d4_img/1690934400/1690976779317_16909767728078809690696501883151.jpg"
"273723";"Audi";"A4";"2003";"КПП механическая (МКПП)";"";"бензин";"3.0";"";"";"";"";"0";"0";"";"";"0";"Gvc";"Из Бельгии гарантия на проверку и установку ";"0";"0";"";"100";"USD";"";"";"";"";"";"https://d4.by/image/catalog/d4_img/1680220800/1680261149791_16802611427932221633299356188795.jpg,https://d4.by/image/catalog/d4_img/1680220800/1680261140869_16802611329567155124297913585767.jpg,https://d4.by/image/catalog/d4_img/1680220800/1680261130747_16802611239144068669127666960544.jpg,https://d4.by/image/catalog/d4_img/1680220800/1680261121906_16802611130662309716513814405703.jpg,https://d4.by/image/catalog/d4_img/1680220800/1680261111171_16802611045314820291096508593207.jpg"
"293759";"Ford";"Transit";"2008";"КПП механическая (МКПП)";"";"дизель";"2.2";"";"";"";"";"0";"0";"";"";"0";"6CIR7F096";"Из Бельгии гарантия на установку и проверку";"0";"0";"";"85";"USD";"";"";"";"";"";"https://d4.by/image/catalog/d4_img/1698105600/1698144651091_16981446442622448434254958163128.jpg,https://d4.by/image/catalog/d4_img/1698105600/1698144643007_16981446359665546884340645400743.jpg"
"293758";"Ford";"Transit";"2008";"КПП механическая (МКПП)";"";"дизель";"2.2";"";"";"";"";"0";"0";"";"";"0";"6CIR7F096";"Из Бельгии гарантия на установку и проверку";"0";"0";"";"85";"USD";"";"";"";"";"";"https://d4.by/image/catalog/d4_img/1698105600/1698144622664_16981446120903858974653531301759.jpg,https://d4.by/image/catalog/d4_img/1698105600/1698144610982_16981446036277614210868844005580.jpg"
"299587";"Great-Wall";"Hover H6";"2012";"КПП механическая (МКПП)";"";"бензин";"1.5";"Ti";"";"";"";"0";"0";"";"";"0";"Cm521700000X, Cm520130202";"На запчасти, дефект корпуса";"0";"0";"";"170";"USD";"";"";"";"";"";"https://d4.by/image/catalog/d4_img/1702080000/1702132077129_17021320733897159132748376684619.jpg,https://d4.by/image/catalog/d4_img/1702080000/1702132072437_17021320676246533067263139587600.jpg,https://d4.by/image/catalog/d4_img/1702080000/1702132107649_17021321002814735062266420369444.jpg,https://d4.by/image/catalog/d4_img/1702080000/1702132099065_17021320952164241276038410258739.jpg,https://d4.by/image/catalog/d4_img/1702080000/1702132093566_17021320856614046541638198185566.jpg,https://d4.by/image/catalog/d4_img/1702080000/1702132084545_17021320783578244236464307438942.jpg"
"344494";"Audi";"A4";"2002";"КПП механическая (МКПП)";"";"бензин";"1.6";"";"";"";"";"0";"0";"";"";"0";"ENL";"Из Бельгии. Гарантия на установку и проверку ";"0";"0";"";"100";"USD";"";"";"";"";"";"https://d4.by/image/catalog/d4_img/1742515200/1742559649005_1742559643593151902750907980623.jpg,https://d4.by/image/catalog/d4_img/1742515200/1742559654774_17425596498838175746669497719009.jpg,https://d4.by/image/catalog/d4_img/1742515200/1742559661163_17425596563384531540700752691943.jpg,https://d4.by/image/catalog/d4_img/1742515200/1742559674626_17425596678294798018572375040551.jpg,https://d4.by/image/catalog/d4_img/1742515200/1742559682222_17425596755551842581083481148773.jpg,https://d4.by/image/catalog/d4_img/1742515200/1742559690335_17425596855571824490022717670625.jpg"
"278934";"Audi";"A4";"2002";"КПП механическая (МКПП)";"";"дизель";"1.9";"TDi";"";"";"";"0";"0";"";"";"0";"Gba";"гудит без гарантии ";"0";"0";"";"50";"USD";"";"";"";"";"";"https://d4.by/image/catalog/d4_img/1684713600/1684762273915_16847622679466161885655521600173.jpg,https://d4.by/image/catalog/d4_img/1684713600/1684762265401_16847622577081518566176456600526.jpg,https://d4.by/image/catalog/d4_img/1684713600/1684762282324_16847622759828152325745227590309.jpg"
"181256";"Honda";"FR-V";"2006";"КПП механическая (МКПП)";"";"дизель";"2.2";"";"";"";"";"0";"0";"";"";"0";"Jvf7";"Из Бельгии, не большой пробег ";"0";"0";"";"41";"USD";"";"";"";"";"";"https://d4.by/image/catalog/d4_img/1617408000/1617437156746_16174371474597806995563755974952.jpg"
"329784";"Fiat";"Marea";"1998";"КПП механическая (МКПП)";"";"бензин";"1.8";"";"";"";"";"0";"0";"";"";"0";"";" Гарантия на установку и проверку. Без датчика скорости ";"0";"0";"";"27";"USD";"";"";"";"";"";"https://d4.by/image/catalog/d4_img/1732320000/1732352469683_17323524654327680833764240417041.jpg,https://d4.by/image/catalog/d4_img/1732320000/1732352475168_1732352470504838500785811753529.jpg,https://d4.by/image/catalog/d4_img/1732320000/1732352481638_17323524767567055002311477966974.jpg,https://d4.by/image/catalog/d4_img/1732320000/1732352491128_17323524825394745909393318918324.jpg,https://d4.by/image/catalog/d4_img/1732320000/1732352497038_17323524926577073614856460881305.jpg"
"42269093";"Renault";"Scenic";"2010";"КПП механическая (МКПП)";"";"дизель";"1.9";"DCi";"";"";"";"0";"0";"";"";"0";"nd4002";"из Бельгии, не большой пробег, ";"0";"0";"";"40";"USD";"";"";"";"";"";"https://d4.by/image/catalog/i/nc/in/c3062c1a98a6df90ac085fff96f4e659.jpg"
"42269248";"Honda";"Civic";"2003";"КПП механическая (МКПП)";"";"дизель";"1.7";"TDi";"";"";"";"";"";"";"";"";"Md4";"из Бельгии, не большой пробег, ";"0";"0";"";"32";"USD";"";"";"";"";"";"https://d4.by/image/catalog/i/cb/nl/04572c382c317a32afa906fb60740fe6.jpg"
"42271582";"Suzuki";"SX4";"2006";"КПП механическая (МКПП)";"";"дизель";"1.6";"HDi";"";"";"";"";"";"";"";"";"";"из Бельгии, не большой пробег, ";"0";"0";"";"63";"USD";"";"";"";"";"";"https://d4.by/image/catalog/i/lo/oo/4ff344fed4238ded6d4b357dd18e59de.jpg"
"42271730";"Fiat";"Bravo";"2009";"КПП механическая (МКПП)";"";"дизель";"1.6";"JTD";"";"";"";"";"";"";"";"";"";"из Бельгии, не большой пробег,";"0";"0";"";"52";"USD";"";"";"";"";"";"https://d4.by/image/catalog/i/af/ci/24d9aedfe21e17fb71d4e91494464dc0.jpg"
"353401";"Mercedes";"Vito W639";"2005";"КПП механическая (МКПП)";"";"дизель";"2.2";"";"";"";"";"0";"0";"";"";"0";"6392602400";"Из Бельгии. Гарантия на установку и проверку ";"0";"0";"";"250";"USD";"";"";"";"";"";"https://d4.by/image/catalog/d4_img/1751846400/1751871034082_1751871028623325352687157301436.jpg,https://d4.by/image/catalog/d4_img/1751846400/1751871018737_17518710133039184241077093052627.jpg,https://d4.by/image/catalog/d4_img/1751846400/1751871027089_17518710196363056071777814772929.jpg,https://d4.by/image/catalog/d4_img/1751846400/1751871011753_17518710071315572839897294222613.jpg,https://d4.by/image/catalog/d4_img/1751846400/1751871006182_1751871000439351177331836068907.jpg"
"319517";"Peugeot";"306";"1998";"КПП механическая (МКПП)";"";"бензин";"1.8";"";"";"";"";"0";"0";"";"";"0";"20TB62";"Гарантия на установку и проверку. ";"0";"0";"";"60";"USD";"";"";"";"";"";"https://d4.by/image/catalog/d4_img/1722643200/1722670588426_17226705826132349842268351795628.jpg,https://d4.by/image/catalog/d4_img/1722643200/1722670594623_17226705900508147566613476687460.jpg,https://d4.by/image/catalog/d4_img/1722643200/1722670600390_17226705955255608033330487007154.jpg,https://d4.by/image/catalog/d4_img/1722643200/1722670580853_17226705755991819794588343569073.jpg"
"42609536";"Hyundai";"i10";"2009";"КПП механическая (МКПП)";"";"дизель";"1.1";"CRDi";"";"";"";"";"";"";"";"";"R82073";"из Бельгии, не большой пробег ,";"0";"0";"";"94";"USD";"";"";"";"";"";"https://d4.by/image/catalog/i/lg/do/cb90d3f780dfe57f217c23c9e1e48b83.jpg"
"42613642";"Hyundai";"i10";"2009";"КПП механическая (МКПП)";"";"дизель";"1.1";"CRDi";"";"";"";"";"";"";"";"";"R82073";"из Бельгии, не большой пробег ,";"0";"0";"";"94";"USD";"";"";"";"";"";"https://d4.by/image/catalog/i/ek/hj/856d3df3d7e6b9f23524ba14f48eca90.jpg"
"42613650";"Kia";"Picanto";"2009";"КПП механическая (МКПП)";"";"дизель";"1.1";"CRDi";"";"";"";"";"";"";"";"";"R52073";"из Бельгии, не большой пробег ,";"0";"0";"";"81";"USD";"";"";"";"";"";"https://d4.by/image/catalog/i/jo/em/0ceb734b289b700833b677d8b0244cd0.jpg"
"349465";"Kia";"Sportage";"1998";"КПП механическая (МКПП)";"";"бензин";"2.0";"";"";"";"";"0";"0";"";"";"0";"";"Гарантия на установку и проверку . Без раздатки";"0";"0";"";"200";"USD";"";"";"";"";"";"https://d4.by/image/catalog/d4_img/1747872000/1747895235680_17478952292391655148240258943973.jpg,https://d4.by/image/catalog/d4_img/1747872000/1747895245305_17478952376384829783222572733711.jpg,https://d4.by/image/catalog/d4_img/1747872000/1747895251182_174789524637775125159572755024.jpg,https://d4.by/image/catalog/d4_img/1747872000/1747895259059_17478952522953262133990485339843.jpg"
"353359";"Mercedes";"E W124";"1989";"КПП механическая (МКПП)";"";"бензин";"2.3";"";"";"";"";"0";"0";"";"";"0";"";"Хорошее состояние, гарантия,5-ти ступка";"0";"0";"";"220";"USD";"";"";"";"";"";"https://d4.by/image/catalog/d4_img/1751673600/1751724610364_IMG_20250705_164127.jpg"
"352099";"Volkswagen";"Golf";"2006";"КПП механическая (МКПП)";"";"бензин";"2.0";"";"";"";"";"0";"0";"";"";"0";"GUT";"Из Бельгии. Гарантия на установку и проверку  ";"0";"0";"";"120";"USD";"";"";"";"";"";"https://d4.by/image/catalog/d4_img/1750809600/1750840335955_17508403311895934986561935961360.jpg,https://d4.by/image/catalog/d4_img/1750809600/1750840312689_17508403064938263933766512310118.jpg,https://d4.by/image/catalog/d4_img/1750809600/1750840329649_1750840324908518416515076105072.jpg,https://d4.by/image/catalog/d4_img/1750809600/1750840323981_17508403200967023563693521460952.jpg,https://d4.by/image/catalog/d4_img/1750809600/1750840318608_17508403135476450687551750503213.jpg"
"190171";"Kia";"Ceed";"2012";"КПП механическая (МКПП)";"";"дизель";"1.4";"CRDi";"";"";"";"0";"0";"";"";"0";"Wcj6e";"Из Бельгии, не большой пробег ";"0";"0";"";"104";"USD";"";"";"";"";"";"https://d4.by/image/catalog/d4_img/1624665600/1624701352497_16247013458869198885531089861894.jpg,https://d4.by/image/catalog/d4_img/1624665600/1624701343036_1624701336090422313978544044766.jpg,https://d4.by/image/catalog/d4_img/1624665600/1624701333394_16247013252757784446826217196344.jpg,https://d4.by/image/catalog/d4_img/1624665600/1624701322590_16247013149972420293921057854852.jpg"
"43595844";"Honda";"Civic";"2005";"КПП механическая (МКПП)";"";"дизель";"1.7";"CDTi";"";"";"";"";"";"";"";"";"";"из Бельгии,не большой пробег ,,";"0";"0";"";"32";"USD";"";"";"";"";"";"https://d4.by/image/catalog/i/lg/mn/c845820fb50b170ebc9a5afca9f69a82.jpg"
"43626911";"Mini";"Cooper";"2004";"КПП механическая (МКПП)";"";"дизель";"1.4";"";"";"";"";"";"";"";"";"";"";"из Бельгии, не большой пробег,6ступка";"0";"0";"";"72";"USD";"";"";"";"";"";"https://d4.by/image/catalog/i/kl/ao/80910cf4b756dca58cfbcb84f94f6569.jpg"
"43626949";"Kia";"Picanto";"2009";"КПП механическая (МКПП)";"";"дизель";"1.1";"CRDi";"";"";"";"";"";"";"";"";"R52073";"из Бельгии, не большой пробег ";"0";"0";"";"81";"USD";"";"";"";"";"";"https://d4.by/image/catalog/i/oe/oh/9fbe0220c8f0d0de4e438ba80cc1729f.jpg"
"43627238";"Daewoo";"Nubira";"2007";"КПП механическая (МКПП)";"";"дизель";"2.0";"";"";"";"";"";"";"";"";"";"";"из Бельгии, не большой пробег , ";"0";"0";"";"63";"USD";"";"";"";"";"";"https://d4.by/image/catalog/i/kf/jb/70812d7f7cc50b423bea8e8203b01e4a.jpg"
"241415";"Lancia";"Lybra";"2000";"КПП механическая (МКПП)";"";"бензин";"1.6";"";"";"";"";"0";"0";"";"";"0";"";"гарантия на проверку и установку ";"0";"0";"";"50";"USD";"";"";"";"";"";"https://d4.by/image/catalog/d4_img/1655164800/1655215493773_16552154871802341551317485820248.jpg,https://d4.by/image/catalog/d4_img/1655164800/1655215509191_16552155030618646051083788099903.jpg,https://d4.by/image/catalog/d4_img/1655164800/1655215501223_16552154954736909980185668918829.jpg"
"218363";"Citroen";"Xsara";"1999";"КПП механическая (МКПП)";"";"дизель";"1.9";"";"";"хэтчбек";"";"0";"0";"";"";"0";"20tr39";"Гарантия на проверку и установку ";"0";"0";"";"32";"USD";"";"";"";"";"";"https://d4.by/image/catalog/d4_img/1643068800/1643108075404_1643108067783357491214447582325.jpg,https://d4.by/image/catalog/d4_img/1643068800/1643108065776_16431080579288829988310281815745.jpg"
"44184454";"Chevrolet";"Lacetti";"2007";"КПП механическая (МКПП)";"";"дизель";"2.0";"CRDi";"";"";"";"";"";"";"";"";"";"Из Бельгии, не большой пробег ,";"0";"0";"";"70";"USD";"";"";"";"";"";"https://d4.by/image/catalog/i/gf/aa/dd5c22cd0069ad5a1225cc38512990ff.jpg"
"44185249";"Kia";"Venga";"2011";"КПП механическая (МКПП)";"";"дизель";"1.4";"CRDi";"";"";"";"0";"0";"";"";"0";"Wbj6";"Из Бельгии, не большой пробег,  ";"0";"0";"";"41";"USD";"";"";"";"";"";"https://d4.by/image/catalog/i/in/dl/96232ba3347796ca22302ab4e429dee4.jpg"
"327758";"Volkswagen";"Passat";"2006";"КПП механическая (МКПП)";"";"бензин";"2.0";"";"МКПП";"";"";"0";"0";"";"";"0";"KDQ";"Из Бельгии, хорошее состояние, гарантия ,люфт первичного вала";"0";"0";"";"45";"USD";"";"";"";"";"";"https://d4.by/image/catalog/d4_img/1730764800/1730814990681_17308149846664093775792043945794.jpg,https://d4.by/image/catalog/d4_img/1730764800/1730814983637_17308149780019087863419710047806.jpg,https://d4.by/image/catalog/d4_img/1730764800/1730814976447_17308149725667184551188459985717.jpg,https://d4.by/image/catalog/d4_img/1730764800/1730814971658_17308149664098315632975299629942.jpg"
"364176";"Alfa Romeo";"146";"1999";"КПП механическая (МКПП)";"";"дизель";"1.9";"TD";"";"";"";"0";"0";"";"";"0";"";"Гарантия на установку и проверку .";"0";"0";"";"70";"USD";"";"";"";"";"";"https://d4.by/image/catalog/d4_img/1759881600/1759906262895_17599062568183417183696406860077.jpg"
"44902510";"Volkswagen";"Sharan";"2002";"КПП механическая (МКПП)";"";"дизель";"1.9";"TDi";"";"";"";"0";"0";"";"";"0";"Fux";"Из Бельгии, на запчасти люфт";"0";"0";"";"32";"USD";"";"";"";"";"";"https://d4.by/image/catalog/i/eb/ih/1de1502dbf9dcea7eb43b36591f48721.jpg"
"348818";"Kia";"Sportage";"1998";"КПП механическая (МКПП)";"8v";"бензин";"2.0";"";"";"";"";"0";"0";"";"";"0";"";"Гарантия на установку и проверку,  С двигателя FE,FE31 Без раздатки";"0";"0";"";"330";"USD";"";"";"";"";"";"https://d4.by/image/catalog/d4_img/1747267200/1747298713158_17472987090981015842777983622994.jpg,https://d4.by/image/catalog/d4_img/1747267200/1747298708160_17472987035513995663383856593800.jpg,https://d4.by/image/catalog/d4_img/1747267200/1747298702707_17472986979324372175632364381970.jpg,https://d4.by/image/catalog/d4_img/1747267200/1747298737625_17472987306307352401030502530774.jpg,https://d4.by/image/catalog/d4_img/1747267200/1747298729728_174729872381458161343415950291.jpg,https://d4.by/image/catalog/d4_img/1747267200/1747298722883_17472987140815115768259676398454.jpg,https://d4.by/image/catalog/d4_img/1747267200/1747298742821_17472987385662237416555599077441.jpg"
"346281";"Opel";"Frontera";"2001";"КПП механическая (МКПП)";"";"дизель";"2.2";"";"";"";"";"0";"0";"";"";"0";"";"Из Бельгии. Гарантия на установку и проверку. в сборе с раздаткой без электромотора";"0";"0";"";"180";"USD";"";"";"";"";"";"https://d4.by/image/catalog/d4_img/1744156800/1744187379948_17441873756431099789559675142301.jpg,https://d4.by/image/catalog/d4_img/1744156800/1744187374127_17441873697444701487795589661138.jpg,https://d4.by/image/catalog/d4_img/1744156800/1744187368072_17441873635662101332272844518531.jpg,https://d4.by/image/catalog/d4_img/1744156800/1744187362773_17441873587208058293254357018934.jpg,https://d4.by/image/catalog/d4_img/1744156800/1744187357908_17441873518183525575292268806358.jpg"
"200451";"Hyundai";"Coupe";"2000";"КПП механическая (МКПП)";"";"бензин";"1.6";"";"";"";"";"0";"0";"";"";"0";"j41775";"Из Бельгии, не большой пробег,гарантия на проверку и установку ";"0";"0";"";"68";"USD";"";"";"";"";"";"https://d4.by/image/catalog/d4_img/1632787200/1632853462004_16328534552575854855878097187895.jpg,https://d4.by/image/catalog/d4_img/1632787200/1632853469793_16328534638183792795653956615650.jpg"
"221109";"Hyundai";"i30";"2010";"КПП механическая (МКПП)";"";"дизель";"1.6";"CRDi";"";"";"";"0";"0";"";"";"0";"wbj6h";"Из Бельгии, гарантия на проверку и установку ";"0";"0";"";"41";"USD";"";"";"";"";"";"https://d4.by/image/catalog/d4_img/1644796800/1644834328977_1644834322733371400230815268850.jpg,https://d4.by/image/catalog/d4_img/1644796800/1644834336768_16448343307188265551843743393057.jpg"
"252308";"Renault";"Kangoo";"2014";"КПП механическая (МКПП)";"";"бензин";"1.2";"";"";"";"";"0";"0";"";"";"0";"Tl4084";"Из Бельгии, гарантия на проверку и установку ";"0";"0";"";"200";"USD";"";"";"";"";"";"https://d4.by/image/catalog/d4_img/1661731200/1661762633116_16617626256772765838766183908476.jpg,https://d4.by/image/catalog/d4_img/1661731200/1661762641213_16617626349484456732754311444460.jpg"
"27141537";"Volvo";"XC60";"2011";"КПП механическая (МКПП)";"";"дизель";"2.4";"TDi";"";"";"";"";"";"";"";"";"";"из Бельгии, небольшой пробег 2 турбины";"0";"0";"";"160";"USD";"";"";"";"";"";"https://d4.by/image/catalog/i/dk/hf/1b600fed7ce65f9515c060f5c1d6ac9e.jpg,https://d4.by/image/catalog/i/dk/hf/a3129c3258e79a5f9df8e78e6d0c36a0.jpg,https://d4.by/image/catalog/i/dk/hf/973b638f1d4c8e3513d23c3e927f6fd0.jpg"
"27143127";"Chevrolet";"Lacetti";"2008";"КПП механическая (МКПП)";"";"дизель";"2.0";"CRDi";"";"";"";"";"";"";"";"";"";"из Бельгии, небольшой пробег";"0";"0";"";"70";"USD";"";"";"";"";"";"https://d4.by/image/catalog/i/on/ma/127a89c0c6f169f8d216e3b3d7067f43.jpg,https://d4.by/image/catalog/i/on/ma/d73d4c08478672f96d022493c57589dc.jpg"
"27261894";"Volkswagen";"Sharan";"2002";"КПП механическая (МКПП)";"";"дизель";"1.9";"TDi";"";"";"";"0";"0";"";"";"0";"Fux";"из Бельгии на запчасти люфт";"0";"0";"";"32";"USD";"";"";"";"";"";"https://d4.by/image/catalog/i/hd/ob/e8ee94a5d1ba50ee33335a720433a654.jpg"
"27304396";"Honda";"Civic";"2005";"КПП механическая (МКПП)";"";"дизель";"1.7";"TDi";"";"";"";"";"";"";"";"";"";"из Бельгии, хорошее состояние";"0";"0";"";"32";"USD";"";"";"";"";"";"https://d4.by/image/catalog/i/fo/ki/d2615a597a7fb8da2c5186c0ca225656.jpg,https://d4.by/image/catalog/i/fo/ki/2362c4836cfb746be9a27f7aa8abd8f6.jpg"
"300401";"Ford";"Transit";"2008";"КПП механическая (МКПП)";"";"дизель";"2.2";"";"";"";"";"0";"0";"";"";"0";"6C1R7002AB";"Из Бельгии. Гарантия на установку и проверку ";"0";"0";"";"67";"USD";"";"";"";"";"";"https://d4.by/image/catalog/d4_img/1702944000/1702981619377_17029816122597731152612337064798.jpg,https://d4.by/image/catalog/d4_img/1702944000/1702981611114_17029815896575095885182095554929.jpg,https://d4.by/image/catalog/d4_img/1702944000/1702981588526_17029815760134575652215871451150.jpg"
"27545695";"Honda";"Civic";"2005";"КПП механическая (МКПП)";"";"дизель";"1.7";"";"";"";"";"";"";"";"";"";"";"из Бельгии, небольшой пробег.61MD4";"0";"0";"";"32";"USD";"";"";"";"";"";"https://d4.by/image/catalog/i/ca/dn/bd0be8681eaecb47436666b3c3041e15.jpg,https://d4.by/image/catalog/i/ca/dn/18e0031f9fb4460b76746d030c9871b1.jpg"
"200442";"Suzuki";"Swift";"2012";"КПП механическая (МКПП)";"";"дизель";"1.3";"";"";"";"";"0";"0";"";"";"0";"";"Из Бельгии, не большой пробег,гарантия на проверку и установку ,маркировка не читается ";"0";"0";"";"171";"USD";"";"";"";"";"";"https://d4.by/image/catalog/d4_img/1632787200/1632848781087_16328487737055040020127217861360.jpg,https://d4.by/image/catalog/d4_img/1632787200/1632848795990_16328487832771937660744103276738.jpg"
"348749";"Geely";"Emgrand EC7";"2012";"КПП механическая (МКПП)";"";"бензин";"1.8";"";"";"";"";"0";"0";"";"";"0";"";"Гарантия на установку и проверку,";"0";"0";"";"600";"USD";"";"";"";"";"";"https://d4.by/image/catalog/d4_img/1747180800/1747233766949_1747233761805234528067091491335.jpg,https://d4.by/image/catalog/d4_img/1747180800/1747233753271_17472337481312389790200340194808.jpg,https://d4.by/image/catalog/d4_img/1747180800/1747233747307_17472337414664799677600826277159.jpg,https://d4.by/image/catalog/d4_img/1747180800/1747233760898_17472337542065584818203680511860.jpg"
"313251";"Hyundai";"i30";"2012";"КПП механическая (МКПП)";"";"дизель";"1.6";"";"";"";"";"0";"0";"";"";"0";"WBJ6C";"Из Бельгии. Гарантия на установку и проверку ";"0";"0";"";"125";"USD";"";"";"";"";"";"https://d4.by/image/catalog/d4_img/1716940800/1716964816922_17169648114877677447750419310279.jpg,https://d4.by/image/catalog/d4_img/1716940800/1716964823886_17169648187518657599231593181996.jpg,https://d4.by/image/catalog/d4_img/1716940800/1716964810611_17169648060707493501700522748693.jpg,https://d4.by/image/catalog/d4_img/1716940800/1716964805229_17169648003648570771347353816895.jpg"
"313242";"Mercedes";"E W211";"2005";"КПП механическая (МКПП)";"";"дизель";"2.2";"";"";"";"";"0";"0";"";"";"0";"2112604801";"Из Бельгии. Гарантия на установку и проверку  ";"0";"0";"";"130";"USD";"";"";"";"";"";"https://d4.by/image/catalog/d4_img/1716854400/1716907806729_17169078016083127392810681254224.jpg,https://d4.by/image/catalog/d4_img/1716854400/1716907820973_17169078164863460346690047291128.jpg,https://d4.by/image/catalog/d4_img/1716854400/1716907827764_17169078219017327074601692964204.jpg,https://d4.by/image/catalog/d4_img/1716854400/1716907814866_17169078076181130242305626024732.jpg"
"30479824";"Volkswagen";"Sharan";"2002";"КПП механическая (МКПП)";"";"дизель";"1.9";"TDi";"";"";"";"";"";"";"";"";"";"Большой люфт ";"0";"0";"";"32";"USD";"";"";"";"";"";"https://d4.by/image/catalog/i/ne/km/4a1f200692bb03a822411bda094b17d9.jpg"
"351953_3";"Seat";"Alhambra";"2006";"КПП механическая (МКПП)";"";"дизель";"1.9";"";"";"";"";"0";"0";"";"";"0";"JSC";"Из Бельгии. Гарантия на установку и проверку, Небольшой люфтик вала, Дефект резьбы одного крепления, (трещинка) Без фланца";"0";"0";"";"50";"USD";"";"";"";"";"";"https://d4.by/image/catalog/d4_img/1750636800/1750688739525_17506887338487369852971916434023.jpg,https://d4.by/image/catalog/d4_img/1750636800/1750688746325_17506887404401363995590667874023.jpg,https://d4.by/image/catalog/d4_img/1750636800/1750688681667_17506886764715063769289653333121.jpg,https://d4.by/image/catalog/d4_img/1750636800/1750688720736_17506886913596356789331379313332.jpg,https://d4.by/image/catalog/d4_img/1750636800/1750688690260_17506886825533359895442518847320.jpg,https://d4.by/image/catalog/d4_img/1750636800/1750688732936_17506887223114941533721174174844.jpg"
"351953_2";"Ford";"Galaxy";"2006";"КПП механическая (МКПП)";"";"дизель";"1.9";"";"";"";"";"0";"0";"";"";"0";"JSC";"Из Бельгии. Гарантия на установку и проверку, Небольшой люфтик вала, Дефект резьбы одного крепления, (трещинка) Без фланца";"0";"0";"";"50";"USD";"";"";"";"";"";"https://d4.by/image/catalog/d4_img/1750636800/1750688732936_17506887223114941533721174174844.jpg,https://d4.by/image/catalog/d4_img/1750636800/1750688739525_17506887338487369852971916434023.jpg,https://d4.by/image/catalog/d4_img/1750636800/1750688720736_17506886913596356789331379313332.jpg,https://d4.by/image/catalog/d4_img/1750636800/1750688690260_17506886825533359895442518847320.jpg,https://d4.by/image/catalog/d4_img/1750636800/1750688746325_17506887404401363995590667874023.jpg,https://d4.by/image/catalog/d4_img/1750636800/1750688681667_17506886764715063769289653333121.jpg"
"351953_1";"Volkswagen";"Sharan";"2006";"КПП механическая (МКПП)";"";"дизель";"1.9";"";"";"";"";"0";"0";"";"";"0";"JSC";"Из Бельгии. Гарантия на установку и проверку, Небольшой люфтик вала, Дефект резьбы одного крепления, (трещинка) Без фланца";"0";"0";"";"50";"USD";"";"";"";"";"";"https://d4.by/image/catalog/d4_img/1750636800/1750688720736_17506886913596356789331379313332.jpg,https://d4.by/image/catalog/d4_img/1750636800/1750688746325_17506887404401363995590667874023.jpg,https://d4.by/image/catalog/d4_img/1750636800/1750688739525_17506887338487369852971916434023.jpg,https://d4.by/image/catalog/d4_img/1750636800/1750688690260_17506886825533359895442518847320.jpg,https://d4.by/image/catalog/d4_img/1750636800/1750688681667_17506886764715063769289653333121.jpg,https://d4.by/image/catalog/d4_img/1750636800/1750688732936_17506887223114941533721174174844.jpg"
"336496";"Volkswagen";"Passat";"2002";"КПП механическая (МКПП)";"";"дизель";"1.9";"";"";"";"";"0";"0";"";"";"0";"EXZ";"Из Бельгии. Гарантия на установку и проверку. 5мкпп";"0";"0";"";"210";"USD";"";"";"";"";"";"https://d4.by/image/catalog/d4_img/1737590400/1737638805399_17376387968484192319570365935156.jpg,https://d4.by/image/catalog/d4_img/1737590400/1737638795250_17376387894772851615213321913151.jpg,https://d4.by/image/catalog/d4_img/1737590400/1737638788591_17376387832392403956648295781821.jpg,https://d4.by/image/catalog/d4_img/1737590400/1737638835237_17376388282458151753730273819464.jpg,https://d4.by/image/catalog/d4_img/1737590400/1737638827259_17376388210066543807621990394444.jpg,https://d4.by/image/catalog/d4_img/1737590400/1737638820039_17376388160465346818040701036732.jpg,https://d4.by/image/catalog/d4_img/1737590400/1737638812454_17376388074322253000207643902811.jpg"
"31700366";"Honda";"CR-V";"2005";"КПП механическая (МКПП)";"";"дизель";"2.2";"TDi";"";"";"";"";"";"";"";"";"";"из Бельгии не большой пробег ";"0";"0";"";"54";"USD";"";"";"";"";"";"https://d4.by/image/catalog/i/ll/bi/cb78bff64dde4ca2a7fae1585861fd13.jpg,https://d4.by/image/catalog/i/ll/bi/db8c4d107af9c1ff221fa01c00ef204e.jpg"
"31707339";"Hyundai";"H1";"2004";"КПП механическая (МКПП)";"";"дизель";"2.5";"CRDi";"";"";"";"";"";"";"";"";"5233249";"из Бельгии не большой пробег  ";"0";"0";"";"81";"USD";"";"";"";"";"";"https://d4.by/image/catalog/i/ni/oa/970ba363b3b877dda08e6efffec29ea2.jpg,https://d4.by/image/catalog/i/ni/oa/9c2c0c9681a56b637973f39dc124067c.jpg"
"276750";"Fiat";"Marea";"1996";"КПП механическая (МКПП)";"";"бензин";"1.8";"";"";"";"";"0";"0";"";"";"0";"";"Гарантия на проверку и установку, без датчика скорости.";"0";"0";"";"27";"USD";"";"";"";"";"";"https://d4.by/image/catalog/d4_img/1682294400/1682322400290_16823223940487076610609148945488.jpg,https://d4.by/image/catalog/d4_img/1682294400/1682322407570_16823224019925563395031408747730.jpg"
"32000649";"Volkswagen";"Sharan";"2002";"КПП механическая (МКПП)";"";"дизель";"1.9";"TDCi";"";"";"";"";"";"";"";"";"6ст";"из Бельгии на запчасти люфт ";"0";"0";"";"32";"USD";"";"";"";"";"";"https://d4.by/image/catalog/i/do/pe/e11354740a4ea0bc818efc2112025ca5.jpg"
"184967";"Daihatsu";"YRV";"2000";"КПП механическая (МКПП)";"";"бензин";"1.0";"";"";"";"";"0";"0";"";"";"0";"";"Не большойпробег,маркировка не читается";"0";"0";"";"120";"USD";"";"";"";"";"";"https://d4.by/image/catalog/d4_img/1619568000/1619592227545_16195922193968533644711081079962.jpg"
"32741254";"Hyundai";"i20";"2009";"КПП механическая (МКПП)";"";"бензин";"1.2";"";"";"";"";"";"";"";"";"";"";"из Бельгии не большой пробег ";"0";"0";"";"60";"USD";"";"";"";"";"";"https://d4.by/image/catalog/i/ee/ll/65a33e27a536ecbe08ab9e110fb080fd.jpg,https://d4.by/image/catalog/i/ee/ll/bb5f65b0818aa85fb90e7698087932f8.jpg"
"218805";"Kia";"Rio";"2016";"КПП механическая (МКПП)";"";"бензин";"1.4";"";"";"седан";"";"0";"0";"";"";"0";"2g82gj";"Гарантия на проверку и установку ,с погоревшого авто";"0";"0";"";"131";"USD";"";"";"";"";"";"https://d4.by/image/catalog/d4_img/1643414400/1643446339845_1643446330934875857228288100167.jpg,https://d4.by/image/catalog/d4_img/1643414400/1643446348857_16434463416443816551049832264209.jpg,https://d4.by/image/catalog/d4_img/1643414400/1643446357260_16434463511041662031942708114963.jpg"
"333816";"SsangYong";"Actyon";"2007";"КПП механическая (МКПП)";"";"дизель";"2.0";"";"";"";"";"0";"0";"";"";"0";"g3102009016";"Из Бельгии. Гарантия на установку и проверку. Без раздатки Дефект кулисы";"0";"0";"";"120";"USD";"";"";"";"";"";"https://d4.by/image/catalog/d4_img/1735603200/1735630849741_17356308446742109406501434164915.jpg,https://d4.by/image/catalog/d4_img/1735603200/1735630843573_17356308388721385472438161959619.jpg,https://d4.by/image/catalog/d4_img/1735603200/1735630837923_173563083062571556348548429693.jpg,https://d4.by/image/catalog/d4_img/1735603200/1735630828634_17356308231654576474370139569486.jpg,https://d4.by/image/catalog/d4_img/1735603200/1735630822287_17356308148371831419644965469335.jpg,https://d4.by/image/catalog/d4_img/1735603200/1735631049247_17356310437953407709626775744277.jpg"
"252178";"Rover";"75";"2001";"КПП механическая (МКПП)";"";"бензин";"2.5";"";"";"";"";"0";"0";"";"";"0";"20s44";"Гарантия на проверку и установку ";"0";"0";"";"59";"USD";"";"";"";"";"";"https://d4.by/image/catalog/d4_img/1661558400/1661583000849_16615829957501867300809351202214.jpg,https://d4.by/image/catalog/d4_img/1661558400/1661582993999_1661582986360783592066098350581.jpg"
"252177";"Citroen";"ZX";"1996";"КПП механическая (МКПП)";"";"бензин";"1.6";"";"";"";"";"0";"0";"";"";"0";"20ch62";"Гарантия на проверку и установку ";"0";"0";"";"90";"USD";"";"";"";"";"";"https://d4.by/image/catalog/d4_img/1661558400/1661582902792_16615828961247120458212898923437.jpg,https://d4.by/image/catalog/d4_img/1661558400/1661582912062_16615829056563785055822607476288.jpg"
"346165";"Fiat";"Stilo";"2006";"КПП механическая (МКПП)";"";"бензин";"1.6";"";"";"";"";"0";"0";"";"";"0";"";"Из Бельгии. Гарантия на установку и проверку. ";"0";"0";"Под Опель мотор ";"170";"USD";"";"";"";"";"";"https://d4.by/image/catalog/d4_img/1744070400/1744101519448_17441015152821791545127085277825.jpg,https://d4.by/image/catalog/d4_img/1744070400/1744101528644_17441015243084997287596420675017.jpg,https://d4.by/image/catalog/d4_img/1744070400/1744101514454_17441015064528558529267568312399.jpg,https://d4.by/image/catalog/d4_img/1744070400/1744101504590_17441014966335050993297479782581.jpg,https://d4.by/image/catalog/d4_img/1744070400/1744101495700_17441014881122598934550318624579.jpg,https://d4.by/image/catalog/d4_img/1744070400/1744101486572_17441014812122170895148535310334.jpg"
"300336";"Fiat";"Marea";"1998";"КПП механическая (МКПП)";"";"бензин";"1.8";"";"";"";"";"0";"0";"";"";"0";"";"Гарантия на установку и проверку Маркировка не читается ";"0";"0";"";"28";"USD";"";"";"";"";"";"https://d4.by/image/catalog/d4_img/1702857600/1702895559092_17028955546017170069557478821070.jpg,https://d4.by/image/catalog/d4_img/1702857600/1702895552659_17028955483774180761757776460644.jpg,https://d4.by/image/catalog/d4_img/1702857600/1702895546586_17028955411906552450089108574044.jpg"
"309004";"Renault";"Sandero";"2013";"КПП механическая (МКПП)";"";"бензин";"0.9";"";"";"";"";"0";"0";"";"";"0";"Jh3336";"Из Бельгии, хорошее состояние, гарантия ";"0";"0";"";"250";"USD";"";"";"";"";"";"https://d4.by/image/catalog/d4_img/1712966400/1713016942103_17130169386647664531970149313451.jpg,https://d4.by/image/catalog/d4_img/1712966400/1713016937176_17130169328384472186508167540118.jpg,https://d4.by/image/catalog/d4_img/1712966400/1713016929716_1713016921946476222149696290306.jpg,https://d4.by/image/catalog/d4_img/1712966400/1713016947414_17130169435984271098375550069124.jpg,https://d4.by/image/catalog/d4_img/1712966400/1713016960173_17130169484152223390848132844932.jpg,https://d4.by/image/catalog/d4_img/1712966400/1713016990539_17130169745793478287875841533863.jpg,https://d4.by/image/catalog/d4_img/1712966400/1713016995443_17130169914025388966587102480686.jpg"
"230974";"Kia";"Sorento";"2008";"КПП механическая (МКПП)";"";"дизель";"2.5";"CRDi";"";"";"";"0";"0";"";"";"0";"";"Из Бельгии, гарантия на проверку и установку, с двигателя d4cb";"0";"0";"";"41";"USD";"";"";"";"";"";"https://d4.by/image/catalog/d4_img/1649980800/1650004740826_16500047313154016823344889865403.jpg,https://d4.by/image/catalog/d4_img/1649980800/1650004764507_16500047553917755680301075002719.jpg,https://d4.by/image/catalog/d4_img/1649980800/1650004750076_16500047432918602773291226593602.jpg"
"33886368";"Kia";"Rio";"2005";"КПП механическая (МКПП)";"";"бензин";"1.6";"";"";"";"";"";"";"";"";"";"";"из Бельгии, небольшой пробег ";"0";"0";"";"86";"USD";"";"";"";"";"";"https://d4.by/image/catalog/i/fi/bf/46e05ec2b913b99a5a19f4063b11c20e.jpg"
"33925614";"Opel";"Meriva";"2007";"КПП механическая (МКПП)";"";"дизель";"1.7";"CDTi";"";"";"";"0";"0";"";"";"0";"55194293";"из Бельгии, небольшой пробег.";"0";"0";"";"171";"USD";"";"";"";"";"";"https://d4.by/image/catalog/i/lc/oc/7db04c61d8f847c727d95a488528e8ca.jpg"
"222585";"Mazda";"323";"1996";"КПП механическая (МКПП)";"";"бензин";"1.3";"";"";"";"";"0";"0";"";"";"0";"";"Гарантия на проверку и установку ";"0";"0";"";"32";"USD";"";"";"";"";"";"https://d4.by/image/catalog/d4_img/1645574400/1645600801501_16456007874461507312093093200235.jpg,https://d4.by/image/catalog/d4_img/1645574400/1645600785237_16456007783064149324322769180240.jpg"
"24178134";"Ford";"Fiesta";"2013";"КПП механическая (МКПП)";"";"бензин";"1.0";"Ti";"";"";"";"0";"0";"";"";"0";"2n1r-7f096-db/ea";"из Бельгии хорошее состояние маленький пробег ";"0";"0";"";"157";"USD";"";"";"";"";"";"https://d4.by/image/catalog/d4_img/1745280000/1745310499344_IMG-9e4a0cf2a9b29da6ef40b53d99cbc8f0-V.jpg,https://d4.by/image/catalog/i/bj/ga/9f7576fed481494ad0daae9fec0db613.jpg,https://d4.by/image/catalog/i/bj/ga/52ce8d2563d24654cdacf1e8b15e5e25.jpg"
"245843";"Renault";"Safrane";"1993";"КПП механическая (МКПП)";"";"дизель";"2.1";"TD";"";"";"";"0";"0";"";"";"0";"Pk1aa007";"Гарантия на проверку и установку ";"0";"0";"";"63";"USD";"";"";"";"";"";"https://d4.by/image/catalog/d4_img/1658102400/1658125826449_16581258140972261888380658493784.jpg,https://d4.by/image/catalog/d4_img/1658102400/1658125811847_16581258055435779477892669940532.jpg"
"364945";"Geely";"Emgrand 7";"2020";"КПП механическая (МКПП)";"";"бензин";"1.5";"";"";"";"";"0";"0";"";"";"0";"";"Гарантия на установку и проверку ";"0";"0";"";"1000";"USD";"";"";"";"";"";"https://d4.by/image/catalog/d4_img/1760572800/1760618811078_17606188050716475518677793252801.jpg,https://d4.by/image/catalog/d4_img/1760572800/1760618804203_17606187966756863326994378806996.jpg,https://d4.by/image/catalog/d4_img/1760572800/1760618820050_17606188123638118800544071369400.jpg,https://d4.by/image/catalog/d4_img/1760572800/1760618828634_17606188207939088788316148903935.jpg,https://d4.by/image/catalog/d4_img/1760572800/1760618837609_17606188294368923724836589814420.jpg,https://d4.by/image/catalog/d4_img/1760572800/1760618850190_17606188384745623626890597667816.jpg"
"24834553";"Kia";"Picanto";"2008";"КПП механическая (МКПП)";"";"дизель";"1.1";"CRDi";"";"";"";"";"";"";"";"";"";"из Бельгии, небольшой пробег";"0";"0";"";"81";"USD";"";"";"";"";"";"https://d4.by/image/catalog/i/gn/fn/1dbfa00a83da1f6425a76aefeeff2dd4.jpg"
"363359";"Ford";"Mondeo";"1995";"КПП механическая (МКПП)";"";"бензин";"1.8";"";"";"";"";"0";"0";"";"";"0";"";"Гарантия на установку и проверку. с двигателя RKA";"0";"0";"";"26";"USD";"";"";"";"";"";"https://d4.by/image/catalog/d4_img/1759190400/1759214002612_17592139969488277534718222148880.jpg,https://d4.by/image/catalog/d4_img/1760918400/1760941670783_17609416644622068497132114865225.jpg,https://d4.by/image/catalog/d4_img/1760918400/1760941663679_1760941656763257058046360625785.jpg,https://d4.by/image/catalog/d4_img/1760918400/1760941678156_17609416716703186747013833858043.jpg,https://d4.by/image/catalog/d4_img/1760918400/1760941684909_17609416790495906811106705822941.jpg"
"24083335";"Fiat";"Idea";"2005";"КПП механическая (МКПП)";"";"дизель";"1.9";"JTD";"МКПП";"";"";"";"";"";"";"";"";"из Бельгии, хорошее состояние";"0";"0";"";"65";"USD";"";"";"";"";"";"https://d4.by/image/catalog/i/mj/hh/d2aec883ad7c905c5d6efd2c77002abb.jpg"
"23920125";"Volvo";"S40";"2007";"КПП механическая (МКПП)";"";"дизель";"1.6";"HDi";"МКПП";"";"";"";"";"";"";"";"";"хорошее состояние, из Бельгии";"0";"0";"";"36";"USD";"";"";"";"";"";"https://d4.by/image/catalog/i/cg/hl/065e0d8c3ee93084e1228b1396ab3c70.jpg"
"23756544";"Volvo";"V40";"2002";"КПП механическая (МКПП)";"";"дизель";"1.9";"DCi";"МКПП";"";"";"";"";"";"";"";"";"из Бельгии, хорошее состояние";"0";"0";"";"26";"USD";"";"";"";"";"";"https://d4.by/image/catalog/i/al/pj/7ebd65cd3f53761bebc14ad81a4ea1c3.jpg"
"23729733";"Volvo";"V70";"1997";"КПП механическая (МКПП)";"";"дизель";"2.5";"TDi";"МКПП";"";"";"";"";"";"";"";"";"хорошее состояние, из Бельгии";"0";"0";"";"27";"USD";"";"";"";"";"";"https://d4.by/image/catalog/i/ee/dk/bb7d6c7ea0a9907543f006248a0a423b.jpg"
"23729719";"Volvo";"V70";"1997";"КПП механическая (МКПП)";"";"дизель";"2.5";"TDi";"";"";"";"";"";"";"";"";"m56l2 3/57";"хорошее состояние, из Бельгии";"0";"0";"";"26";"USD";"";"";"";"";"";"https://d4.by/image/catalog/i/mo/kc/5de574e3ff5ea9fe4ca650b0d24e1318.jpg"
"23727741";"Volvo";"V40";"2001";"КПП механическая (МКПП)";"";"дизель";"1.9";"DCi";"МКПП";"";"";"";"";"";"";"";"";"хорошее состояние, из Бельгии ";"0";"0";"";"26";"USD";"";"";"";"";"";"https://d4.by/image/catalog/i/eo/bd/44f38339114a60edade4875356021593.jpg"
"23727313";"Volvo";"S40";"2004";"КПП механическая (МКПП)";"";"дизель";"1.9";"DCi";"МКПП";"";"";"";"";"";"";"";"";"хорошее состояние, из Бельгии ";"0";"0";"";"27";"USD";"";"";"";"";"";"https://d4.by/image/catalog/i/co/id/5e299f31bbbb5831e2585ef80bb5b020.jpg"
"23727266";"Volvo";"V40";"2004";"КПП механическая (МКПП)";"";"дизель";"1.9";"DCi";"МКПП";"";"";"";"";"";"";"";"";"хорошее состояние, из Бельгии ";"0";"0";"";"26";"USD";"";"";"";"";"";"https://d4.by/image/catalog/i/bo/gh/9edcf0c883536f4d9b263ef9938662bf.jpg"
"23727261";"Volvo";"V40";"2003";"КПП механическая (МКПП)";"";"дизель";"1.9";"DCi";"МКПП";"";"";"";"";"";"";"";"";"хорошее состояние, из Бельгии ";"0";"0";"";"26";"USD";"";"";"";"";"";"https://d4.by/image/catalog/i/ho/gn/13c89722a1a7a2161bab60e5aa7a2133.jpg"
"23727141";"Volvo";"V40";"2001";"КПП механическая (МКПП)";"";"дизель";"1.9";"DCi";"МКПП";"";"";"";"";"";"";"";"";"хорошее состояние, из Бельгии ";"0";"0";"";"26";"USD";"";"";"";"";"";"https://d4.by/image/catalog/i/bk/oh/ee907525158f014b212345dae81cfb25.jpg"
"23707952";"Volvo";"V40";"2002";"КПП механическая (МКПП)";"";"дизель";"1.9";"DCi";"МКПП";"";"";"";"";"";"";"";"";"из Бельгии, хорошее состояние";"0";"0";"";"26";"USD";"";"";"";"";"";"https://d4.by/image/catalog/i/kf/bh/2ce73ac810d867053f89cf8a7870cbc3.jpg"
"23707924";"Volvo";"V40";"2002";"КПП механическая (МКПП)";"";"дизель";"1.9";"DCi";"МКПП";"";"";"";"";"";"";"";"P30616072";"хорошее состояние, из Бельгии";"0";"0";"";"26";"USD";"";"";"";"";"";"https://d4.by/image/catalog/i/en/ch/5a2410d83261e8e9f80b423fb5e24990.jpg"
"23707739";"Volvo";"V40";"2003";"КПП механическая (МКПП)";"";"дизель";"1.9";"DCi";"МКПП";"";"";"";"";"";"";"";"";"хорошее состояние, из Бельгии";"0";"0";"";"26";"USD";"";"";"";"";"";"https://d4.by/image/catalog/i/lp/bo/f154f01d373659b4f900564e3be0de21.jpg"
"23707706";"Volvo";"V40";"2001";"КПП механическая (МКПП)";"";"дизель";"1.9";"DCi";"МКПП";"";"";"";"";"";"";"";"PMR912488";"хорошее состояние, из Бельгии";"0";"0";"";"26";"USD";"";"";"";"";"";"https://d4.by/image/catalog/i/gm/bj/8b5bb82fa59044950da99550c53e557e.jpg"
"23592737";"Hyundai";"Matrix";"2005";"КПП механическая (МКПП)";"";"дизель";"1.5";"DCi";"";"";"";"";"";"";"";"";"J21973";"хорошее состояние, из Бельгии";"0";"0";"";"32";"USD";"";"";"";"";"";"https://d4.by/image/catalog/i/dn/bi/437dbb8f652a96e71b9cea38e407b4ae.jpg"
"23587638";"Chrysler";"PT-Cruiser";"2004";"КПП механическая (МКПП)";"";"дизель";"2.2";"DCi";"МКПП";"";"";"";"";"";"";"";"";"хорошее состояние, из Бельгии";"0";"0";"";"27";"USD";"";"";"";"";"";"https://d4.by/image/catalog/i/hn/mk/5f710d00538996dd3395ab6977d07fc4.jpg"
"23494711";"Citroen";"Berlingo";"1999";"КПП механическая (МКПП)";"";"дизель";"1.9";"";"МКПП";"";"";"";"";"";"";"";"20ch46";"хорошее состояние, из Бельгии";"0";"0";"";"45";"USD";"";"";"";"";"";"https://d4.by/image/catalog/i/ke/ob/f1d89ecda38695a2c02cdc26c0a1969a.jpg"
"23477558";"Peugeot";"309";"1992";"КПП механическая (МКПП)";"";"бензин";"1.6";"";"МКПП";"";"";"";"";"";"";"";"20cl05";"";"0";"0";"";"32";"USD";"";"";"";"";"";"https://d4.by/image/catalog/i/ep/mf/b4fadeb675b12aa47b141be097767b0e.jpg"
"23466710";"Citroen";"C15";"1995";"КПП механическая (МКПП)";"";"дизель";"1.9";"D";"МКПП";"";"";"";"";"";"";"";"20te11";"хорошее состояние, из Бельгии";"0";"0";"";"41";"USD";"";"";"";"";"";"https://d4.by/image/catalog/i/jp/jj/203d8c53381f7693a49f20186fab5574.jpg"
"23466485";"Volvo";"V40";"2001";"КПП механическая (МКПП)";"";"дизель";"1.9";"DCi";"МКПП";"";"";"";"";"";"";"";"";"хорошее состояние, из Бельгии";"0";"0";"";"26";"USD";"";"";"";"";"";"https://d4.by/image/catalog/i/gf/bn/aefb19e7fec475b1bbfcd1683df90c4b.jpg"
"23453006";"Volkswagen";"Passat";"1986";"КПП механическая (МКПП)";"";"бензин";"2.2";"";"МКПП";"";"";"";"";"";"";"";"";"из Германии";"0";"0";"";"41";"USD";"";"";"";"";"";"https://d4.by/image/catalog/i/gd/ip/e448012bee48b2bb92a9c919b9a95685.jpg"
"201914";"Peugeot";"206";"1999";"КПП механическая (МКПП)";"";"бензин";"1.1";"";"";"";"";"0";"0";"";"";"0";"";"Маркировка не читаеться, с аварийного авто, гарантия на проверку и установку ";"0";"0";"";"54";"USD";"";"";"";"";"";"https://d4.by/image/catalog/d4_img/1633737600/1633773623631_16337736166958464419838314231396.jpg,https://d4.by/image/catalog/d4_img/1633737600/1633773614186_16337736026722965807069227470169.jpg"
"34960474";"Kia";"Picanto";"2005";"КПП механическая (МКПП)";"";"дизель";"1.1";"CRD";"";"";"";"";"";"";"";"";"r62073";"из Бельгии не большой пробег ";"0";"0";"";"81";"USD";"";"";"";"";"";"https://d4.by/image/catalog/i/ld/id/2db8384d61f06a835a947e4f3adf06e7.jpg"
"34960529";"Hyundai";"i10";"2009";"КПП механическая (МКПП)";"";"дизель";"1.1";"CRDi";"";"";"";"";"";"";"";"";"R82073";"из Бельгии не большой пробег ,";"0";"0";"";"94";"USD";"";"";"";"";"";"https://d4.by/image/catalog/i/ep/id/47c5628e0b6f7c058f062cce4020b473.jpg"
"53272103";"Hyundai";"Matrix";"2008";"КПП механическая (МКПП)";"";"дизель";"1.5";"CRDi";"";"";"";"";"";"";"";"";"P71767";"Из Бельгии, не большой пробег ";"0";"0";"";"32";"USD";"";"";"";"";"";"https://d4.by/image/catalog/i/da/km/163b0fcc9ce87f3a5db7682259a19791.jpg"
"53297927";"Hyundai";"Getz";"2006";"КПП механическая (МКПП)";"";"дизель";"1.5";"CRDi";"";"";"";"";"";"";"";"";"P61759";"Из Бельгии, не большой пробег ,";"0";"0";"";"21";"USD";"";"";"";"";"";"https://d4.by/image/catalog/i/mf/fa/eb9b2aaf144027e2508720b07008fd6b.jpg"
"296597";"Seat";"Ibiza";"2006";"КПП механическая (МКПП)";"";"бензин";"1.2";"";"";"";"";"0";"0";"";"";"0";"JJL";"Из Бельгии гарантия на установку и проверку ";"0";"0";"";"190";"USD";"";"";"";"";"";"https://d4.by/image/catalog/d4_img/1699056000/1699098776043_16990987687436355132012918419654.jpg,https://d4.by/image/catalog/d4_img/1699056000/1699098784778_16990987772212088365344672249557.jpg"
"360897";"Peugeot";"806";"1998";"КПП механическая (МКПП)";"";"бензин";"1.8";"";"";"";"";"0";"0";"";"";"0";"20TE19";"Из Бельгии. Гарантия на установку и проверку ";"0";"0";"";"200";"USD";"";"";"";"";"";"https://d4.by/image/catalog/d4_img/1757116800/1757159752495_17571597472063111312332729676008.jpg,https://d4.by/image/catalog/d4_img/1757116800/1757159746297_17571597405673221320616877456644.jpg,https://d4.by/image/catalog/d4_img/1757116800/1757159814633_17571598094462954251215999709647.jpg,https://d4.by/image/catalog/d4_img/1757116800/1757159808244_17571598013767152544436597860657.jpg,https://d4.by/image/catalog/d4_img/1757116800/1757159760011_17571597534243998043132692542946.jpg"
"333584";"Lancia";"Delta";"2010";"КПП механическая (МКПП)";"";"бензин";"1.4";"Ti";"";"";"";"0";"0";"";"";"0";"55193620";"Из Бельгии. Гарантия на установку и проверку ";"0";"0";"";"260";"USD";"";"";"";"";"";"https://d4.by/image/catalog/d4_img/1735344000/1735393283485_17353932782192510177685154639377.jpg,https://d4.by/image/catalog/d4_img/1735344000/1735393307601_17353933022534795489747013100319.jpg,https://d4.by/image/catalog/d4_img/1735344000/1735393326237_17353933085185569917465554847827.jpg,https://d4.by/image/catalog/d4_img/1735344000/1735393332560_17353933271837304366398855755087.jpg"
"54601345";"Lancia";"Ypsilon";"1998";"КПП механическая (МКПП)";"";"бензин";"1.2";"";"";"";"";"";"";"";"";"";"";"Из Бельгии, не большой пробег,";"0";"0";"";"90";"USD";"";"";"";"";"";"https://d4.by/image/catalog/i/bj/gn/19f8cfbcf8cc5c9a5932ec54fa57d0dd.jpg"
"375155_3";"Peugeot";"Boxer";"2009";"КПП механическая (МКПП)";"";"дизель";"2.2";"";"";"";"";"0";"0";"";"";"0";"20GP05";"Из Бельгии.  Гарантия на установку и проверку . 6мкпп";"0";"0";"";"920";"USD";"";"";"";"";"";"https://d4.by/image/catalog/d4_img/1769126400/1769178078504_17691780722997220052280593441903.jpg,https://d4.by/image/catalog/d4_img/1769126400/1769178071550_17691780655161296696885390533364.jpg,https://d4.by/image/catalog/d4_img/1769126400/1769178064697_17691780578163040201129962241237.jpg,https://d4.by/image/catalog/d4_img/1769126400/1769178057021_17691780508955106120413164120630.jpg,https://d4.by/image/catalog/d4_img/1769126400/1769178050154_17691780414722176635251559835457.jpg"
"375155_2";"Fiat";"Ducato";"2009";"КПП механическая (МКПП)";"";"дизель";"2.2";"";"";"";"";"0";"0";"";"";"0";"20GP05";"Из Бельгии.  Гарантия на установку и проверку . 6мкпп";"0";"0";"";"920";"USD";"";"";"";"";"";"https://d4.by/image/catalog/d4_img/1769126400/1769178078504_17691780722997220052280593441903.jpg,https://d4.by/image/catalog/d4_img/1769126400/1769178071550_17691780655161296696885390533364.jpg,https://d4.by/image/catalog/d4_img/1769126400/1769178064697_17691780578163040201129962241237.jpg,https://d4.by/image/catalog/d4_img/1769126400/1769178057021_17691780508955106120413164120630.jpg,https://d4.by/image/catalog/d4_img/1769126400/1769178050154_17691780414722176635251559835457.jpg"
"375155_1";"Citroen";"Jumper";"2009";"КПП механическая (МКПП)";"";"дизель";"2.2";"";"";"";"";"0";"0";"";"";"0";"20GP05";"Из Бельгии.  Гарантия на установку и проверку . 6мкпп";"0";"0";"";"920";"USD";"";"";"";"";"";"https://d4.by/image/catalog/d4_img/1769126400/1769178078504_17691780722997220052280593441903.jpg,https://d4.by/image/catalog/d4_img/1769126400/1769178071550_17691780655161296696885390533364.jpg,https://d4.by/image/catalog/d4_img/1769126400/1769178064697_17691780578163040201129962241237.jpg,https://d4.by/image/catalog/d4_img/1769126400/1769178057021_17691780508955106120413164120630.jpg,https://d4.by/image/catalog/d4_img/1769126400/1769178050154_17691780414722176635251559835457.jpg"
"54868941";"Volkswagen";"Golf Plus";"2007";"КПП механическая (МКПП)";"";"дизель";"2.0";"TDi";"";"";"";"";"";"";"";"";"Kdm";"Из Бельгии, не большой пробег ";"0";"0";"";"89";"USD";"";"";"";"";"";"https://d4.by/image/catalog/i/jl/hl/2236b78ef4d83651b4fca640267fd445.jpg"
"177329";"Opel";"Zafira";"2012";"КПП механическая (МКПП)";"";"дизель";"2.0";"";"";"";"";"0";"0";"";"";"0";"55564375";"Из Бельгии, не большой пробег,";"0";"0";"";"153";"USD";"";"";"";"";"";"https://d4.by/image/catalog/img/1103202101_1615469707159266648808882740750.jpg"
"54869453";"Mini";"One";"2011";"КПП механическая (МКПП)";"";"дизель";"1.6";"TDi";"";"";"";"0";"0";"";"";"0";"7610160-04";"Из Бельгии, не большой пробег";"0";"0";"";"240";"USD";"";"";"";"";"";"https://d4.by/image/catalog/i/kj/ll/a5a3104f444d5d92af22966bc691efcc.jpg,https://d4.by/image/catalog/i/kj/ll/e0ad553377eb7d16ae2457615654acbb.jpg,https://d4.by/image/catalog/i/kj/ll/84029c8f984a2ac1011a8aeeab68f419.jpg"
"54869465";"Citroen";"C3 Picasso";"2008";"КПП механическая (МКПП)";"";"дизель";"1.6";"HDi";"";"";"";"";"";"";"";"";"20dp58";"Из Бельгии, не большой пробег";"0";"0";"";"48";"USD";"";"";"";"";"";"https://d4.by/image/catalog/i/ie/bg/9a71bb3abaa618b88c43def1d6eb1545.jpg"
"54869672";"Suzuki";"Liana";"2004";"КПП механическая (МКПП)";"";"дизель";"1.4";"HDi";"";"";"";"";"";"";"";"";"20dm82";"Из Бельгии, пробег 150.000км ";"0";"0";"";"62";"USD";"";"";"";"";"";"https://d4.by/image/catalog/i/mo/in/2c5a8c878210684ef6c65bc864de0454.jpg"
"54875069";"Kia";"Picanto";"2007";"КПП механическая (МКПП)";"";"дизель";"1.1";"CRDi";"";"";"";"";"";"";"";"";"r62073";"Из Бельгии, не большой пробег,";"0";"0";"";"81";"USD";"";"";"";"";"";"https://d4.by/image/catalog/i/jo/dk/16cb4f7ea565a2a983150725bc63be1e.jpg"
"54876616";"Hyundai";"Accent";"2007";"КПП механическая (МКПП)";"";"дизель";"1.5";"CRDi";"";"";"";"";"";"";"";"";"P71763";"Из Бельгии, не большой пробег ";"0";"0";"";"33";"USD";"";"";"";"";"";"https://d4.by/image/catalog/i/bn/be/2522ac2803193f6eb10ddd9eb571457f.jpg"
"352893";"Iveco";"Daily";"2003";"КПП механическая (МКПП)";"";"дизель";"2.8";"";"";"";"";"0";"0";"";"";"0";"8869118,5s20028e01,8212456";"Из Бельгии. Гарантия на установку и проверку ";"0";"0";"";"330";"USD";"";"";"";"";"";"https://d4.by/image/catalog/d4_img/1751328000/1751367552529_17513675473946880545279083273098.jpg,https://d4.by/image/catalog/d4_img/1751328000/1751367558266_17513675533773929799922471868590.jpg,https://d4.by/image/catalog/d4_img/1751328000/1751367576134_17513675721711390528787544059814.jpg,https://d4.by/image/catalog/d4_img/1751328000/1751367570535_17513675647354132315310401255861.jpg,https://d4.by/image/catalog/d4_img/1751328000/1751367563690_17513675592653080247671625072725.jpg"
"362351";"Dacia";"Sandero";"2011";"КПП механическая (МКПП)";"";"бензин";"1.2";"";"";"";"";"0";"0";"";"";"0";"JH3077";"Из Бельгии. Гарантия на установку и проверку. ";"0";"0";"";"280";"USD";"";"";"";"";"";"https://d4.by/image/catalog/d4_img/1758153600/1758183198779_17581831943733659945986048739563.jpg,https://d4.by/image/catalog/d4_img/1758153600/1758183186393_17581831811023856067767021849891.jpg,https://d4.by/image/catalog/d4_img/1758153600/1758183193534_1758183187235559221893017613790.jpg,https://d4.by/image/catalog/d4_img/1758153600/1758183212351_17581832068313681059072776017870.jpg,https://d4.by/image/catalog/d4_img/1758153600/1758183205935_17581831996592932416550150195215.jpg"
"268834";"Renault";"Captur";"2014";"КПП механическая (МКПП)";"";"дизель";"1.5";"DCi";"";"";"";"0";"0";"";"";"0";"Jr5332";"Из Бельгии гарантия на проверку и установку ";"0";"0";"";"230";"USD";"";"";"";"";"";"https://d4.by/image/catalog/d4_img/1676332800/1676372053024_16763720377834877085749608350680.jpg,https://d4.by/image/catalog/d4_img/1676332800/1676372035890_16763720292474232859358366824567.jpg"
"360961";"Peugeot";"807";"2003";"КПП механическая (МКПП)";"";"бензин";"2.0";"";"";"";"";"0";"0";"";"";"0";"20DL27";"Из Бельгии. Гарантия на установку и проверку ";"0";"0";"";"110";"USD";"";"";"";"";"";"https://d4.by/image/catalog/d4_img/1757289600/1757315510902_1757315506489700689849209425808.jpg,https://d4.by/image/catalog/d4_img/1757289600/1757315498197_17573154921503314276670875340852.jpg,https://d4.by/image/catalog/d4_img/1757289600/1757315504921_17573154994025981330691346927412.jpg,https://d4.by/image/catalog/d4_img/1757289600/1757315491118_17573154856982910357242446357090.jpg,https://d4.by/image/catalog/d4_img/1757289600/1757315484813_17573154798838822077678232499702.jpg"
"174093";"Honda";"FR-V";"2007";"КПП механическая (МКПП)";"";"дизель";"2.2";"";"";"";"";"0";"0";"";"";"0";"jvf7";"Из Бельгии, не большой пробег ";"0";"0";"";"41";"USD";"";"";"";"";"";"https://d4.by/image/catalog/img/170000_180000/174092/1702202110_43865012-A8AC-4F57-8C2E-2B0F17F579A1.png"
"174360";"Peugeot";"108";"2015";"КПП механическая (МКПП)";"";"бензин";"1.0";"";"";"";"";"0";"0";"";"";"0";"2055tt";"Из Бельгии, не большой пробег";"0";"0";"";"90";"USD";"";"";"";"";"";"https://d4.by/image/catalog/img/1802202108_16136383325363098825553954590694.jpg,https://d4.by/image/catalog/img/1802202108_16136383174452421785162180777431.jpg"
"177409";"Hyundai";"Coupe";"2000";"КПП механическая (МКПП)";"";"бензин";"1.6";"";"";"";"";"0";"0";"";"";"0";"jy1873";"Из, бельгии, не большой пробег ";"0";"0";"";"68";"USD";"";"";"";"";"";"https://d4.by/image/catalog/img/1203202112_16155416430802767742869091956169.jpg"
"177412";"Hyundai";"i20";"2010";"КПП механическая (МКПП)";"";"дизель";"1.4";"";"";"";"";"0";"0";"";"";"0";"";"Из, бельгии, не большой пробег, гарантия ";"0";"0";"";"100";"USD";"";"";"";"";"";"https://d4.by/image/catalog/img/1203202112_16155419910679004034445775414785.jpg"
"296430";"Audi";"A4";"2016";"КПП механическая (МКПП)";"";"дизель";"2.0";"TDi";"";"";"";"0";"0";"";"";"0";"PZF";"Из Бельгии. Гарантия на установку и проверку  ";"0";"0";"";"350";"USD";"";"";"";"";"";"https://d4.by/image/catalog/d4_img/1698883200/1698936490561_16989364855025181690829163644037.jpg,https://d4.by/image/catalog/d4_img/1698883200/1698936484557_16989364795025479361968530683363.jpg,https://d4.by/image/catalog/d4_img/1698883200/1698936478470_16989364735191636500535133726530.jpg,https://d4.by/image/catalog/d4_img/1698883200/1698936471955_16989364647223843500546271192418.jpg"
"325158";"Renault";"Safrane";"1994";"КПП механическая (МКПП)";"";"бензин";"2.0";"";"";"";"";"0";"0";"";"";"0";"Pk1AA021";"Гарантия на установку и проверку. ";"0";"0";"";"40";"USD";"";"";"";"";"";"https://d4.by/image/catalog/d4_img/1728000000/1728030898724_17280308910951661170121010023661.jpg,https://d4.by/image/catalog/d4_img/1728000000/1728030889526_17280308844632174404448245962004.jpg,https://d4.by/image/catalog/d4_img/1728000000/1728030882857_17280308780147803692498711767888.jpg,https://d4.by/image/catalog/d4_img/1728000000/1728030877160_17280308719322593603406565114511.jpg"
"352754";"Renault";"Master";"2003";"КПП механическая (МКПП)";"";"дизель";"2.5";"";"";"";"";"0";"0";"";"";"0";"PK6029";"Из Бельгии. Гарантия на установку и проверку  Небольшой люфтик в кулисе ";"0";"0";"";"250";"USD";"";"";"";"";"";"https://d4.by/image/catalog/d4_img/1751241600/1751289823265_17512898183511801679930532304888.jpg,https://d4.by/image/catalog/d4_img/1751241600/1751289817208_17512898115793284377032434960918.jpg,https://d4.by/image/catalog/d4_img/1751241600/1751289804495_17512897995303080082544858593223.jpg,https://d4.by/image/catalog/d4_img/1751241600/1751289810048_17512898053408859026143298798964.jpg"
"352752";"Kia";"Carens";"2004";"КПП механическая (МКПП)";"";"бензин";"1.6";"";"";"";"";"0";"0";"";"";"0";"";"Из Бельгии. Гарантия на установку и проверку  С двигателя s6d";"0";"0";"";"280";"USD";"";"";"";"";"";"https://d4.by/image/catalog/d4_img/1751241600/1751289357144_17512893514885372422642774931628.jpg,https://d4.by/image/catalog/d4_img/1751241600/1751289363934_17512893579773657016294899556127.jpg,https://d4.by/image/catalog/d4_img/1751241600/1751289370228_1751289364829909679438200603329.jpg,https://d4.by/image/catalog/d4_img/1751241600/1751289379844_17512893711669194684934862818371.jpg,https://d4.by/image/catalog/d4_img/1751241600/1751289385091_17512893810084108695752743072794.jpg"
"325157";"Ford";"Mondeo";"2004";"КПП механическая (МКПП)";"";"дизель";"2.0";"TDCi";"";"";"";"0";"0";"";"";"0";"";"Гарантия на установку и проверку. Авто после возгорания  Маркировка не читается ";"0";"0";"";"30";"USD";"";"";"";"";"";"https://d4.by/image/catalog/d4_img/1728000000/1728030754299_172803074930436884246395468563.jpg,https://d4.by/image/catalog/d4_img/1728000000/1728030761919_17280307566027856641611998811377.jpg,https://d4.by/image/catalog/d4_img/1728000000/1728030771401_172803076286753569299184230803.jpg,https://d4.by/image/catalog/d4_img/1728000000/1728030748435_17280307444818956267963797895764.jpg,https://d4.by/image/catalog/d4_img/1728000000/1728030743651_17280307374534091709748379496307.jpg"
"325156";"Mazda";"323F";"1994";"КПП механическая (МКПП)";"";"бензин";"1.6";"";"";"";"";"0";"0";"";"";"0";"";" Гарантия на установку и проверку. Маркировка не читается ";"0";"0";"";"80";"USD";"";"";"";"";"";"https://d4.by/image/catalog/d4_img/1728000000/1728029887097_17280298823357558972705062759046.jpg,https://d4.by/image/catalog/d4_img/1728000000/1728029893177_17280298889007769829812515882762.jpg,https://d4.by/image/catalog/d4_img/1728000000/1728029879280_17280298740473004272978186002214.jpg,https://d4.by/image/catalog/d4_img/1728000000/1728029873259_17280298694415656973540425896374.jpg,https://d4.by/image/catalog/d4_img/1728000000/1728029866756_17280298609173876175644453255389.jpg"
"201063";"Toyota";"Corolla Verso";"2007";"КПП механическая (МКПП)";"";"дизель";"2.0";"";"";"";"";"0";"0";"";"";"0";"Не читается ";"Из Бельгии, не большой пробег, гарантия на проверку и установку . Перед заказом сравнивайте со своей,(есть варианты)";"0";"0";"";"146";"USD";"";"";"";"";"";"https://d4.by/image/catalog/d4_img/1633132800/1633162041044_16331620340117952930634760930730.jpg,https://d4.by/image/catalog/d4_img/1633132800/1633162050076_16331620432715855954071831773896.jpg"
"352748";"Opel";"Movano";"2006";"КПП механическая (МКПП)";"";"дизель";"2.5";"";"";"";"";"0";"0";"";"";"0";"PK6380";"Из Бельгии. Гарантия на установку и проверку  Люфт кулисы";"0";"0";"";"300";"USD";"";"";"";"";"";"https://d4.by/image/catalog/d4_img/1751241600/1751286141458_17512861361664931861523171263146.jpg,https://d4.by/image/catalog/d4_img/1751241600/1751286146727_17512861423105264406410378885433.jpg,https://d4.by/image/catalog/d4_img/1751241600/1751286152744_17512861481526043278098223946593.jpg,https://d4.by/image/catalog/d4_img/1751241600/1751286171236_17512861664059211688384111877044.jpg,https://d4.by/image/catalog/d4_img/1751241600/1751286163205_17512861537887030375004052327258.jpg"
"201893";"Volkswagen";"Sharan";"2002";"КПП механическая (МКПП)";"";"дизель";"1.9";"TDi";"";"";"";"0";"0";"";"";"0";"fux";"Из Бельгии,люфт вала, 6ст.на запчасти ";"0";"0";"";"32";"USD";"";"";"";"";"";"https://d4.by/image/catalog/d4_img/1633737600/1633763079716_16337630506508176923388767831023.jpg,https://d4.by/image/catalog/d4_img/1633737600/1633763091439_16337630820858627939771591371461.jpg"
"351686";"Renault";"Midlum";"2001";"КПП механическая (МКПП)";"";"дизель";"6.2";"";"";"";"";"0";"0";"";"";"0";"Y05206r,fsh5206a,tc161902";"Из Бельгии. Гарантия на установку и проверку, без ПГУ";"0";"0";"";"2300";"USD";"";"";"";"";"";"https://d4.by/image/catalog/d4_img/1750464000/1750497713855_17504977089893880120994898094017.jpg,https://d4.by/image/catalog/d4_img/1750464000/1750497707380_17504977024434099071504158225905.jpg,https://d4.by/image/catalog/d4_img/1750464000/1750497718576_17504977148306008504753220869504.jpg,https://d4.by/image/catalog/d4_img/1750464000/1750497725893_17504977201834468507954246181614.jpg"
"241413";"Renault";"Safrane";"1995";"КПП механическая (МКПП)";"";"бензин";"2.0";"";"";"";"";"0";"0";"";"";"0";"Pk1aa021";"Из Бельгии, гарантия на проверку и установку ";"0";"0";"";"86";"USD";"";"";"";"";"";"https://d4.by/image/catalog/d4_img/1655164800/1655215309851_16552153055297470491709396000564.jpg,https://d4.by/image/catalog/d4_img/1655164800/1655215303460_16552152951214144301144191371730.jpg,https://d4.by/image/catalog/d4_img/1655164800/1655215330104_16552153243817374790024574990067.jpg,https://d4.by/image/catalog/d4_img/1655164800/1655215322474_16552153124837906948226860110494.jpg"
"205892";"Citroen";"Xsara Picasso";"2001";"КПП механическая (МКПП)";"";"бензин";"1.8";"";"";"";"";"0";"0";"";"";"0";"20dl68";"Гарантия на проверку и установку ";"0";"0";"";"42";"USD";"";"";"";"";"";"https://d4.by/image/catalog/d4_img/1636070400/1636120361513_16361203543082735677841621033583.jpg,https://d4.by/image/catalog/d4_img/1636070400/1636120352096_16361203451434988812649212774259.jpg"
"214726";"Rover";"600";"1994";"КПП механическая (МКПП)";"";"бензин";"2.3";"";"";"";"";"0";"0";"";"";"0";"";"Не большой пробег, гарантия на проверку и установку ";"0";"0";"";"68";"USD";"";"";"";"";"";"https://d4.by/image/catalog/d4_img/1640908800/1640933414721_16409334065678289801256893364869.jpg,https://d4.by/image/catalog/d4_img/1640908800/1640933392228_16409333840003491768677576839528.jpg,https://d4.by/image/catalog/d4_img/1640908800/1640933402078_16409333945646002994149560112584.jpg,https://d4.by/image/catalog/d4_img/1640908800/1640933428827_1640933417511110325759124312167.jpg"
"221137";"Mercedes";"C W204";"2008";"КПП механическая (МКПП)";"";"бензин";"1.8";"Ti";"";"";"";"0";"0";"";"";"0";"2042600500";"Из Бельгии, гарантия на проверку и установку ";"0";"0";"";"125";"USD";"";"";"";"";"";"https://d4.by/image/catalog/d4_img/1644796800/1644837611015_16448376016011224966747899124925.jpg,https://d4.by/image/catalog/d4_img/1644796800/1644837618535_16448376128564111710994004879765.jpg"
"267716";"Citroen";"Saxo";"1998";"КПП механическая (МКПП)";"";"бензин";"1.4";"";"";"";"";"0";"0";"";"";"0";"20cf12";"Из Бельгии. Гарантия на установку и проверку ";"0";"0";"";"77";"USD";"";"";"";"";"";"https://d4.by/image/catalog/d4_img/1675382400/1675406227836_1675406223159902303476498123884.jpg,https://d4.by/image/catalog/d4_img/1675382400/1675406244325_16754062398452391988114547089639.jpg,https://d4.by/image/catalog/d4_img/1675382400/1675406235471_16754062313653305999982565603022.jpg"
"211370";"Hyundai";"i20";"2008";"КПП механическая (МКПП)";"";"дизель";"1.4";"";"";"";"";"0";"0";"";"";"0";"v8m5a";"Из Бельгии, не большой пробег, гарантия на проверку и установку ";"0";"0";"";"100";"USD";"";"";"";"";"";"https://d4.by/image/catalog/d4_img/1639353600/1639384967444_16393849605524541802327332529196.jpg,https://d4.by/image/catalog/d4_img/1639353600/1639384999173_16393849932368626310195809220847.jpg,https://d4.by/image/catalog/d4_img/1639353600/1639384981495_16393849693017298899169617847032.jpg,https://d4.by/image/catalog/d4_img/1639353600/1639384990818_16393849836675216201826353210978.jpg"
"272423";"Chrysler";"PT-Cruiser";"2004";"КПП механическая (МКПП)";"";"дизель";"2.2";"";"";"";"";"0";"0";"";"";"0";"Tcg280400016";"Из Бельгии гарантия на проверку и установку ";"0";"0";"";"27";"USD";"";"";"";"";"";"https://d4.by/image/catalog/d4_img/1679529600/1679582610301_16795826039654825373446286238293.jpg,https://d4.by/image/catalog/d4_img/1679529600/1679582627167_16795826117822793970862431850586.jpg"
"276175";"Ford";"Mondeo";"1993";"КПП механическая (МКПП)";"";"бензин";"1.8";"";"";"";"";"0";"0";"";"";"0";"";"Гарантия на проверку и установку ";"0";"0";"";"27";"USD";"";"";"";"";"";"https://d4.by/image/catalog/d4_img/1681776000/1681817937019_16818179307388235054919972853610.jpg,https://d4.by/image/catalog/d4_img/1681776000/1681817960408_16818179546341713916047252803280.jpg,https://d4.by/image/catalog/d4_img/1681776000/1681817952804_16818179460622782607030766124155.jpg,https://d4.by/image/catalog/d4_img/1681776000/1681817944169_16818179386343813477261376332565.jpg"
"217699";"Daihatsu";"Gran Move";"2000";"КПП механическая (МКПП)";"";"бензин";"1.6";"";"";"";"";"0";"0";"";"";"0";"";"Гарантия на проверку и установку маркировка не читаеться ";"0";"0";"";"125";"USD";"";"";"";"";"";"https://d4.by/image/catalog/d4_img/1642636800/1642678076428_16426780695967366256954543523249.jpg,https://d4.by/image/catalog/d4_img/1642636800/1642678095706_16426780786944604718479698700643.jpg"
"297808";"Volkswagen";"Lupo";"2001";"КПП механическая (МКПП)";"";"бензин";"1.0";"";"";"";"";"0";"0";"";"";"0";"";"Из Бельгии при включении передачи, хрустит внутри. На запчасти.";"0";"0";"";"40";"USD";"";"";"";"";"";"https://d4.by/image/catalog/d4_img/1700179200/1700207222492_17002072173473518175699539069051.jpg,https://d4.by/image/catalog/d4_img/1700179200/1700207210049_17002072052362462131335391925534.jpg,https://d4.by/image/catalog/d4_img/1700179200/1700207204198_17002071993347769791714448442887.jpg,https://d4.by/image/catalog/d4_img/1700179200/1700207216231_17002072111653788343911538773919.jpg"
"374751";"Dacia";"Sandero";"2019";"КПП механическая (МКПП)";"";"бензин";"1.0";"";"";"";"";"0";"0";"";"";"0";"jh3397";"Из Бельгии.  Гарантия на установку и проверку,  ";"0";"0";"";"230";"USD";"";"";"";"";"";"https://d4.by/image/catalog/d4_img/1768953600/1769006508212_17690065022242978583549176863212.jpg,https://d4.by/image/catalog/d4_img/1768953600/1769006501514_17690064965327251284895722803422.jpg,https://d4.by/image/catalog/d4_img/1768953600/1769006528948_17690065219005706379887423179276.jpg,https://d4.by/image/catalog/d4_img/1768953600/1769006521135_17690065142517322752308067607845.jpg,https://d4.by/image/catalog/d4_img/1768953600/1769006513418_1769006508931455385130728745851.jpg"
"320231";"MG";"MGF";"1999";"КПП механическая (МКПП)";"";"бензин";"1.8";"";"";"";"";"0";"0";"";"";"0";"";"Из Бельгии. Гарантия на установку и проверку. Маркировка не читается ";"0";"0";"";"25";"USD";"";"";"";"";"";"https://d4.by/image/catalog/d4_img/1723075200/1723118008280_17231180034122235158679952395948.jpg,https://d4.by/image/catalog/d4_img/1723075200/1723117969481_17231179591286937301941198635314.jpg,https://d4.by/image/catalog/d4_img/1723075200/1723118015333_17231180099346176825718392308719.jpg,https://d4.by/image/catalog/d4_img/1723075200/1723118020816_17231180161704315643797334589224.jpg,https://d4.by/image/catalog/d4_img/1723075200/1723117958199_17231179516411124738444085004627.jpg"
"300094";"Mitsubishi";"Fuso Canter";"2005";"КПП механическая (МКПП)";"";"дизель";"3.0";"TDi";"";"";"";"0";"0";"";"";"0";"Z700515,m025ti";"Из Бельгии, хорошее состояние, гарантия";"0";"0";"";"550";"USD";"";"";"";"";"";"https://d4.by/image/catalog/d4_img/1702598400/1702624781548_1702624776965701605634170722935.jpg,https://d4.by/image/catalog/d4_img/1702598400/1702624787093_17026247830531295721092566891833.jpg,https://d4.by/image/catalog/d4_img/1702598400/1702624775926_17026247712555813557413535518916.jpg,https://d4.by/image/catalog/d4_img/1702598400/1702624793217_17026247900155100946474188842722.jpg,https://d4.by/image/catalog/d4_img/1702598400/1702624804703_17026247943054171994128797903760.jpg,https://d4.by/image/catalog/d4_img/1702598400/1702624814658_17026248112384184986594665578204.jpg,https://d4.by/image/catalog/d4_img/1702598400/1702624810280_17026248060867980385496746841375.jpg"
"362377";"Opel";"Zafira";"2007";"КПП механическая (МКПП)";"";"дизель";"1.7";"";"";"";"";"0";"0";"";"";"0";"55194293";"Из Бельгии. Гарантия на установку и проверку ";"0";"0";"";"130";"USD";"";"";"";"";"";"https://d4.by/image/catalog/d4_img/1758153600/1758192856813_1758192851582922662498808626643.jpg,https://d4.by/image/catalog/d4_img/1758153600/1758192850785_17581928453734589970845359498680.jpg,https://d4.by/image/catalog/d4_img/1758153600/1758192885349_17581928794466204688551108348281.jpg,https://d4.by/image/catalog/d4_img/1758153600/1758192878517_17581928662078927345900071426926.jpg,https://d4.by/image/catalog/d4_img/1758153600/1758192865160_17581928596714615503283732261.jpg"
"221106";"Volvo";"S40";"2005";"КПП механическая (МКПП)";"";"бензин";"1.8";"";"";"";"";"0";"0";"";"";"0";"Gn5p7002xc";"Из Бельгии, гарантия на проверку и установку ";"0";"0";"";"48";"USD";"";"";"";"";"";"https://d4.by/image/catalog/d4_img/1644796800/1644834137719_16448341300998814538743047872549.jpg,https://d4.by/image/catalog/d4_img/1644796800/1644834128594_16448341204456838993011377470021.jpg"
"374721";"Volkswagen";"Sharan";"2003";"КПП механическая (МКПП)";"";"бензин";"1.8";"Ti";"";"";"";"0";"0";"";"";"0";"FVP";"Из Бельгии.  Гарантия на установку и проверку,  Вал Без люфта";"0";"0";"";"190";"USD";"";"";"";"";"";"https://d4.by/image/catalog/d4_img/1768953600/1769001419443_17690014127138835822999581442940.jpg,https://d4.by/image/catalog/d4_img/1768953600/1769001411937_17690014044548207603520103285315.jpg,https://d4.by/image/catalog/d4_img/1768953600/1769001403741_17690013981134923439766832875695.jpg,https://d4.by/image/catalog/d4_img/1768953600/1769001426529_17690014205433693867135138750424.jpg"
"362370";"Dacia";"Sandero";"2012";"КПП механическая (МКПП)";"";"бензин";"1.2";"";"";"";"";"0";"0";"";"";"0";"JH3090";"Из Бельгии. Гарантия на установку и проверку ";"0";"0";"";"190";"USD";"";"";"";"";"";"https://d4.by/image/catalog/d4_img/1758153600/1758189083561_17581890781675192085742511029770.jpg,https://d4.by/image/catalog/d4_img/1758153600/1758189098664_17581890944837963990356762519478.jpg,https://d4.by/image/catalog/d4_img/1758153600/1758189077247_17581890719336718222374405098358.jpg,https://d4.by/image/catalog/d4_img/1758153600/1758189093625_17581890852166239450201454860168.jpg,https://d4.by/image/catalog/d4_img/1758153600/1758189071060_17581890649895655988077569839811.jpg"
"362355";"Ford";"C-Max";"2012";"КПП механическая (МКПП)";"";"дизель";"1.6";"";"";"";"";"0";"0";"";"";"0";"av6r7002ld";"Из Бельгии. Гарантия на установку и проверку. ";"0";"0";"";"150";"USD";"";"";"";"";"";"https://d4.by/image/catalog/d4_img/1758153600/1758185480119_17581854753663544904077043767304.jpg,https://d4.by/image/catalog/d4_img/1758153600/1758185463054_17581854579775440954939486883840.jpg,https://d4.by/image/catalog/d4_img/1758153600/1758185468356_17581854640008433714508086398223.jpg,https://d4.by/image/catalog/d4_img/1758153600/1758185457099_17581854509385247667883279090498.jpg,https://d4.by/image/catalog/d4_img/1758153600/1758185486336_17581854812325244873672079773229.jpg,https://d4.by/image/catalog/d4_img/1758153600/1758185473760_17581854692913261101725033150662.jpg"
"362350";"Opel";"Vivaro";"2004";"КПП механическая (МКПП)";"";"дизель";"1.9";"";"";"";"";"0";"0";"";"";"0";"PK6025";"Из Бельгии. Гарантия на установку и проверку. Люфт в кулисе ";"0";"0";"";"170";"USD";"";"";"";"";"";"https://d4.by/image/catalog/d4_img/1758153600/1758182537871_1758182533532777304371519094921.jpg,https://d4.by/image/catalog/d4_img/1758153600/1758182532666_17581825285788477547621399719168.jpg,https://d4.by/image/catalog/d4_img/1758153600/1758182527757_17581825194121976646311322020270.jpg,https://d4.by/image/catalog/d4_img/1758153600/1758182544298_1758182539525522640054691915154.jpg,https://d4.by/image/catalog/d4_img/1758153600/1758182550406_17581825459307383777140445272901.jpg,https://d4.by/image/catalog/d4_img/1758153600/1758182555528_1758182551219132907535555934715.jpg"
"362347";"Renault";"Kangoo";"2012";"КПП механическая (МКПП)";"";"дизель";"1.5";"";"";"";"";"0";"0";"";"";"0";"JR5156";"Из Бельгии. Гарантия на установку и проверку.";"0";"0";"";"190";"USD";"";"";"";"";"";"https://d4.by/image/catalog/d4_img/1758153600/1758181934045_17581819275703695613912467990537.jpg,https://d4.by/image/catalog/d4_img/1758153600/1758181954749_17581819488985888084959532519393.jpg,https://d4.by/image/catalog/d4_img/1758153600/1758181965035_17581819556827107570289015290205.jpg,https://d4.by/image/catalog/d4_img/1758153600/1758181940972_17581819350238247791312884508027.jpg,https://d4.by/image/catalog/d4_img/1758153600/1758181946639_17581819418323492253080668964317.jpg"
"362345";"Renault";"Espace";"2005";"КПП механическая (МКПП)";"";"бензин";"2.0";"Ti";"";"";"";"0";"0";"";"";"0";"PK6063";"Из Бельгии. Гарантия на установку и проверку.";"0";"0";"";"360";"USD";"";"";"";"";"";"https://d4.by/image/catalog/d4_img/1758153600/1758181132684_17581811225514727141764782867589.jpg,https://d4.by/image/catalog/d4_img/1758153600/1758181150442_17581811438067734387302622700268.jpg,https://d4.by/image/catalog/d4_img/1758153600/1758181142698_17581811338805059619029628933621.jpg,https://d4.by/image/catalog/d4_img/1758153600/1758181121610_17581811165567068095994559027461.jpg,https://d4.by/image/catalog/d4_img/1758153600/1758181115767_17581811104931168756717005397743.jpg"
"374694";"Peugeot";"Partner";"2009";"КПП механическая (МКПП)";"";"бензин";"1.6";"";"";"";"";"0";"0";"";"";"0";"20DP57";"Из Бельгии.  Гарантия на установку и проверку,  ";"0";"0";"";"300";"USD";"";"";"";"";"";"https://d4.by/image/catalog/d4_img/1768953600/1768997637800_17689976316151445992348636381532.jpg,https://d4.by/image/catalog/d4_img/1768953600/1768997630968_17689976252925654036122761359313.jpg,https://d4.by/image/catalog/d4_img/1768953600/1768997645030_1768997638600398711913722665536.jpg,https://d4.by/image/catalog/d4_img/1768953600/1768997652284_1768997645847862929317310418311.jpg"
"362323";"Opel";"Astra";"2012";"КПП механическая (МКПП)";"";"дизель";"2.0";"";"";"";"";"0";"0";"";"";"0";"F40";"Из Бельгии. Гарантия на установку и проверку ";"0";"0";"";"40";"USD";"";"";"";"";"";"https://d4.by/image/catalog/d4_img/1758067200/1758119833899_17581198281368133997637428435653.jpg,https://d4.by/image/catalog/d4_img/1758067200/1758119817832_17581198107688760130469020673469.jpg,https://d4.by/image/catalog/d4_img/1758067200/1758119826526_17581198188728191289061802999308.jpg,https://d4.by/image/catalog/d4_img/1758067200/1758119809652_1758119804992855388990832758811.jpg,https://d4.by/image/catalog/d4_img/1758067200/1758119804060_17581197999213927156359664037301.jpg,https://d4.by/image/catalog/d4_img/1758067200/1758119799115_17581197939614122675107903696062.jpg"
"362322";"Ford";"B-Max";"2014";"КПП механическая (МКПП)";"";"бензин";"1.0";"Ti";"";"";"";"0";"0";"";"";"0";"CV6R7002KC";"Из Бельгии. Гарантия на установку и проверку ";"0";"0";"";"150";"USD";"";"";"";"";"";"https://d4.by/image/catalog/d4_img/1758067200/1758119403201_17581193983426832461139276000809.jpg,https://d4.by/image/catalog/d4_img/1758067200/1758119408695_17581194040067999351507479897011.jpg,https://d4.by/image/catalog/d4_img/1758067200/1758119422183_17581194162306207722043325835834.jpg,https://d4.by/image/catalog/d4_img/1758067200/1758119414077_17581194096045285823656484940963.jpg,https://d4.by/image/catalog/d4_img/1758067200/1758119436858_17581194319061238711541529731490.jpg,https://d4.by/image/catalog/d4_img/1758067200/1758119431053_17581194231476577823546734732688.jpg"
"256590";"Audi";"A4";"2004";"КПП механическая (МКПП)";"";"бензин";"1.8";"Ti";"";"седан";"";"0";"0";"";"";"0";"GЕА";"Из Бельгии, гарантия на проверку и установку,6ст";"0";"0";"";"162";"USD";"";"";"";"";"";"https://d4.by/image/catalog/d4_img/1664928000/1664972135540_16649721287192618008320986917259.jpg,https://d4.by/image/catalog/d4_img/1664928000/1664972126352_16649721190661667985737652933231.jpg,https://d4.by/image/catalog/d4_img/1664928000/1664972143735_16649721378577517381418538096915.jpg"
"285653";"Fiat";"Marea";"1998";"КПП механическая (МКПП)";"";"бензин";"1.8";"";"";"";"";"0";"0";"";"";"0";"";"Гарантия на проверку и установку маркировка не читаеться ";"0";"0";"";"27";"USD";"";"";"";"";"";"https://d4.by/image/catalog/d4_img/1690156800/1690196485565_16901964765916408363395296537440.jpg,https://d4.by/image/catalog/d4_img/1690156800/1690196500533_1690196494873767459199739389538.jpg,https://d4.by/image/catalog/d4_img/1690156800/1690196492990_16901964875068311737086836320560.jpg"
"285651";"Audi";"A4";"2004";"КПП механическая (МКПП)";"";"бензин";"2.0";"";"";"";"";"0";"0";"";"";"0";"FTX";"Из Бельгии гарантия на проверку и установку";"0";"0";"";"67";"USD";"";"";"";"";"";"https://d4.by/image/catalog/d4_img/1690156800/1690195748738_16901957419109009303805000109642.jpg,https://d4.by/image/catalog/d4_img/1690156800/1690195760597_1690195752292449953698453500537.jpg,https://d4.by/image/catalog/d4_img/1690156800/1690195770286_16901957629504962540191970509507.jpg,https://d4.by/image/catalog/d4_img/1690156800/1690195737412_16901957269056799077386584162046.jpg"
"336106";"Peugeot";"405";"1994";"КПП механическая (МКПП)";"";"дизель";"1.9";"";"";"";"";"0";"0";"";"";"0";"20CJ96";"Гарантия на установку и проверку ";"0";"0";"";"100";"USD";"";"";"";"";"";"https://d4.by/image/catalog/d4_img/1737417600/1737446541697_17374465366255155846262875105551.jpg,https://d4.by/image/catalog/d4_img/1737417600/1737446535696_17374465313128073358622663246066.jpg,https://d4.by/image/catalog/d4_img/1737417600/1737446530321_17374465229185575308762958582140.jpg,https://d4.by/image/catalog/d4_img/1737417600/1737446521990_17374465170832630612038509814189.jpg,https://d4.by/image/catalog/d4_img/1737417600/1737446516130_17374465108877213989329242263985.jpg"
"315329";"Mercedes";"A W168";"1999";"КПП механическая (МКПП)";"";"дизель";"1.7";"";"";"";"";"0";"0";"";"";"0";"1683601900";"Гарантия на установку и проверку ";"0";"0";"";"170";"USD";"";"";"";"";"";"https://d4.by/image/catalog/d4_img/1718668800/1718709245018_17187092398634678073051098683261.jpg,https://d4.by/image/catalog/d4_img/1718668800/1718709251120_17187092458711069763711122943420.jpg,https://d4.by/image/catalog/d4_img/1718668800/1718709268664_17187092626941281802306404364621.jpg,https://d4.by/image/catalog/d4_img/1718668800/1718709275958_17187092703787409914105021657397.jpg,https://d4.by/image/catalog/d4_img/1718668800/1718709261571_17187092527113977725001388277855.jpg"
"315323";"Chery";"QQ";"2009";"КПП механическая (МКПП)";"";"бензин";"1.1";"";"";"";"";"0";"0";"";"";"0";"qr512mhb";"Гарантия на установку и проверку ";"0";"0";"";"330";"USD";"";"";"";"";"";"https://d4.by/image/catalog/d4_img/1718668800/1718705618479_17187056132907308799180020159483.jpg,https://d4.by/image/catalog/d4_img/1718668800/1718705612426_17187056065784526411984126021135.jpg,https://d4.by/image/catalog/d4_img/1718668800/1718705637847_17187056306107319852043098963388.jpg,https://d4.by/image/catalog/d4_img/1718668800/1718705628117_17187056201108485522753466921198.jpg,https://d4.by/image/catalog/d4_img/1718668800/1718705605775_17187056006612371477081790494222.jpg"
"315322";"Renault";"Megane";"1998";"КПП механическая (МКПП)";"";"бензин";"1.6";"";"";"";"";"0";"0";"";"";"0";"JB1918";"Гарантия на установку и проверку  Под датчик";"0";"0";"";"95";"USD";"";"";"";"";"";"https://d4.by/image/catalog/d4_img/1718668800/1718703456776_1718703452243869745296697003965.jpg,https://d4.by/image/catalog/d4_img/1718668800/1718703451399_17187034459128420867700929303868.jpg,https://d4.by/image/catalog/d4_img/1718668800/1718703463275_17187034576989076094785584021048.jpg,https://d4.by/image/catalog/d4_img/1718668800/1718703471440_17187034642555790904243260817722.jpg"
"262648";"Citroen";"XM";"1993";"КПП механическая (МКПП)";"";"бензин";"2.0";"";"";"";"";"0";"0";"";"";"0";"20cj75";"Гарантия на проверку и установку ";"0";"0";"";"45";"USD";"";"";"";"";"";"https://d4.by/image/catalog/d4_img/1669852800/1669899656610_16698996480561266177890053046355.jpg,https://d4.by/image/catalog/d4_img/1669852800/1669899646033_16698996386522758915309768790511.jpg,https://d4.by/image/catalog/d4_img/1669852800/1669899670797_16698996588218943359480861192770.jpg"
"321770";"Mercedes";"B W245";"2006";"КПП механическая (МКПП)";"";"дизель";"2.0";"";"";"";"";"0";"0";"";"";"0";"93191534";"Из Бельгии. Гарантия на установку и проверку.";"0";"0";"";"25";"USD";"";"";"";"";"";"https://d4.by/image/catalog/d4_img/1724457600/1724497717051_17244977094553530588890253798817.jpg,https://d4.by/image/catalog/d4_img/1724457600/1724497722281_17244977178602768484563192357162.jpg,https://d4.by/image/catalog/d4_img/1724457600/1724497746435_17244977389105460018063423171300.jpg,https://d4.by/image/catalog/d4_img/1724457600/1724497737979_17244977301585589434394965414077.jpg,https://d4.by/image/catalog/d4_img/1724457600/1724497728598_17244977231121810282093199297645.jpg"
"245447";"Citroen";"Xantia";"1998";"КПП механическая (МКПП)";"";"бензин";"1.8";"";"МКПП";"";"";"0";"0";"";"";"0";"20ca91";"Гарантия на проверку и установку ";"0";"0";"";"41";"USD";"";"";"";"";"";"https://d4.by/image/catalog/d4_img/1657670400/1657716841008_16577168309356608235954343911711.jpg,https://d4.by/image/catalog/d4_img/1657670400/1657716828424_16577168207137181879592924352281.jpg"
"368554";"Peugeot";"Boxer";"2008";"КПП механическая (МКПП)";"";"дизель";"2.2";"";"";"";"";"0";"0";"";"";"0";"20GP17";"Гарантия на установку и проверку . Люфт кулисы ";"0";"0";"";"850";"USD";"";"";"";"";"";"https://d4.by/image/catalog/d4_img/1763683200/1763728705060_17637286996496537075215520913937.jpg,https://d4.by/image/catalog/d4_img/1763683200/1763728712552_17637287065638686273244947532003.jpg,https://d4.by/image/catalog/d4_img/1763683200/1763728698812_17637286923745696597802597123843.jpg,https://d4.by/image/catalog/d4_img/1763683200/1763728691595_17637286858937498918585772111387.jpg,https://d4.by/image/catalog/d4_img/1763683200/1763728719739_17637287134008770107562847732660.jpg,https://d4.by/image/catalog/d4_img/1763683200/1763728728357_17637287205996339268754608017828.jpg"
"368553";"DAF";"400";"1990";"КПП механическая (МКПП)";"";"дизель";"2.5";"";"";"";"";"0";"0";"";"";"0";"020706";"Гарантия на установку и проверку ";"0";"0";"";"190";"USD";"";"";"";"";"";"https://d4.by/image/catalog/d4_img/1763683200/1763728113419_17637281075368887967553110076729.jpg,https://d4.by/image/catalog/d4_img/1763683200/1763728106729_17637280986396852997349429452487.jpg,https://d4.by/image/catalog/d4_img/1763683200/1763728097754_17637280924292341645405460134093.jpg,https://d4.by/image/catalog/d4_img/1763683200/1763728091589_17637280835707140708123019075663.jpg,https://d4.by/image/catalog/d4_img/1763683200/1763728127789_17637281217561166782712851314262.jpg,https://d4.by/image/catalog/d4_img/1763683200/1763728120885_17637281141861741791573866838648.jpg"
"262505";"Citroen";"XM";"1998";"КПП механическая (МКПП)";"";"дизель";"2.1";"";"";"";"";"0";"0";"";"";"0";"20cj88";"Гарантия на проверку и установку ";"0";"0";"";"90";"USD";"";"";"";"";"";"https://d4.by/image/catalog/d4_img/1669593600/1669633825158_16696338160555662875837426606091.jpg,https://d4.by/image/catalog/d4_img/1669593600/1669633813369_16696338022264445464162528160633.jpg"
"281654";"Volvo";"S60";"2005";"КПП механическая (МКПП)";"";"дизель";"2.4";"TDi";"";"";"";"0";"0";"";"";"0";"9482374";"Из Бельгии гарантия на проверку и установку";"0";"0";"";"130";"USD";"";"";"";"";"";"https://d4.by/image/catalog/d4_img/1686700800/1686736134201_16867361248211140707228926655540.jpg,https://d4.by/image/catalog/d4_img/1686700800/1686736122670_16867361166193576642624404958380.jpg,https://d4.by/image/catalog/d4_img/1686700800/1686736114508_16867361055032296752315900978932.jpg,https://d4.by/image/catalog/d4_img/1686700800/1686736103511_16867360984737944078766433631069.jpg,https://d4.by/image/catalog/d4_img/1686700800/1686736096681_16867360880544629606345423136227.jpg"
"309835";"Volkswagen";"Bora";"2000";"КПП механическая (МКПП)";"";"бензин";"2.0";"";"";"";"";"0";"0";"";"";"0";"DZQ";"Хорошее состояние, гарантия ";"0";"0";"";"100";"USD";"";"";"";"";"";"https://d4.by/image/catalog/d4_img/1714089600/1714129000072_17141289930213943569986418305005.jpg,https://d4.by/image/catalog/d4_img/1714089600/1714128990632_17141289865263098737745216995921.jpg,https://d4.by/image/catalog/d4_img/1714089600/1714128985659_17141289810606344479777842880217.jpg,https://d4.by/image/catalog/d4_img/1714089600/1714129011903_17141290077866866770994599850213.jpg,https://d4.by/image/catalog/d4_img/1714089600/1714129006255_17141290010862875212343294880922.jpg"
"309834";"Volkswagen";"Polo Sedan";"2014";"КПП механическая (МКПП)";"";"бензин";"1.6";"";"";"";"";"0";"0";"";"";"0";"SAN";"Авто после возгорания,мкпп не шумит ,под гарантию с мотора CFN";"0";"0";"";"400";"USD";"";"";"";"";"";"https://d4.by/image/catalog/d4_img/1714089600/1714128881856_17141288765808583587240794042252.jpg,https://d4.by/image/catalog/d4_img/1714089600/1714128890628_17141288844767869390686575984935.jpg,https://d4.by/image/catalog/d4_img/1714089600/1714128896664_17141288918718502596235126989241.jpg,https://d4.by/image/catalog/d4_img/1714089600/1714128903771_17141288981864439794204294605871.jpg,https://d4.by/image/catalog/d4_img/1714089600/1714128908311_17141289048627851048645429767576.jpg"
"281641";"Audi";"A4";"2002";"КПП механическая (МКПП)";"";"бензин";"2.0";"";"";"";"";"0";"0";"";"";"0";"Ftx";"Из Бельгии гарантия на проверку и установку ";"0";"0";"";"67";"USD";"";"";"";"";"";"https://d4.by/image/catalog/d4_img/1686700800/1686729652107_16867296455708176559445177197799.jpg,https://d4.by/image/catalog/d4_img/1686700800/1686729642879_16867296364683589248668498564498.jpg,https://d4.by/image/catalog/d4_img/1686700800/1686729634753_16867296285014291752732479109243.jpg"
"343712";"BMW";"3 E90/E91/E92/E93";"2009";"КПП механическая (МКПП)";"";"дизель";"2.0";"";"";"";"";"0";"0";"";"";"0";"2170000700";"Из Бельгии. Гарантия на установку и проверку . ";"0";"0";"";"170";"USD";"";"";"";"";"";"https://d4.by/image/catalog/d4_img/1741910400/1741942183203_17419421766881133872276943620361.jpg,https://d4.by/image/catalog/d4_img/1741910400/1741942215555_17419422110366517281604744094419.jpg,https://d4.by/image/catalog/d4_img/1741910400/1741942210095_17419421972146978396891998453480.jpg,https://d4.by/image/catalog/d4_img/1741910400/1741942196339_17419421902533204023236460404885.jpg,https://d4.by/image/catalog/d4_img/1741910400/1741942189305_17419421840615098227703365101518.jpg"
"368430";"Iveco";"Daily";"2014";"КПП механическая (МКПП)";"";"дизель";"2.3";"";"";"";"";"0";"0";"";"";"0";"28356,2835,24241126,8874020";"Из Бельгии.  Гарантия на установку и проверку ";"0";"0";"";"950";"USD";"";"";"";"";"";"https://d4.by/image/catalog/d4_img/1763596800/1763639090034_17636390830284083147492219843137.jpg,https://d4.by/image/catalog/d4_img/1763596800/1763639127588_17636391181204008176698807929551.jpg,https://d4.by/image/catalog/d4_img/1763596800/1763639135495_17636391284897979424558094366978.jpg,https://d4.by/image/catalog/d4_img/1763596800/1763639108869_1763639101103878967702341104061.jpg,https://d4.by/image/catalog/d4_img/1763596800/1763639117276_17636391122977099243042446758092.jpg,https://d4.by/image/catalog/d4_img/1763596800/1763639097296_17636390908707543391387352106173.jpg"
"298948";"Toyota";"RAV4";"2003";"КПП механическая (МКПП)";"";"бензин";"2.0";"";"";"";"";"0";"0";"";"";"0";"";"Из Бельгии гарантия на установку и проверку с двигателя 1azfe, полный привод.";"0";"0";"Маркировка не читается ";"225";"USD";"";"";"";"";"";"https://d4.by/image/catalog/d4_img/1701388800/1701435973896_17014359686067500354738219403380.jpg,https://d4.by/image/catalog/d4_img/1701388800/1701435982463_17014359771235720745904277992465.jpg,https://d4.by/image/catalog/d4_img/1701388800/1701435988671_17014359835717954884193348596521.jpg,https://d4.by/image/catalog/d4_img/1701388800/1701435967594_17014359624868138959676715248397.jpg"
"368412";"Opel";"Vivaro";"2006";"КПП механическая (МКПП)";"";"дизель";"2.5";"DCi";"";"";"";"0";"0";"";"";"0";"pk6377";"Из Бельгии. Гарантия на установку и проверку . Люфтик в кулисы ";"0";"0";"";"600";"USD";"";"";"";"";"";"https://d4.by/image/catalog/d4_img/1763596800/1763626758658_1763626753136766738745644875244.jpg,https://d4.by/image/catalog/d4_img/1763596800/1763626752261_17636267462961598873983606078842.jpg,https://d4.by/image/catalog/d4_img/1763596800/1763626745487_17636267387231153595499888096276.jpg,https://d4.by/image/catalog/d4_img/1763596800/1763626782570_17636267728327655475906996894100.jpg,https://d4.by/image/catalog/d4_img/1763596800/1763626772020_17636267605253333949887871140069.jpg"
"368411";"Renault";"Kangoo";"2012";"КПП механическая (МКПП)";"";"дизель";"1.5";"DCi";"";"";"";"0";"0";"";"";"0";"";"Из Бельгии. Гарантия на установку и проверку ";"0";"0";"";"180";"USD";"";"";"";"";"";"https://d4.by/image/catalog/d4_img/1763596800/1763626305262_17636262989638403733520256842877.jpg,https://d4.by/image/catalog/d4_img/1763596800/1763626298191_17636262929784950236857823376600.jpg,https://d4.by/image/catalog/d4_img/1763596800/1763626292153_17636262851174290965467883583799.jpg,https://d4.by/image/catalog/d4_img/1763596800/1763626312731_17636263060706603913619076286514.jpg"
"246415";"Rover";"200";"1998";"КПП механическая (МКПП)";"";"дизель";"2.0";"TD";"";"";"";"0";"0";"";"";"0";"";"Из Бельгии, гарантия на проверку и установку,гидро выжим";"0";"0";"";"54";"USD";"";"";"";"";"";"https://d4.by/image/catalog/d4_img/1658275200/1658310031195_16583100233531671528147042892157.jpg,https://d4.by/image/catalog/d4_img/1658275200/1658310042222_16583100332334466077041811451391.jpg,https://d4.by/image/catalog/d4_img/1658275200/1658310049142_16583100441987289774959808906230.jpg"
"246462";"Kia";"Ceed";"2007";"КПП механическая (МКПП)";"";"дизель";"1.6";"CRDi";"";"";"";"0";"0";"";"";"0";"157995";"Из Бельгии,гарантия на проверку и установку ";"0";"0";"";"27";"USD";"";"";"";"";"";"https://d4.by/image/catalog/d4_img/1658275200/1658314055327_16583140477265038193477207278573.jpg,https://d4.by/image/catalog/d4_img/1658275200/1658314064075_16583140572122766368279028144006.jpg"
"368398";"Dacia";"Duster";"2013";"КПП механическая (МКПП)";"";"бензин";"1.6";"";"";"";"";"0";"0";"";"";"0";"JR5316";"Из Бельгии.  Гарантия на установку и проверку ";"0";"0";"";"530";"USD";"";"";"";"";"";"https://d4.by/image/catalog/d4_img/1763596800/1763621045497_17636210382483056274399118210238.jpg,https://d4.by/image/catalog/d4_img/1763596800/1763621037186_17636210314112888589946118916593.jpg,https://d4.by/image/catalog/d4_img/1763596800/1763621030693_17636210235069205543003085915990.jpg,https://d4.by/image/catalog/d4_img/1763596800/1763621022697_17636210171985423915282231645128.jpg"
"368396";"Dacia";"Sandero";"2013";"КПП механическая (МКПП)";"";"бензин";"1.2";"";"";"";"";"0";"0";"";"";"0";"JH3090";"Из Бельгии.  Гарантия на установку и проверку ";"0";"0";"";"195";"USD";"";"";"";"";"";"https://d4.by/image/catalog/d4_img/1763596800/1763620144337_17636201382197310242837489048826.jpg,https://d4.by/image/catalog/d4_img/1763596800/1763620166697_17636201592024879148223184457704.jpg,https://d4.by/image/catalog/d4_img/1763596800/1763620150466_17636201451227291213142752110273.jpg,https://d4.by/image/catalog/d4_img/1763596800/1763620158281_17636201511758736741136280632063.jpg,https://d4.by/image/catalog/d4_img/1763596800/1763620173140_17636201675144000118330068485817.jpg"
"271830";"Renault";"Trafic";"2004";"КПП механическая (МКПП)";"";"дизель";"1.9";"DCi";"";"";"";"0";"0";"";"";"0";"Pk5019";"Из Бельгии гудит на запасти.";"0";"0";"";"80";"USD";"";"";"";"";"";"https://d4.by/image/catalog/d4_img/1679356800/1679386555819_16793865455538095155139202272917.jpg,https://d4.by/image/catalog/d4_img/1679356800/1679386543923_1679386537013509200248761254451.jpg"
"265496";"Peugeot";"3008";"2010";"КПП механическая (МКПП)";"";"бензин";"1.6";"Ti";"";"";"";"0";"0";"";"";"0";"9686219510";"Из Бельгии, хорошее состояние, гарантия ";"0";"0";"";"60";"USD";"";"";"";"";"";"https://d4.by/image/catalog/d4_img/1673654400/1673684317954_16736843107694372880228082419820.jpg,https://d4.by/image/catalog/d4_img/1673654400/1673684308494_16736843020697348351224877794931.jpg,https://d4.by/image/catalog/d4_img/1673654400/1673684297585_16736842911173679847371542940815.jpg,https://d4.by/image/catalog/d4_img/1673654400/1673684289567_1673684284163941109655146104601.jpg"
"271823";"Renault";"Master";"2002";"КПП механическая (МКПП)";"";"дизель";"2.2";"DCi";"";"";"";"0";"0";"";"";"0";"Pf1aa009";"Из Бельгии гарантия на проверку и установку";"0";"0";"";"170";"USD";"";"";"";"";"";"https://d4.by/image/catalog/d4_img/1679356800/1679385994340_16793859874786037322900995665383.jpg,https://d4.by/image/catalog/d4_img/1679356800/1679385985545_16793859744008919732928480780567.jpg,https://d4.by/image/catalog/d4_img/1679356800/1679385972607_16793859651781594920813979723677.jpg"
"368375";"Renault";"Clio";"2014";"КПП механическая (МКПП)";"";"бензин";"1.2";"";"";"";"";"0";"0";"";"";"0";"JH3367";"Из Бельгии.  Гарантия на установку и  проверку ";"0";"0";"";"170";"USD";"";"";"";"";"";"https://d4.by/image/catalog/d4_img/1763510400/1763562135681_17635621308306571463863659751997.jpg,https://d4.by/image/catalog/d4_img/1763510400/1763562130014_17635621239554068877294367281530.jpg,https://d4.by/image/catalog/d4_img/1763510400/1763562123126_17635621169906492394966529906065.jpg,https://d4.by/image/catalog/d4_img/1763510400/1763562115617_17635621109791224715529795904227.jpg,https://d4.by/image/catalog/d4_img/1763510400/1763562110160_17635621041654553812855804353052.jpg"
"368372";"Renault";"Megane";"2001";"КПП механическая (МКПП)";"";"дизель";"1.9";"DTi";"";"";"";"0";"0";"";"";"0";"JB3972";"Из Бельгии.  Гарантия на установку и проверку.  Выработка на шлицах правой полуоси";"0";"0";"";"90";"USD";"";"";"";"";"";"https://d4.by/image/catalog/d4_img/1763510400/1763561068630_17635610608423019276452738778872.jpg,https://d4.by/image/catalog/d4_img/1763510400/1763561100774_17635610942731898161164027117448.jpg,https://d4.by/image/catalog/d4_img/1763510400/1763561093479_17635610871866331874436840590365.jpg,https://d4.by/image/catalog/d4_img/1763510400/1763561086368_17635610758086687620300826498417.jpg,https://d4.by/image/catalog/d4_img/1763510400/1763561075030_17635610693499162511061532726092.jpg"
"368370";"Dacia";"Sandero";"2013";"КПП механическая (МКПП)";"";"бензин";"1.2";"";"";"";"";"0";"0";"";"";"0";"JH3090";"Из Бельгии.  Гарантия на установку и проверку. ";"0";"0";"";"195";"USD";"";"";"";"";"";"https://d4.by/image/catalog/d4_img/1763510400/1763560734426_17635607281965987630194709222442.jpg,https://d4.by/image/catalog/d4_img/1763510400/1763560727417_17635607191544829176038342043313.jpg,https://d4.by/image/catalog/d4_img/1763510400/1763560757085_17635607509398951297142007956063.jpg,https://d4.by/image/catalog/d4_img/1763510400/1763560743380_17635607352033316261656243188005.jpg,https://d4.by/image/catalog/d4_img/1763510400/1763560750115_17635607443707714742999789258921.jpg"
"324487";"Fiat";"Punto";"2002";"КПП механическая (МКПП)";"";"бензин";"1.2";"";"";"";"";"0";"0";"";"";"0";"";"Из Бельгии. Гарантия на установку и проверку. Выжим сцепления под тросс . Маркировка не читается  на лапке сцепления трещинка";"0";"0";"";"260";"USD";"";"";"";"";"";"https://d4.by/image/catalog/d4_img/1727222400/1727270827857_17272708222782985206536385457229.jpg,https://d4.by/image/catalog/d4_img/1727222400/1727270796909_17272707920566674298091082918699.jpg,https://d4.by/image/catalog/d4_img/1727222400/1727270813009_17272708041118129259873775541539.jpg,https://d4.by/image/catalog/d4_img/1727222400/1727270803214_17272707984415488341312859708661.jpg,https://d4.by/image/catalog/d4_img/1727222400/1727270821197_17272708145328098305287921991839.jpg"
"350753";"Renault";"Trafic";"2004";"КПП механическая (МКПП)";"";"дизель";"1.9";"";"";"";"";"0";"0";"";"";"0";"PK5013";"БЕЗ ГАРАНТИИ  Дефект сломан кусочек крепления куда прикручивается болт.";"0";"0";"";"120";"USD";"";"";"";"";"";"https://d4.by/image/catalog/d4_img/1749254400/1749305607466_17493055963277867367748341726764.jpg,https://d4.by/image/catalog/d4_img/1749254400/1749305619375_17493056150668776071855385637624.jpg,https://d4.by/image/catalog/d4_img/1749254400/1749305630413_17493056202962636250583136668121.jpg,https://d4.by/image/catalog/d4_img/1749254400/1749305638215_1749305632246370928909178551005.jpg,https://d4.by/image/catalog/d4_img/1749254400/1749305614029_17493056084512101166139615625743.jpg,https://d4.by/image/catalog/d4_img/1749254400/1749305595333_17493055900468897922696450753708.jpg"
"345690";"Skoda";"Fabia";"2004";"КПП механическая (МКПП)";"";"бензин";"1.4";"";"";"";"";"0";"0";"";"";"0";"EYW";"Из Бельгии. Гарантия на установку и проверку.";"0";"0";"";"185";"USD";"";"";"";"";"";"https://d4.by/image/catalog/d4_img/1743552000/1743590496989_17435904919695305666148545101198.jpg,https://d4.by/image/catalog/d4_img/1743552000/1743590491144_17435904847128547909218741868987.jpg,https://d4.by/image/catalog/d4_img/1743552000/1743590515663_17435905100105373988550347897493.jpg,https://d4.by/image/catalog/d4_img/1743552000/1743590509189_17435904979783891544313097445109.jpg,https://d4.by/image/catalog/d4_img/1743552000/1743590521193_1743590516525843690310572847184.jpg"
"343680";"Skoda";"Fabia";"2013";"КПП механическая (МКПП)";"";"бензин";"1.2";"FSI";"";"";"";"0";"0";"";"";"0";"MFX";"Из Бельгии. Гарантия на установку и проверку.";"0";"0";"";"380";"USD";"";"";"";"";"";"https://d4.by/image/catalog/d4_img/1741910400/1741933963196_17419339583969125204684396915353.jpg,https://d4.by/image/catalog/d4_img/1741910400/1741934004623_17419339977236817878836589731458.jpg,https://d4.by/image/catalog/d4_img/1741910400/1741933957500_17419339520903655044059215944120.jpg,https://d4.by/image/catalog/d4_img/1741910400/1741933996863_17419339904388468240242109329269.jpg,https://d4.by/image/catalog/d4_img/1741910400/1741933989481_17419339806591424132591219725431.jpg"
"343676";"Fiat";"Scudo";"1998";"КПП механическая (МКПП)";"";"дизель";"1.9";"";"";"";"";"0";"0";"";"";"0";"20TB05";"Гарантия на установку и проверку.";"0";"0";"";"160";"USD";"";"";"";"";"";"https://d4.by/image/catalog/d4_img/1741910400/1741933663103_17419336573364333759517115811551.jpg,https://d4.by/image/catalog/d4_img/1741910400/1741933656461_17419336502667260542768899392301.jpg,https://d4.by/image/catalog/d4_img/1741910400/1741933649283_17419336451524843702656647146520.jpg,https://d4.by/image/catalog/d4_img/1741910400/1741933644148_1741933639020333077250654639791.jpg,https://d4.by/image/catalog/d4_img/1741910400/1741933638007_17419336307294622462801487785663.jpg"
"252907";"Kia";"Spectra";"2003";"КПП механическая (МКПП)";"";"бензин";"1.8";"";"";"";"";"0";"0";"";"";"0";"";"Гарантия на проверку и установку маркировка не читаеться ";"0";"0";"";"126";"USD";"";"";"";"";"";"https://d4.by/image/catalog/d4_img/1661990400/1662035056272_16620350464198362773734278049719.jpg,https://d4.by/image/catalog/d4_img/1661990400/1662035064112_1662035058307503530181977636520.jpg,https://d4.by/image/catalog/d4_img/1661990400/1662035072877_16620350658722672188371603517196.jpg"
"345664";"Fiat";"Stilo";"2002";"КПП механическая (МКПП)";"";"бензин";"1.6";"";"";"";"";"0";"0";"";"";"0";"";"Из Бельгии. Гарантия на установку и проверку.";"0";"0";"";"110";"USD";"";"";"";"";"";"https://d4.by/image/catalog/d4_img/1743552000/1743576461812_17435764561522316359139110530699.jpg,https://d4.by/image/catalog/d4_img/1743552000/1743576455281_17435764490221814641201119303497.jpg,https://d4.by/image/catalog/d4_img/1743552000/1743576448131_17435764422107886537477418349870.jpg,https://d4.by/image/catalog/d4_img/1743552000/1743576441400_17435764360812159048976071223136.jpg"
"276169";"Hyundai";"Lantra";"1998";"КПП механическая (МКПП)";"";"дизель";"1.9";"";"";"";"";"0";"0";"";"";"0";"Jv2873";"Гарантия на установку и проверку ";"0";"0";"";"68";"USD";"";"";"";"";"";"https://d4.by/image/catalog/d4_img/1681776000/1681816598214_16818165912544408846060358809719.jpg,https://d4.by/image/catalog/d4_img/1681776000/1681816589420_16818165837498772282082514175933.jpg,https://d4.by/image/catalog/d4_img/1681776000/1681816582162_16818165776187801004841090413939.jpg,https://d4.by/image/catalog/d4_img/1681776000/1681816569832_16818165624355475160119507771514.jpg"
"239752";"Citroen";"Xsara";"1998";"КПП механическая (МКПП)";"";"бензин";"1.8";"";"";"";"";"0";"0";"";"";"0";"20tb22";"Из Бельгии,гарантия на проверку и установку";"0";"0";"";"45";"USD";"";"";"";"";"";"https://d4.by/image/catalog/d4_img/1654214400/1654260913270_16542609049417156334388772741821.jpg,https://d4.by/image/catalog/d4_img/1654214400/1654260902432_16542608927282928720187169442540.jpg,https://d4.by/image/catalog/d4_img/1654214400/1654260890691_1654260883903113075454692518724.jpg,https://d4.by/image/catalog/d4_img/1654214400/1654260881803_16542608739532214499411048375393.jpg"
"374194";"Peugeot";"208";"2013";"КПП механическая (МКПП)";"";"бензин";"1.2";"";"";"";"";"0";"0";"";"";"0";"20CR15";"Из Бельгии.  Гарантия на установку и проверку ";"0";"0";"";"130";"USD";"";"";"";"";"";"https://d4.by/image/catalog/d4_img/1768780800/1768805778560_17688057722855809259845651220812.jpg,https://d4.by/image/catalog/d4_img/1768780800/1768805783893_17688057792563426184623440335304.jpg,https://d4.by/image/catalog/d4_img/1768780800/1768805795576_17688057911253193626045663268268.jpg,https://d4.by/image/catalog/d4_img/1768780800/1768805790273_17688057846491480055653655223426.jpg,https://d4.by/image/catalog/d4_img/1768780800/1768805801659_17688057964061748444474933102246.jpg"
"360151";"Renault";"Scenic";"1998";"КПП механическая (МКПП)";"";"бензин";"1.6";"";"";"";"";"0";"0";"";"";"0";"";"Гарантия на установку и проверку, под датчик скорости, узкая лапа";"0";"0";"";"80";"USD";"";"";"";"";"";"https://d4.by/image/catalog/d4_img/1756771200/1756802309979_17568023065147436958769649466548.jpg,https://d4.by/image/catalog/d4_img/1756771200/1756802305683_17568022981133534913140915954156.jpg"
"258085";"Hafei";"Princip";"2007";"КПП механическая (МКПП)";"";"бензин";"1.6";"";"";"";"";"0";"0";"";"";"0";"";"Гарантия на проверку и установку маркировка не читаеться ";"0";"0";"";"150";"USD";"";"";"";"";"";"https://d4.by/image/catalog/d4_img/1666224000/1666249993507_16662499852918429228036421199948.jpg,https://d4.by/image/catalog/d4_img/1666224000/1666250009216_16662499956424110573422779234425.jpg,https://d4.by/image/catalog/d4_img/1666224000/1666249974434_16662499651173061537567448418201.jpg,https://d4.by/image/catalog/d4_img/1666224000/1666249982890_16662499763065900743055055899097.jpg"
"309252";"Hyundai";"i30";"2008";"КПП механическая (МКПП)";"";"дизель";"1.6";"";"";"";"";"0";"0";"";"";"0";"";"Из Бельгии гарантия на проверку и установку ";"0";"0";"";"35";"USD";"";"";"";"";"";"https://d4.by/image/catalog/d4_img/1713312000/1713364467179_17133644565502042520317622057082.jpg,https://d4.by/image/catalog/d4_img/1713312000/1713364474554_17133644680796482823264207894477.jpg,https://d4.by/image/catalog/d4_img/1713312000/1713364481711_17133644754797543538975846656702.jpg"
"309249";"Renault";"Master";"2003";"КПП механическая (МКПП)";"";"дизель";"2.2";"DCi";"";"";"";"0";"0";"";"";"0";"";"Из Бельгии гарантия на проверку и установку ";"0";"0";"";"127";"USD";"";"";"";"";"";"https://d4.by/image/catalog/d4_img/1713312000/1713360086198_17133600812104070627100317769033.jpg,https://d4.by/image/catalog/d4_img/1713312000/1713360080284_17133600737364019319268159551633.jpg,https://d4.by/image/catalog/d4_img/1713312000/1713360096117_17133600873234294824603769957604.jpg"
"275533";"Renault";"Scenic";"2005";"КПП механическая (МКПП)";"";"бензин";"2.0";"";"";"";"";"0";"0";"";"";"0";"Ndo015";"Из Бельгии гарантия на проверку и установку.";"0";"0";"";"45";"USD";"";"";"";"";"";"https://d4.by/image/catalog/d4_img/1681344000/1681391430701_16813914209758109517479035088867.jpg,https://d4.by/image/catalog/d4_img/1681344000/1681391419151_16813914101424864483895268153782.jpg"
"289408";"Citroen";"Xantia";"1997";"КПП механическая (МКПП)";"";"дизель";"1.9";"";"";"";"";"0";"0";"";"";"0";"20CH97";"Гарантия на установку и проверку ";"0";"0";"";"48";"USD";"";"";"";"";"";"https://d4.by/image/catalog/d4_img/1694563200/1694605815902_16946058091722156810084612139032.jpg,https://d4.by/image/catalog/d4_img/1694563200/1694605820870_16946058173537431959688748334214.jpg,https://d4.by/image/catalog/d4_img/1694563200/1694605807677_16946058034178847314008247404932.jpg"
"289407";"Citroen";"XM";"1995";"КПП механическая (МКПП)";"";"бензин";"2.0";"";"";"";"";"0";"0";"";"";"0";"20cj76";"Гарантия на установку и проверку ";"0";"0";"";"65";"USD";"";"";"";"";"";"https://d4.by/image/catalog/d4_img/1694563200/1694605529091_16946055255262566783572832212393.jpg,https://d4.by/image/catalog/d4_img/1694563200/1694605534781_16946055304386279074785861411188.jpg,https://d4.by/image/catalog/d4_img/1694563200/1694605541915_16946055370877243568328494278061.jpg"
"275482";"Renault";"Sandero Stepway";"2018";"КПП механическая (МКПП)";"";"бензин";"1.6";"";"";"";"";"0";"0";"";"";"0";"jh3512";"Гарантия на проверку и установку, дефект кулисы - не включаються передачи.";"0";"0";"";"270";"USD";"";"";"";"";"";"https://d4.by/image/catalog/d4_img/1681344000/1681379302371_16813792918068952603035884769787.jpg,https://d4.by/image/catalog/d4_img/1681344000/1681379290108_16813792843845720726791926449232.jpg,https://d4.by/image/catalog/d4_img/1681344000/1681379282706_16813792712153172987334958159593.jpg"
"374132";"Renault";"Megane";"2009";"КПП механическая (МКПП)";"";"дизель";"1.5";"";"";"";"";"0";"0";"";"";"0";"JR5175";"Из Бельгии.  Гарантия на установку и проверку ";"0";"0";"";"130";"USD";"";"";"";"";"";"https://d4.by/image/catalog/d4_img/1768608000/1768656567694_17686565611397109696079724940598.jpg,https://d4.by/image/catalog/d4_img/1768608000/1768656560088_17686565530411540407297139274471.jpg,https://d4.by/image/catalog/d4_img/1768608000/1768656552288_17686565471973532291543886751830.jpg,https://d4.by/image/catalog/d4_img/1768608000/1768656546412_17686565399906308093639152146048.jpg"
"259755";"Fiat";"Bravo";"2008";"КПП механическая (МКПП)";"";"дизель";"1.6";"JTD";"";"";"";"0";"0";"";"";"0";"";"Из Бельгии гарантия на проверку и установку";"0";"0";"";"52";"USD";"";"";"";"";"";"https://d4.by/image/catalog/d4_img/1667520000/1667554933027_16675549253254205443900036316514.jpg,https://d4.by/image/catalog/d4_img/1667520000/1667554944679_16675549350867754460795990160412.jpg,https://d4.by/image/catalog/d4_img/1667520000/1667554951767_16675549467437324684103444631558.jpg"
"347398";"Peugeot";"207";"2007";"КПП механическая (МКПП)";"";"бензин";"1.6";"";"";"";"";"0";"0";"";"";"0";"9659670180";"Из Бельгии. Гарантия на установку и проверку  ";"0";"0";"";"45";"USD";"";"";"";"";"";"https://d4.by/image/catalog/d4_img/1745280000/1745305474708_17453054685395947776155566440415.jpg,https://d4.by/image/catalog/d4_img/1745280000/1745305467048_17453054602028310376551887190714.jpg,https://d4.by/image/catalog/d4_img/1745280000/1745305459386_17453054544714895573442232638302.jpg,https://d4.by/image/catalog/d4_img/1745280000/1745305493822_17453054869111967830889041277038.jpg,https://d4.by/image/catalog/d4_img/1745280000/1745305481275_17453054757516037595567968451891.jpg"
"347396";"Citroen";"Xantia";"1998";"КПП механическая (МКПП)";"";"дизель";"1.9";"";"";"";"";"0";"0";"";"";"0";"20TA59";"Из Бельгии. Гарантия на установку и проверку ";"0";"0";"";"45";"USD";"";"";"";"";"";"https://d4.by/image/catalog/d4_img/1745280000/1745305029513_17453050220394690440538114639484.jpg,https://d4.by/image/catalog/d4_img/1745280000/1745305037638_17453050304148352579085840086813.jpg,https://d4.by/image/catalog/d4_img/1745280000/1745305015126_17453050092846742947922364659084.jpg,https://d4.by/image/catalog/d4_img/1745280000/1745305020500_17453050159542059160947815987926.jpg"
"347395";"Opel";"Tigra";"1998";"КПП механическая (МКПП)";"";"бензин";"1.4";"";"";"";"";"0";"0";"";"";"0";"F15C374";"Гарантия на установку и проверку ";"0";"0";"";"50";"USD";"";"";"";"";"";"https://d4.by/image/catalog/d4_img/1745193600/1745245208863_17452452025228662659568602811658.jpg,https://d4.by/image/catalog/d4_img/1745193600/1745245242325_17452452376208285937391803079993.jpg,https://d4.by/image/catalog/d4_img/1745193600/1745245224716_17452452188681413039892043883427.jpg,https://d4.by/image/catalog/d4_img/1745193600/1745245236058_17452452256901309324047773763703.jpg,https://d4.by/image/catalog/d4_img/1745193600/1745245217974_17452452097295783253491701480054.jpg"
"347389";"Nissan";"Note";"2007";"КПП механическая (МКПП)";"";"дизель";"1.5";"";"";"";"";"0";"0";"";"";"0";"JRQK9GF";"Из Бельгии. Гарантия на установку и проверку ";"0";"0";"";"100";"USD";"";"";"";"";"";"https://d4.by/image/catalog/d4_img/1745193600/1745238940930_17452389332967592635299383126841.jpg,https://d4.by/image/catalog/d4_img/1745193600/1745238932400_17452389270506044260883795917486.jpg,https://d4.by/image/catalog/d4_img/1745193600/1745238924246_17452389186735160517620009056007.jpg,https://d4.by/image/catalog/d4_img/1745193600/1745238945907_17452389418458816042146299262882.jpg"
"336109";"Mazda";"6";"2005";"КПП механическая (МКПП)";"";"бензин";"2.0";"";"";"";"";"0";"0";"";"";"0";"gc140";"Гарантия на установку и проверку ";"0";"0";"";"70";"USD";"";"";"";"";"";"https://d4.by/image/catalog/d4_img/1737417600/1737447116129_17374471116605955189790032015541.jpg,https://d4.by/image/catalog/d4_img/1737417600/1737447109261_17374471035808458840338072843101.jpg,https://d4.by/image/catalog/d4_img/1737417600/1737447102759_17374470985239059907912313564230.jpg,https://d4.by/image/catalog/d4_img/1737417600/1737447097676_17374470931538612149677702650925.jpg,https://d4.by/image/catalog/d4_img/1737417600/1737447144627_17374471328543413577510636355062.jpg,https://d4.by/image/catalog/d4_img/1737417600/1737447122662_17374471176707571093866927180252.jpg"
"374085";"Dacia";"Sandero";"2012";"КПП механическая (МКПП)";"";"бензин";"1.2";"";"";"";"";"0";"0";"";"";"0";"JH3090";"Из Бельгии.  Гарантия на установку и проверку . ";"0";"0";"";"195";"USD";"";"";"";"";"";"https://d4.by/image/catalog/d4_img/1768608000/1768650667057_1768650659199376887886273633432.jpg,https://d4.by/image/catalog/d4_img/1768608000/1768650656892_17686506495243081345937423010056.jpg,https://d4.by/image/catalog/d4_img/1768608000/1768650648807_17686506418075215732151727207051.jpg,https://d4.by/image/catalog/d4_img/1768608000/1768650682593_17686506752876890319018197687193.jpg,https://d4.by/image/catalog/d4_img/1768608000/1768650674383_17686506686184997761520917769323.jpg"
"309008";"Chevrolet";"Cruze";"2010";"КПП механическая (МКПП)";"";"дизель";"2.0";"CRDi";"";"";"";"0";"0";"";"";"0";"Sw3261";"Из Бельгии, хорошее состояние, гарантия ";"0";"0";"";"65";"USD";"";"";"";"";"";"https://d4.by/image/catalog/d4_img/1712966400/1713017821072_17130178161437288450977534357401.jpg,https://d4.by/image/catalog/d4_img/1712966400/1713017815251_1713017811672648236972720705104.jpg,https://d4.by/image/catalog/d4_img/1712966400/1713017846894_17130178349956850619915273208994.jpg,https://d4.by/image/catalog/d4_img/1712966400/1713017833900_17130178279037994271581193679006.jpg,https://d4.by/image/catalog/d4_img/1712966400/1713017826869_17130178219772574155830607525821.jpg"
"263181";"Rover";"600";"1997";"КПП механическая (МКПП)";"";"дизель";"2.0";"";"";"";"";"0";"0";"";"";"0";"";"Гарантия на проверку и установку маркировка не читаеться, с двигателя 20t2n. Нет вилки на выжим. (Под тросик).";"0";"0";"";"40";"USD";"";"";"";"";"";"https://d4.by/image/catalog/d4_img/1670803200/1670855428514_16708554192632075095227358843828.jpg,https://d4.by/image/catalog/d4_img/1670803200/1670855417581_16708554117259030930829434273176.jpg"
"309006";"Nissan";"NV200";"2009";"КПП механическая (МКПП)";"";"дизель";"1.5";"DCi";"";"";"";"0";"0";"";"";"0";"Jr5180";"Из Бельгии, хорошее состояние, гарантия ";"0";"0";"";"145";"USD";"";"";"";"";"";"https://d4.by/image/catalog/d4_img/1712966400/1713017367240_1713017363647305627740002454402.jpg,https://d4.by/image/catalog/d4_img/1712966400/1713017347318_1713017343088267905867254209820.jpg,https://d4.by/image/catalog/d4_img/1712966400/1713017362536_17130173542774896797110097111512.jpg,https://d4.by/image/catalog/d4_img/1712966400/1713017351955_17130173481042141941879394402299.jpg"
"279280";"Lada";"Kalina";"2005";"КПП механическая (МКПП)";"";"бензин";"1.4";"";"";"";"";"0";"0";"";"";"0";"";"Из Германии гарантия на проверку и установку";"0";"0";"Маркировка не читаеться ";"200";"USD";"";"";"";"";"";"https://d4.by/image/catalog/d4_img/1685059200/1685100766065_16851007537247578248822113218718.jpg,https://d4.by/image/catalog/d4_img/1685059200/1685100751673_16851007405276554083878710240522.jpg"
"308995";"Mercedes";"C W203";"2004";"КПП механическая (МКПП)";"";"бензин";"1.8";"";"";"";"";"0";"0";"";"";"0";"2032602702";"Из Бельгии, хорошее состояние, гарантия ";"0";"0";"";"115";"USD";"";"";"";"";"";"https://d4.by/image/catalog/d4_img/1712966400/1713006561323_17130065568077702687803392803622.jpg,https://d4.by/image/catalog/d4_img/1712966400/1713006555741_17130065502057909774903640109453.jpg,https://d4.by/image/catalog/d4_img/1712966400/1713006549274_17130065422424910666852465598382.jpg,https://d4.by/image/catalog/d4_img/1712966400/1713006539493_17130065244744547582030192888529.jpg,https://d4.by/image/catalog/d4_img/1712966400/1713006523032_17130065149644510734262198406784.jpg"
"347379";"Suzuki";"Swift";"2007";"КПП механическая (МКПП)";"";"дизель";"1.3";"";"";"";"";"0";"0";"";"";"0";"";" Из Бельгии. Гарантия на установку и проверку . Номер не читается ";"0";"0";"";"80";"USD";"";"";"";"";"";"https://d4.by/image/catalog/d4_img/1745193600/1745228159663_17452281541146660436164225644718.jpg,https://d4.by/image/catalog/d4_img/1745193600/1745228153291_17452281495056405072484752027586.jpg,https://d4.by/image/catalog/d4_img/1745193600/1745228148673_17452281441196748523161286566299.jpg,https://d4.by/image/catalog/d4_img/1745193600/1745228170763_17452281624687347591241690170962.jpg"
"374059";"Renault";"Clio";"2009";"КПП механическая (МКПП)";"";"дизель";"1.5";"";"";"";"";"0";"0";"";"";"0";"JR5322";"Из Бельгии.  Гарантия на установку и проверку ";"0";"0";"";"120";"USD";"";"";"";"";"";"https://d4.by/image/catalog/d4_img/1768608000/1768644367220_17686443595782224014940413054651.jpg,https://d4.by/image/catalog/d4_img/1768608000/1768644373823_17686443680829097862465143678792.jpg,https://d4.by/image/catalog/d4_img/1768608000/1768644358797_17686443515128424164902240703157.jpg,https://d4.by/image/catalog/d4_img/1768608000/1768644350728_17686443458126834278616401619149.jpg"
"268241";"Honda";"Logo";"1999";"КПП механическая (МКПП)";"";"бензин";"1.3";"";"";"";"";"0";"0";"";"";"0";"S7B";"Из Бельгии, хорошее состояние, гарантия ";"0";"0";"";"50";"USD";"";"";"";"";"";"https://d4.by/image/catalog/d4_img/1675814400/1675845394376_16758453725738590255283778889164.jpg,https://d4.by/image/catalog/d4_img/1675814400/1675845370548_16758453652532755325046545728433.jpg,https://d4.by/image/catalog/d4_img/1675814400/1675845363614_1675845358280951007363473904121.jpg,https://d4.by/image/catalog/d4_img/1675814400/1675845356933_16758453502051923728142394851763.jpg"
"347370";"Geely";"SC7";"2013";"КПП механическая (МКПП)";"";"бензин";"1.8";"";"";"";"";"0";"0";"";"";"0";"JL160";"гудит на четвертой передаче на запчасти без гарантии ";"0";"0";"";"220";"USD";"";"";"";"";"";"https://d4.by/image/catalog/d4_img/1745193600/1745225190673_17452251857572414048973556284269.jpg,https://d4.by/image/catalog/d4_img/1745193600/1745225162289_17452251574138383482528730462622.jpg,https://d4.by/image/catalog/d4_img/1745193600/1745225167260_17452251630808208435762780833908.jpg,https://d4.by/image/catalog/d4_img/1745193600/1745225173351_17452251687308152352390911356751.jpg,https://d4.by/image/catalog/d4_img/1745193600/1745225179991_17452251749351376303689228185231.jpg,https://d4.by/image/catalog/d4_img/1745193600/1745225196195_17452251922218890041286425698682.jpg"
"347367";"Saab";"9-5";"2001";"КПП механическая (МКПП)";"";"бензин";"2.3";"";"";"";"";"0";"0";"";"";"0";"FM55B05,";"Подогнут вал переключения передач,под восстановление,на запчасти ";"0";"0";"";"50";"USD";"";"";"";"";"";"https://d4.by/image/catalog/d4_img/1745193600/1745224479036_17452244740277329000341020551863.jpg,https://d4.by/image/catalog/d4_img/1745193600/1745224502985_17452244983391957972455700697025.jpg,https://d4.by/image/catalog/d4_img/1745193600/1745224508685_17452245039466778759414746585878.jpg,https://d4.by/image/catalog/d4_img/1745193600/1745224485280_1745224480552947784323206108292.jpg,https://d4.by/image/catalog/d4_img/1745193600/1745224490865_1745224486104607304439499098539.jpg,https://d4.by/image/catalog/d4_img/1745193600/1745224496845_17452244925105560198942370664617.jpg"
"347366";"Suzuki";"Swift";"2007";"КПП механическая (МКПП)";"";"дизель";"1.3";"";"";"";"";"0";"0";"";"";"0";"";"Из Бельгии. Гарантия на установку и проверку . Номер не читается ";"0";"0";"";"80";"USD";"";"";"";"";"";"https://d4.by/image/catalog/d4_img/1745193600/1745223914251_17452239097343645036480965928740.jpg,https://d4.by/image/catalog/d4_img/1745193600/1745223908835_17452239049063999420105836308117.jpg,https://d4.by/image/catalog/d4_img/1745193600/1745223894502_17452238901923669943461635053845.jpg,https://d4.by/image/catalog/d4_img/1745193600/1745223889345_17452238838542220933917509732695.jpg,https://d4.by/image/catalog/d4_img/1745193600/1745223926577_17452239218953974418184712624211.jpg,https://d4.by/image/catalog/d4_img/1745193600/1745223920419_17452239151591402912480343828935.jpg"
"289265";"Citroen";"Xantia";"1998";"КПП механическая (МКПП)";"";"дизель";"1.9";"";"";"";"";"0";"0";"";"";"0";"20CH97";"Гарантия на установку и проверку ";"0";"0";"";"48";"USD";"";"";"";"";"";"https://d4.by/image/catalog/d4_img/1694131200/1694182017231_16941820120418820646059268508068.jpg,https://d4.by/image/catalog/d4_img/1694131200/1694182009877_16941820059445396985817867568973.jpg,https://d4.by/image/catalog/d4_img/1694131200/1694182003656_16941820004541864216845527873380.jpg"
"331705";"Rover";"400";"1998";"КПП механическая (МКПП)";"";"дизель";"2.0";"";"";"";"";"0";"0";"";"";"0";"";"Гарантия на установку и проверку ";"0";"0";"";"45";"USD";"";"";"";"";"";"https://d4.by/image/catalog/d4_img/1734307200/1734331756029_17343317217949169939791377453430.jpg,https://d4.by/image/catalog/d4_img/1734307200/1734331787711_17343317800962303355485879216033.jpg,https://d4.by/image/catalog/d4_img/1734307200/1734331770164_17343317632239183100188650927350.jpg,https://d4.by/image/catalog/d4_img/1734307200/1734331779213_17343317716977532104520762339621.jpg,https://d4.by/image/catalog/d4_img/1734307200/1734331762292_17343317568546445009494216018419.jpg"
"347356";"Hyundai";"Matrix";"2004";"КПП механическая (МКПП)";"";"дизель";"1.5";"";"";"";"";"0";"0";"";"";"0";"";"Из Бельгии. Гарантия на установку и проверку . Без датчика скорости ";"0";"0";"";"33";"USD";"";"";"";"";"";"https://d4.by/image/catalog/d4_img/1745193600/1745220868997_1745220862842663776362834632987.jpg,https://d4.by/image/catalog/d4_img/1745193600/1745220881424_17452208760515149613250076587975.jpg,https://d4.by/image/catalog/d4_img/1745193600/1745220875082_1745220869935672264368414544033.jpg,https://d4.by/image/catalog/d4_img/1745193600/1745220898160_1745220889963777150993457309964.jpg,https://d4.by/image/catalog/d4_img/1745193600/1745220889134_17452208823979097151341114176888.jpg,https://d4.by/image/catalog/d4_img/1745193600/1745220905429_1745220899700355290241071775225.jpg"
"374013";"Opel";"Zafira";"2003";"КПП механическая (МКПП)";"";"дизель";"2.2";"";"";"";"";"0";"0";"";"";"0";"13104951";"Из Бельгии.  Гарантия на установку и проверку.  Передатка 3.82";"0";"0";"";"300";"USD";"";"";"";"";"";"https://d4.by/image/catalog/d4_img/1768608000/1768635107973_17686350980877794368608957657943.jpg,https://d4.by/image/catalog/d4_img/1768608000/1768635097307_17686350912405747679425452642530.jpg,https://d4.by/image/catalog/d4_img/1768608000/1768635090471_17686350845377005616580354460371.jpg,https://d4.by/image/catalog/d4_img/1768608000/1768635083162_17686350773356549569046329673665.jpg"
"270749";"Citroen";"Xantia";"1998";"КПП механическая (МКПП)";"8v";"бензин";"1.8";"";"";"";"";"0";"0";"";"";"0";"20cl47";"Гарантия на установку и проверку ";"0";"0";"";"36";"USD";"";"";"";"";"";"https://d4.by/image/catalog/d4_img/1678665600/1678717718826_16787177132145600461425377167091.jpg,https://d4.by/image/catalog/d4_img/1678665600/1678717728980_16787177238525959289242012937435.jpg"
"270802";"Hyundai";"Coupe";"2000";"КПП механическая (МКПП)";"";"бензин";"1.6";"";"";"";"";"0";"0";"";"";"0";"Jy1873";" Из Бельгии. Гарантия на установку и проверку   ";"0";"0";"";"68";"USD";"";"";"";"";"";"https://d4.by/image/catalog/d4_img/1678752000/1678792132623_1678792125862675386895916816443.jpg,https://d4.by/image/catalog/d4_img/1678752000/1678792144455_16787921368447215782413636102505.jpg,https://d4.by/image/catalog/d4_img/1678752000/1678792150566_1678792145854556716979610040127.jpg"
"373980";"Dacia";"Sandero";"2010";"КПП механическая (МКПП)";"";"бензин";"1.2";"";"";"";"";"0";"0";"";"";"0";"JH3077";"Из Бельгии. Гарантия на установку и проверку ";"0";"0";"";"280";"USD";"";"";"";"";"";"https://d4.by/image/catalog/d4_img/1768521600/1768574993829_17685749876428512418574384562722.jpg,https://d4.by/image/catalog/d4_img/1768521600/1768574986888_17685749817485433057519861018183.jpg,https://d4.by/image/catalog/d4_img/1768521600/1768574980892_17685749739115589774977861096686.jpg,https://d4.by/image/catalog/d4_img/1768521600/1768574973141_17685749676367090556138564982456.jpg,https://d4.by/image/catalog/d4_img/1768521600/1768574966762_1768574960522670825525135694582.jpg"
"308684";"Hyundai";"i10";"2013";"КПП механическая (МКПП)";"";"бензин";"1.1";"";"";"";"";"0";"0";"";"";"0";"Md1671";"Из Бельгии гарантия на проверку и установку ";"0";"0";"";"165";"USD";"";"";"";"";"";"https://d4.by/image/catalog/d4_img/1712707200/1712734639698_1712734633861255007975035486035.jpg,https://d4.by/image/catalog/d4_img/1712707200/1712734632620_17127346288243837670750319356738.jpg,https://d4.by/image/catalog/d4_img/1712707200/1712734627811_17127346233446645257819008844741.jpg,https://d4.by/image/catalog/d4_img/1712707200/1712734622477_1712734617828517760298558476728.jpg"
"351281";"Renault";"Clio";"2008";"КПП механическая (МКПП)";"";"бензин";"1.2";"";"";"";"";"0";"0";"";"";"0";"JH3184";"Из Бельгии. Гарантия на установку и проверку";"0";"0";"";"140";"USD";"";"";"";"";"";"https://d4.by/image/catalog/d4_img/1749859200/1749911357562_17499113526561902234794875285424.jpg,https://d4.by/image/catalog/d4_img/1749859200/1749911351689_17499113467497406014405644663382.jpg,https://d4.by/image/catalog/d4_img/1749859200/1749911345859_17499113403127053155807572563080.jpg,https://d4.by/image/catalog/d4_img/1749859200/1749911339332_17499113322092390828793587526183.jpg"
"351280";"Renault";"Clio";"2002";"КПП механическая (МКПП)";"";"бензин";"1.2";"";"";"";"";"0";"0";"";"";"0";"JB1513";"Из Бельгии. Гарантия на установку и проверку";"0";"0";"";"100";"USD";"";"";"";"";"";"https://d4.by/image/catalog/d4_img/1749859200/1749910696714_1749910692051246994365149603427.jpg,https://d4.by/image/catalog/d4_img/1749859200/1749910691047_17499106849147668513360041795178.jpg,https://d4.by/image/catalog/d4_img/1749859200/1749910683386_17499106779623545517596536128998.jpg,https://d4.by/image/catalog/d4_img/1749859200/1749910676177_17499106714788624419321719407396.jpg,https://d4.by/image/catalog/d4_img/1749859200/1749910670543_17499106653793155957190429027389.jpg"
"282850";"Chevrolet";"Captiva";"2007";"КПП механическая (МКПП)";"";"дизель";"2.0";"";"";"";"";"0";"0";"";"";"0";"96420073";"Из Бельгии гарантия на проверку и установку";"0";"0";"";"50";"USD";"";"";"";"";"";"https://d4.by/image/catalog/d4_img/1687478400/1687508089175_16875080834334557540390986247721.jpg,https://d4.by/image/catalog/d4_img/1687478400/1687508099114_16875080910955569620584017660063.jpg,https://d4.by/image/catalog/d4_img/1687478400/1687508108342_16875081009392360959473803674586.jpg"
"282873";"Ford";"Mondeo";"2009";"КПП механическая (МКПП)";"";"бензин";"2.5";"Ti";"";"";"";"0";"0";"";"";"0";"8g9r7002ja";"Из Бельгии гарантия на проверку и установку ";"0";"0";"";"175";"USD";"";"";"";"";"";"https://d4.by/image/catalog/d4_img/1687478400/1687514514516_16875145076766984262556082638805.jpg,https://d4.by/image/catalog/d4_img/1687478400/1687514520858_16875145163833236612482846009149.jpg,https://d4.by/image/catalog/d4_img/1687478400/1687514529069_16875145227316167087079674706682.jpg"
"360949_1";"Volkswagen";"Sharan";"2003";"КПП механическая (МКПП)";"";"дизель";"1.9";"";"";"";"";"0";"0";"";"";"0";"FPE";"Из Бельгии. Гарантия на установку и проверку,  Вал без люфта, без фланца кпп";"0";"0";"";"190";"USD";"";"";"";"";"";"https://d4.by/image/catalog/d4_img/1757289600/1757312392267_175731238591584210606646399225.jpg,https://d4.by/image/catalog/d4_img/1757289600/1757312384917_17573123788308017512136873762926.jpg,https://d4.by/image/catalog/d4_img/1757289600/1757312377679_17573123711092666448692731581950.jpg,https://d4.by/image/catalog/d4_img/1757289600/1757312370313_17573123654575044245625798910173.jpg,https://d4.by/image/catalog/d4_img/1757289600/1757312364676_17573123486907188559641086050939.jpg"
"360949_3";"Seat";"Alhambra";"2003";"КПП механическая (МКПП)";"";"дизель";"1.9";"";"";"";"";"0";"0";"";"";"0";"FPE";"Из Бельгии. Гарантия на установку и проверку,  Вал без люфта, без фланца кпп";"0";"0";"";"190";"USD";"";"";"";"";"";"https://d4.by/image/catalog/d4_img/1757289600/1757312364676_17573123486907188559641086050939.jpg,https://d4.by/image/catalog/d4_img/1757289600/1757312370313_17573123654575044245625798910173.jpg,https://d4.by/image/catalog/d4_img/1757289600/1757312392267_175731238591584210606646399225.jpg,https://d4.by/image/catalog/d4_img/1757289600/1757312384917_17573123788308017512136873762926.jpg,https://d4.by/image/catalog/d4_img/1757289600/1757312377679_17573123711092666448692731581950.jpg"
"360949_2";"Ford";"Galaxy";"2003";"КПП механическая (МКПП)";"";"дизель";"1.9";"";"";"";"";"0";"0";"";"";"0";"FPE";"Из Бельгии. Гарантия на установку и проверку,  Вал без люфта, без фланца кпп";"0";"0";"";"190";"USD";"";"";"";"";"";"https://d4.by/image/catalog/d4_img/1757289600/1757312377679_17573123711092666448692731581950.jpg,https://d4.by/image/catalog/d4_img/1757289600/1757312384917_17573123788308017512136873762926.jpg,https://d4.by/image/catalog/d4_img/1757289600/1757312392267_175731238591584210606646399225.jpg,https://d4.by/image/catalog/d4_img/1757289600/1757312370313_17573123654575044245625798910173.jpg,https://d4.by/image/catalog/d4_img/1757289600/1757312364676_17573123486907188559641086050939.jpg"
"284651";"Citroen";"C3";"2010";"КПП механическая (МКПП)";"";"бензин";"1.2";"";"";"";"";"0";"0";"";"";"0";"20a701";"Из Бельгии гарантия на проверку и установку ";"0";"0";"";"140";"USD";"";"";"";"";"";"https://d4.by/image/catalog/d4_img/1689120000/1689160360186_16891603548325729701783657342343.jpg,https://d4.by/image/catalog/d4_img/1689120000/1689160353050_16891603447623119156722386691756.jpg,https://d4.by/image/catalog/d4_img/1689120000/1689160342784_16891603246114133362908473157300.jpg"
"360920";"Fiat";"Ducato";"1998";"КПП механическая (МКПП)";"";"дизель";"2.8";"";"";"";"";"0";"0";"";"";"0";"20UE03";"Из Бельгии. Гарантия на установку и проверку, Люфт кулисы";"0";"0";"";"380";"USD";"";"";"";"";"";"https://d4.by/image/catalog/d4_img/1757116800/1757164372493_17571643672496489807891230263471.jpg,https://d4.by/image/catalog/d4_img/1757116800/1757164379248_17571643734868929809734738863467.jpg,https://d4.by/image/catalog/d4_img/1757116800/1757164366384_17571643611084366057302448523956.jpg,https://d4.by/image/catalog/d4_img/1757116800/1757164402614_17571643954442238549483735148542.jpg,https://d4.by/image/catalog/d4_img/1757116800/1757164393826_17571643873885658374077197448274.jpg,https://d4.by/image/catalog/d4_img/1757116800/1757164386448_17571643809864444823890797031936.jpg"
"360908";"Suzuki";"Swift";"2018";"КПП механическая (МКПП)";"";"бензин";"1.2";"";"";"";"";"0";"0";"";"";"0";"AS0,021E";"Из Бельгии. Гарантия на установку и проверку.";"0";"0";"";"500";"USD";"";"";"";"";"";"https://d4.by/image/catalog/d4_img/1757116800/1757161904105_17571618970611745563960403909061.jpg,https://d4.by/image/catalog/d4_img/1757116800/1757161896024_17571618888146116120799626395606.jpg,https://d4.by/image/catalog/d4_img/1757116800/1757161880385_17571618761262491225734788149842.jpg,https://d4.by/image/catalog/d4_img/1757116800/1757161875074_17571618666522370952926336040549.jpg,https://d4.by/image/catalog/d4_img/1757116800/1757161865710_17571618614742348597050670209112.jpg,https://d4.by/image/catalog/d4_img/1757116800/1757161860579_17571618548356887897768700139270.jpg"
"360898";"Iveco";"Daily";"2003";"КПП механическая (МКПП)";"";"дизель";"2.8";"";"";"";"";"0";"0";"";"";"0";"1323050003";"Из Бельгии. Гарантия на установку и проверку ";"0";"0";"";"250";"USD";"";"";"";"";"";"https://d4.by/image/catalog/d4_img/1757116800/1757160093621_17571600887417884903621289330744.jpg,https://d4.by/image/catalog/d4_img/1757116800/1757160087654_17571600825758123552723686225238.jpg,https://d4.by/image/catalog/d4_img/1757116800/1757160081676_1757160077080959267490908069743.jpg,https://d4.by/image/catalog/d4_img/1757116800/1757160075412_17571600706572111541062686360478.jpg,https://d4.by/image/catalog/d4_img/1757116800/1757160064749_17571600590178948003741361608334.jpg,https://d4.by/image/catalog/d4_img/1757116800/1757160069758_17571600655864809328143001157549.jpg"
"298535";"Audi";"A4";"2003";"КПП механическая (МКПП)";"";"бензин";"1.6";"";"";"";"";"0";"0";"";"";"0";"GBK";"Из Бельгии гарантия на установку и проверку ";"0";"0";"";"100";"USD";"";"";"";"";"";"https://d4.by/image/catalog/d4_img/1700784000/1700837066136_17008370583362057662490818782928.jpg,https://d4.by/image/catalog/d4_img/1700784000/1700837075749_17008370674284264557314720290369.jpg"
"301428";"Audi";"A4";"2003";"КПП механическая (МКПП)";"";"бензин";"2.0";"";"";"";"";"0";"0";"";"";"0";"Gbn";"Из Бельгии, хорошее состояние, гарантия";"0";"0";"";"85";"USD";"";"";"";"";"";"https://d4.by/image/catalog/d4_img/1703808000/1703841966354_17038419618831685474712508304609.jpg,https://d4.by/image/catalog/d4_img/1703808000/1703841973255_17038419679674593668969956283255.jpg,https://d4.by/image/catalog/d4_img/1703808000/1703841979306_17038419743238196313425064219324.jpg"
"334242_2";"Citroen";"J5";"1990";"КПП механическая (МКПП)";"";"дизель";"2.5";"";"";"";"";"0";"0";"";"";"0";"2HE68";"Из Бельгии. Гарантия на установку и проверку.";"0";"0";"";"450";"USD";"";"";"";"";"";"https://d4.by/image/catalog/d4_img/1735862400/1735914151638_17359141428365546904059566881060.jpg,https://d4.by/image/catalog/d4_img/1735862400/1735914157681_17359141526305223865852153286294.jpg,https://d4.by/image/catalog/d4_img/1735862400/1735914134217_1735914129827984632262820989372.jpg,https://d4.by/image/catalog/d4_img/1735862400/1735914141724_17359141352972015609078243939902.jpg,https://d4.by/image/catalog/d4_img/1735862400/1735914128861_17359141234306362454864691879928.jpg,https://d4.by/image/catalog/d4_img/1735862400/1735914122482_17359141171419013052782195005943.jpg"
"334242_3";"Citroen";"J5";"1990";"КПП механическая (МКПП)";"";"дизель";"2.5";"";"";"";"";"0";"0";"";"";"0";"2HE68";"Из Бельгии. Гарантия на установку и проверку.";"0";"0";"";"450";"USD";"";"";"";"";"";"https://d4.by/image/catalog/d4_img/1735862400/1735914122482_17359141171419013052782195005943.jpg,https://d4.by/image/catalog/d4_img/1735862400/1735914157681_17359141526305223865852153286294.jpg,https://d4.by/image/catalog/d4_img/1735862400/1735914151638_17359141428365546904059566881060.jpg,https://d4.by/image/catalog/d4_img/1735862400/1735914141724_17359141352972015609078243939902.jpg,https://d4.by/image/catalog/d4_img/1735862400/1735914134217_1735914129827984632262820989372.jpg,https://d4.by/image/catalog/d4_img/1735862400/1735914128861_17359141234306362454864691879928.jpg"
"334242_1";"Fiat";"Ducato";"1990";"КПП механическая (МКПП)";"";"дизель";"2.5";"";"";"";"";"0";"0";"";"";"0";"2HE68";"Из Бельгии. Гарантия на установку и проверку.";"0";"0";"";"500";"USD";"";"";"";"";"";"https://d4.by/image/catalog/d4_img/1735862400/1735914141724_17359141352972015609078243939902.jpg,https://d4.by/image/catalog/d4_img/1735862400/1735914157681_17359141526305223865852153286294.jpg,https://d4.by/image/catalog/d4_img/1735862400/1735914128861_17359141234306362454864691879928.jpg,https://d4.by/image/catalog/d4_img/1735862400/1735914122482_17359141171419013052782195005943.jpg,https://d4.by/image/catalog/d4_img/1735862400/1735914134217_1735914129827984632262820989372.jpg,https://d4.by/image/catalog/d4_img/1735862400/1735914151638_17359141428365546904059566881060.jpg"
"301597";"Peugeot";"Partner";"2002";"КПП механическая (МКПП)";"";"дизель";"1.9";"D";"";"";"";"0";"0";"";"";"0";"20tb15";"Из Бельгии гарантия на установку и проверку";"0";"0";"";"70";"USD";"";"";"";"";"";"https://d4.by/image/catalog/d4_img/1703894400/1703945371521_17039453675937587537074685740669.jpg,https://d4.by/image/catalog/d4_img/1703894400/1703945377112_17039453725573473820873071956319.jpg,https://d4.by/image/catalog/d4_img/1703894400/1703945384251_17039453780712959722910110950267.jpg,https://d4.by/image/catalog/d4_img/1703894400/1703945390051_1703945385856403475968331402965.jpg,https://d4.by/image/catalog/d4_img/1703894400/1703945396287_17039453910284931906800990046845.jpg"
"301602";"Peugeot";"Boxer";"2000";"КПП механическая (МКПП)";"";"дизель";"2.5";"D";"";"";"";"0";"0";"";"";"0";"";"Из Бельгии гарантия на установку и проверку, маркировка не читается ";"0";"0";"";"200";"USD";"";"";"";"";"";"https://d4.by/image/catalog/d4_img/1703894400/1703946768238_17039467646321581698220992052172.jpg,https://d4.by/image/catalog/d4_img/1703894400/1703946773360_17039467692443539490585356659703.jpg,https://d4.by/image/catalog/d4_img/1703894400/1703946783358_17039467771892285697303713986060.jpg"
"320743";"Renault";"Master";"2003";"КПП механическая (МКПП)";"";"дизель";"2.5";"DCi";"";"";"";"0";"0";"";"";"0";"PK6030";"Из Бельгии.Большой люфт в кулисе ";"0";"0";"";"180";"USD";"";"";"";"";"";"https://d4.by/image/catalog/d4_img/1723593600/1723623935722_17236239316604992267835066688580.jpg,https://d4.by/image/catalog/d4_img/1723593600/1723623930667_17236239248046765220077481235487.jpg,https://d4.by/image/catalog/d4_img/1723593600/1723623944998_17236239365781054646605535474312.jpg,https://d4.by/image/catalog/d4_img/1723593600/1723623959617_17236239551796148821538267363414.jpg,https://d4.by/image/catalog/d4_img/1723593600/1723623954220_17236239459718493815594832416061.jpg"
"302485";"Volvo";"V50";"2009";"КПП механическая (МКПП)";"";"дизель";"1.6";"TDi";"";"";"";"0";"0";"";"";"0";"Av6r7002mf";"Из Бельгии гарантия на установку и проверку ";"0";"0";"";"145";"USD";"";"";"";"";"";"https://d4.by/image/catalog/d4_img/1704931200/1704984031335_17049840260465808625520042988321.jpg,https://d4.by/image/catalog/d4_img/1704931200/1704984040058_17049840324801306995594852862162.jpg,https://d4.by/image/catalog/d4_img/1704931200/1704984044975_17049840411213954442366758412444.jpg"
"334233";"Renault";"Kadjar";"2015";"КПП механическая (МКПП)";"";"дизель";"1.5";"";"";"";"";"0";"0";"";"";"0";"TL4079";"Из Бельгии. Гарантия на установку и проверку.";"0";"0";"";"135";"USD";"";"";"";"";"";"https://d4.by/image/catalog/d4_img/1735862400/1735910927175_17359109219148317698535477509610.jpg,https://d4.by/image/catalog/d4_img/1735862400/1735910920209_17359109160844213517812148839001.jpg,https://d4.by/image/catalog/d4_img/1735862400/1735910914244_17359109090283633278613276578195.jpg,https://d4.by/image/catalog/d4_img/1735862400/1735910908116_17359109021241302779084201965622.jpg,https://d4.by/image/catalog/d4_img/1735862400/1735910945341_17359109351726545470016343855349.jpg,https://d4.by/image/catalog/d4_img/1735862400/1735910934074_17359109287919063117770718393859.jpg"
"302555";"Citroen";"ZX";"1997";"КПП механическая (МКПП)";"";"дизель";"1.9";"D";"";"";"";"0";"0";"";"";"0";"20cl86";"Гарантия на установку и проверку ";"0";"0";"";"38";"USD";"";"";"";"";"";"https://d4.by/image/catalog/d4_img/1705104000/1705133691675_17051336793083761123491259352223.jpg,https://d4.by/image/catalog/d4_img/1705104000/1705133698390_17051336928215038658679286362985.jpg,https://d4.by/image/catalog/d4_img/1705104000/1705133706497_17051336994652714568002136730997.jpg"
"303104";"Fiat";"Cinquecento";"1998";"КПП механическая (МКПП)";"";"бензин";"1.1";"";"";"";"";"0";"0";"";"";"0";"";"Хорошее состояние, гарантия ";"0";"0";"";"100";"USD";"";"";"";"";"";"https://d4.by/image/catalog/d4_img/1705881600/1705934436738_17059344313078507775361422880615.jpg,https://d4.by/image/catalog/d4_img/1705881600/1705934429856_17059344227008067726477116337773.jpg,https://d4.by/image/catalog/d4_img/1705881600/1705934421765_1705934410832908498808473209563.jpg,https://d4.by/image/catalog/d4_img/1705881600/1705934409863_17059344053027666010451097005011.jpg"
"348029";"Volkswagen";"Polo";"2000";"КПП механическая (МКПП)";"";"бензин";"1.4";"";"";"";"";"0";"0";"";"";"0";"CWX";"Из Бельгии. на запчасти без гарантии есть скол на шестерне 5й передачи струшка";"0";"0";"";"60";"USD";"";"";"";"";"";"https://d4.by/image/catalog/d4_img/1746144000/1746170458193_17461704537115598597190267176983.jpg,https://d4.by/image/catalog/d4_img/1746144000/1746170465829_17461704591081050034452032817223.jpg,https://d4.by/image/catalog/d4_img/1746144000/1746170473936_17461704694307416472715919473601.jpg,https://d4.by/image/catalog/d4_img/1746144000/1746170452930_17461704472574467599882957748904.jpg"
"326566";"Suzuki";"SX4";"2014";"КПП механическая (МКПП)";"";"бензин";"1.6";"";"";"";"";"0";"0";"";"";"0";"0403S";"Из Бельгии. Гарантия на установку и проверку. Передний привод, на ДВС под алюминевый поддон,";"0";"0";"";"550";"USD";"";"";"";"";"";"https://d4.by/image/catalog/d4_img/1729728000/1729775176860_1729775172142528073708270855170.jpg,https://d4.by/image/catalog/d4_img/1729728000/1729775171293_17297751656072126039022358151515.jpg,https://d4.by/image/catalog/d4_img/1729728000/1729775164666_172977515940147430751686764099.jpg,https://d4.by/image/catalog/d4_img/1729728000/1729775204092_17297751995558476020601266211044.jpg,https://d4.by/image/catalog/d4_img/1729728000/1729775198576_17297751935147054817651690409532.jpg,https://d4.by/image/catalog/d4_img/1729728000/1729775191961_17297751869761423759812850929050.jpg,https://d4.by/image/catalog/d4_img/1729728000/1729775184817_1729775178576304946121503372361.jpg"
"331529";"Citroen";"ZX";"1996";"КПП механическая (МКПП)";"";"бензин";"1.6";"";"";"";"";"0";"0";"";"";"0";"20cj84";" Гарантия на установку и проверку. ";"0";"0";"";"30";"USD";"";"";"";"";"";"https://d4.by/image/catalog/d4_img/1733961600/1734004382423_1734004376948674066323654340979.jpg,https://d4.by/image/catalog/d4_img/1733961600/1734004405486_17340044015614752753408151832940.jpg,https://d4.by/image/catalog/d4_img/1733961600/1734004400618_17340043961174570243986492384660.jpg,https://d4.by/image/catalog/d4_img/1733961600/1734004393647_17340043890952280986536361247497.jpg,https://d4.by/image/catalog/d4_img/1733961600/1734004388158_17340043832374091919835221672169.jpg"
"326553";"Opel";"Zafira";"2008";"КПП механическая (МКПП)";"";"бензин";"2.2";"";"";"";"";"0";"0";"";"";"0";"551920042,55194293";"Из Бельгии. Гарантия на установку и проверку  6мкпп";"0";"0";"";"70";"USD";"";"";"";"";"";"https://d4.by/image/catalog/d4_img/1729728000/1729771564440_17297715564042100351275131872936.jpg,https://d4.by/image/catalog/d4_img/1729728000/1729771584601_17297715791924572449350487412759.jpg,https://d4.by/image/catalog/d4_img/1729728000/1729771578174_17297715731058512207763991123447.jpg,https://d4.by/image/catalog/d4_img/1729728000/1729771572058_17297715654466986589955386436494.jpg,https://d4.by/image/catalog/d4_img/1729728000/1729771555396_1729771548574511455898523158683.jpg,https://d4.by/image/catalog/d4_img/1729728000/1729771359372_17297713540495061716509853035390.jpg"
"326550";"Suzuki";"Swift";"2012";"КПП механическая (МКПП)";"";"дизель";"1.3";"";"";"";"";"0";"0";"";"";"0";"69l0m3";"Из Бельгии. Гарантия на установку и проверку ";"0";"0";"";"100";"USD";"";"";"";"";"";"https://d4.by/image/catalog/d4_img/1729728000/1729770885266_17297708793252806030062785872484.jpg,https://d4.by/image/catalog/d4_img/1729728000/1729770853655_17297708487167014626805141348964.jpg,https://d4.by/image/catalog/d4_img/1729728000/1729770847829_17297708428197502981778981217626.jpg,https://d4.by/image/catalog/d4_img/1729728000/1729770878386_17297708693614751025267578645231.jpg,https://d4.by/image/catalog/d4_img/1729728000/1729770868461_172977086033473536940721531383.jpg,https://d4.by/image/catalog/d4_img/1729728000/1729770859369_17297708546008848990043020425018.jpg"
"323671";"Volkswagen";"Passat";"2000";"КПП механическая (МКПП)";"";"бензин";"2.3";"";"";"";"";"0";"0";"";"";"0";"DVT";"Из Бельгии. Гарантия на установку и проверку ";"0";"0";"";"95";"USD";"";"";"";"";"";"https://d4.by/image/catalog/d4_img/1726185600/1726237308781_17262373036193834950614308860004.jpg,https://d4.by/image/catalog/d4_img/1726185600/1726237300360_17262372947456720883804718332304.jpg,https://d4.by/image/catalog/d4_img/1726185600/1726237286030_17262372812561546840896125759857.jpg,https://d4.by/image/catalog/d4_img/1726185600/1726237293132_17262372869606038258288827192507.jpg"
"304487";"Citroen";"Xantia";"1998";"КПП механическая (МКПП)";"";"бензин";"1.6";"";"";"";"";"0";"0";"";"";"0";"20cl47";"Гарантия на установку и проверку ";"0";"0";"";"35";"USD";"";"";"";"";"";"https://d4.by/image/catalog/d4_img/1708473600/1708521548275_1708521544054858250121894337357.jpg,https://d4.by/image/catalog/d4_img/1708473600/1708521554684_170852154920669021875126987252.jpg,https://d4.by/image/catalog/d4_img/1708473600/1708521562027_17085215557172316000438171423765.jpg"
"350231";"Isuzu";"Elf";"2006";"КПП механическая (МКПП)";"";"дизель";"4.6";"";"";"";"";"0";"0";"";"";"0";"T0853347";"Гарантия на установку и проверку, ";"0";"0";"";"1100";"USD";"";"";"";"";"";"https://d4.by/image/catalog/d4_img/1748822400/1748873324045_17488733190507442712681869993587.jpg,https://d4.by/image/catalog/d4_img/1748822400/1748873318143_17488733138765504909749235385974.jpg,https://d4.by/image/catalog/d4_img/1748822400/1748873364146_17488733587183508612360190044449.jpg,https://d4.by/image/catalog/d4_img/1748822400/1748873347653_17488733413423038554462851725334.jpg,https://d4.by/image/catalog/d4_img/1748822400/1748873339744_17488733334455303269260433145682.jpg,https://d4.by/image/catalog/d4_img/1748822400/1748873331742_1748873325704777265960784468000.jpg"
"371632";"Volkswagen";"Golf";"2001";"КПП механическая (МКПП)";"";"бензин";"1.6";"";"";"";"";"0";"0";"";"";"0";"ERT";"Из Бельгии.  шумит подшипник, продажа без гарантии";"0";"0";"";"100";"USD";"";"";"";"";"";"https://d4.by/image/catalog/d4_img/1766188800/1766233747702_17662337416046685546187337581544.jpg,https://d4.by/image/catalog/d4_img/1766188800/1766233753729_1766233748441963638836143209628.jpg,https://d4.by/image/catalog/d4_img/1766188800/1766233761678_17662337546677433853253690728392.jpg,https://d4.by/image/catalog/d4_img/1766188800/1766233770579_17662337627388021609578727565078.jpg"
"371642";"Volkswagen";"Golf";"2001";"КПП механическая (МКПП)";"";"бензин";"1.6";"i";"";"";"";"0";"0";"";"";"0";"DLP";"Из Бельгии.  шумит подшипник, продажа без гарантии";"0";"0";"";"100";"USD";"";"";"";"";"";"https://d4.by/image/catalog/d4_img/1766188800/1766241003025_17662409975921588247656104081113.jpg,https://d4.by/image/catalog/d4_img/1766188800/1766241024333_17662410171088043431157753240514.jpg,https://d4.by/image/catalog/d4_img/1766188800/1766241016369_17662410096338861063586571951226.jpg,https://d4.by/image/catalog/d4_img/1766188800/1766241008794_17662410038201437009963658303269.jpg"
"367365";"Volkswagen";"Touareg";"2004";"КПП механическая (МКПП)";"";"дизель";"2.5";"";"МКПП";"";"";"0";"0";"";"";"0";"006fea";"Из Бельгии.  Гарантия на установку и проверку . Без раздатки";"0";"0";"";"180";"USD";"";"";"";"";"";"https://d4.by/image/catalog/d4_img/1762732800/1762759249530_1762759243280440028071334245786.jpg,https://d4.by/image/catalog/d4_img/1762732800/1762759258521_17627592517616831403191167598534.jpg,https://d4.by/image/catalog/d4_img/1762732800/1762759242404_17627592359623028757298117795275.jpg,https://d4.by/image/catalog/d4_img/1762732800/1762759235089_1762759230271135013699273735716.jpg,https://d4.by/image/catalog/d4_img/1762732800/1762759229526_17627592235546556986329825345501.jpg,https://d4.by/image/catalog/d4_img/1762732800/1762759222788_1762759214826186425829484604932.jpg"
"367357";"Opel";"Vectra";"1999";"КПП механическая (МКПП)";"";"бензин";"2.0";"";"";"";"";"0";"0";"";"";"0";"F18W374";"Из Бельгии.  Гарантия на установку и проверку ";"0";"0";"";"150";"USD";"";"";"";"";"";"https://d4.by/image/catalog/d4_img/1762732800/1762758552458_17627585453882164574857640133275.jpg,https://d4.by/image/catalog/d4_img/1762732800/1762758533497_17627585273143792870880561762264.jpg,https://d4.by/image/catalog/d4_img/1762732800/1762758544596_17627585343083352617905661785576.jpg,https://d4.by/image/catalog/d4_img/1762732800/1762758526486_17627585205324189049910374726403.jpg,https://d4.by/image/catalog/d4_img/1762732800/1762758519741_17627585127907396161257617200926.jpg"
"367328";"Peugeot";"208";"2014";"КПП механическая (МКПП)";"";"бензин";"1.2";"";"";"";"";"0";"0";"";"";"0";"20CR15";"Из Бельгии, хорошее состояние, гарантия ";"0";"0";"";"130";"USD";"";"";"";"";"";"https://d4.by/image/catalog/d4_img/1762560000/1762595672089_17625956679532792595334171118432.jpg,https://d4.by/image/catalog/d4_img/1762560000/1762595699385_17625956951912664642438002164048.jpg,https://d4.by/image/catalog/d4_img/1762560000/1762595693687_1762595686769367183980537176798.jpg,https://d4.by/image/catalog/d4_img/1762560000/1762595684811_1762595677264539191578116726258.jpg,https://d4.by/image/catalog/d4_img/1762560000/1762595676177_17625956728522051712153770381072.jpg"
"367327";"Nissan";"Cabstar";"2008";"КПП механическая (МКПП)";"";"дизель";"2.5";"DCi";"";"";"";"0";"0";"";"";"0";"321319x50a";"Из Бельгии, хорошее состояние, гарантия ";"0";"0";"";"450";"USD";"";"";"";"";"";"https://d4.by/image/catalog/d4_img/1762560000/1762595589112_17625955847348070186190552072149.jpg,https://d4.by/image/catalog/d4_img/1762560000/1762595583237_17625955789514039469845605322662.jpg,https://d4.by/image/catalog/d4_img/1762560000/1762595577689_17625955744519095943290021981942.jpg,https://d4.by/image/catalog/d4_img/1762560000/1762595572940_17625955689514683236461414276916.jpg,https://d4.by/image/catalog/d4_img/1762560000/1762595567925_17625955623344664210940065836222.jpg"
"305893";"Nissan";"Micra";"2005";"КПП механическая (МКПП)";"";"бензин";"1.6";"";"";"";"";"0";"0";"";"";"0";"Cejxqs2g";"Из Бельгии гарантия на проверку и установку ";"0";"0";"";"250";"USD";"";"";"";"";"";"https://d4.by/image/catalog/d4_img/1710115200/1710141379637_17101413728708209503188350717596.jpg,https://d4.by/image/catalog/d4_img/1710115200/1710141385678_1710141380702594511641728896121.jpg,https://d4.by/image/catalog/d4_img/1710115200/1710141392169_17101413868051050307706966990050.jpg"
"305911";"Iveco";"Daily";"2002";"КПП механическая (МКПП)";"";"дизель";"2.8";"";"";"";"";"0";"0";"";"";"0";"889118";"Из Бельгии гарантия на проверку и установкy";"0";"0";"";"280";"USD";"";"";"";"";"";"https://d4.by/image/catalog/d4_img/1710115200/1710153967917_17101539589646141106302805211165.jpg,https://d4.by/image/catalog/d4_img/1710115200/1710154040831_17101539690488315191245012144.jpg,https://d4.by/image/catalog/d4_img/1710115200/1710154052267_17101540423122912059475982789103.jpg"
"305916";"Kia";"Rio";"2015";"КПП механическая (МКПП)";"";"дизель";"1.1";"CRDi";"";"";"";"0";"0";"";"";"0";"M6cf1";"Из Бельгии гарантия на проверку и установкy";"0";"0";"";"550";"USD";"";"";"";"";"";"https://d4.by/image/catalog/d4_img/1710115200/1710156574714_17101565656217828360926494975096.jpg,https://d4.by/image/catalog/d4_img/1710115200/1710156584857_17101565758743100531643827966561.jpg,https://d4.by/image/catalog/d4_img/1710115200/1710156593398_1710156586129931355565562532185.jpg,https://d4.by/image/catalog/d4_img/1710115200/1710156601560_17101565946512702168217332225538.jpg,https://d4.by/image/catalog/d4_img/1710115200/1710156613223_17101566027292115825713706595051.jpg,https://d4.by/image/catalog/d4_img/1710115200/1710156624316_17101566142632136792763495150868.jpg"
"317208";"Suzuki";"Swift";"2021";"КПП механическая (МКПП)";"";"бензин";"1.2";"";"";"";"";"0";"0";"";"";"0";"11427a81";"Из Бельгии. Гарантия на установку и проверку ";"0";"0";"";"500";"USD";"";"";"";"";"";"https://d4.by/image/catalog/d4_img/1720224000/1720255546487_17202555370662152321390309691044.jpg,https://d4.by/image/catalog/d4_img/1720224000/1720255530629_17202555208097462395384285498729.jpg,https://d4.by/image/catalog/d4_img/1720224000/1720255512277_17202555044968594115013100686430.jpg,https://d4.by/image/catalog/d4_img/1720224000/1720255519898_17202555131173686266641088126797.jpg"
"317197";"Citroen";"C4";"2017";"КПП механическая (МКПП)";"";"дизель";"1.6";"";"";"";"";"0";"0";"";"";"0";"20EA61";"Из Бельгии. Гарантия на установку и проверку ";"0";"0";"";"130";"USD";"";"";"";"";"";"https://d4.by/image/catalog/d4_img/1720224000/1720247968598_17202479612455600556907617207521.jpg,https://d4.by/image/catalog/d4_img/1720224000/1720247978545_17202479695735549932481768549674.jpg,https://d4.by/image/catalog/d4_img/1720224000/1720247960360_17202479550096689041811734362909.jpg,https://d4.by/image/catalog/d4_img/1720224000/1720247954214_17202479476941485015406298293277.jpg"
"306284";"Subaru";"Impreza";"1996";"КПП механическая (МКПП)";"";"бензин";"1.6";"";"";"";"";"0";"0";"";"";"0";"Tm702ky3ea";"Из Бельгии гарантия на проверку и установку, передний привод.";"0";"0";"";"150";"USD";"";"";"";"";"";"https://d4.by/image/catalog/d4_img/1710460800/1710514241816_17105142318792936729929007654786.jpg,https://d4.by/image/catalog/d4_img/1710460800/1710514251234_17105142427928675157838437255016.jpg,https://d4.by/image/catalog/d4_img/1710460800/1710514262967_17105142524354954402662185020273.jpg,https://d4.by/image/catalog/d4_img/1710460800/1710514270824_17105142641062005178972333860039.jpg"
"306290";"Dacia";"Logan";"2017";"КПП механическая (МКПП)";"";"бензин";"0.9";"Ti";"";"";"";"0";"0";"";"";"0";"Jh3336";"Из Бельгии гарантия на проверку и установку ";"0";"0";"";"270";"USD";"";"";"";"";"";"https://d4.by/image/catalog/d4_img/1710547200/1710570892721_1710570885158901655042318162956.jpg,https://d4.by/image/catalog/d4_img/1710547200/1710570900634_17105708936941588273061510016201.jpg,https://d4.by/image/catalog/d4_img/1710547200/1710570908527_17105709016673014787804708129994.jpg,https://d4.by/image/catalog/d4_img/1710547200/1710570919163_17105709102491526996908665031090.jpg"
"371644";"Volkswagen";"Golf";"1999";"КПП механическая (МКПП)";"";"бензин";"1.8";"";"";"";"";"0";"0";"";"";"0";"CZM";"Из Бельгии.  Гарантия на установку и проверку ";"0";"0";"";"90";"USD";"";"";"";"";"";"https://d4.by/image/catalog/d4_img/1766361600/1766384521624_17663845156353041286565882277551.jpg,https://d4.by/image/catalog/d4_img/1766361600/1766384528842_17663845223285355041671851178604.jpg,https://d4.by/image/catalog/d4_img/1766361600/1766384535714_17663845299864323058966945435470.jpg,https://d4.by/image/catalog/d4_img/1766361600/1766384544619_17663845366206394942155502554118.jpg,https://d4.by/image/catalog/d4_img/1766361600/1766384554656_17663845459458217454732608908071.jpg"
"366500";"Opel";"Zafira";"2007";"КПП механическая (МКПП)";"";"дизель";"1.7";"";"";"";"";"0";"0";"";"";"0";"55194293";"Из Бельгии.  Гарантия на установку и проверку . ";"0";"0";"";"130";"USD";"";"";"";"";"";"https://d4.by/image/catalog/d4_img/1762128000/1762174018195_17621740119537642323763942905418.jpg,https://d4.by/image/catalog/d4_img/1762128000/1762174046508_17621740399337565272172968054530.jpg,https://d4.by/image/catalog/d4_img/1762128000/1762174052822_17621740472867509696847906580320.jpg,https://d4.by/image/catalog/d4_img/1762128000/1762174059444_17621740537348440988386570890463.jpg,https://d4.by/image/catalog/d4_img/1762128000/1762174071117_17621740602703983658862256691247.jpg,https://d4.by/image/catalog/d4_img/1762128000/1762174085035_17621740719625490739773686129684.jpg,https://d4.by/image/catalog/d4_img/1762128000/1762174094586_17621740858579147174824846239900.jpg"
"344839";"Dacia";"Logan";"2008";"КПП механическая (МКПП)";"";"бензин";"1.6";"";"";"";"";"0";"0";"";"";"0";"JR5149";"Из Бельгии. Гарантия на установку и проверку ";"0";"0";"";"300";"USD";"";"";"";"";"";"https://d4.by/image/catalog/d4_img/1742860800/1742898459332_17428984539161671339688939284104.jpg,https://d4.by/image/catalog/d4_img/1742860800/1742898469203_17428984602515301663584574386121.jpg,https://d4.by/image/catalog/d4_img/1742860800/1742898476454_17428984701342634991671456941623.jpg,https://d4.by/image/catalog/d4_img/1742860800/1742898482189_17428984773642450256459998628839.jpg,https://d4.by/image/catalog/d4_img/1742860800/1742898488271_17428984838017664587029817629861.jpg"
"344858";"Volkswagen";"Golf";"2000";"КПП механическая (МКПП)";"";"бензин";"2.0";"";"";"";"";"0";"0";"";"";"0";"EGC";"Из Бельгии. Гарантия на установку и проверку ";"0";"0";"";"120";"USD";"";"";"";"";"";"https://d4.by/image/catalog/d4_img/1742860800/1742900683337_17429006791915397267185868972154.jpg,https://d4.by/image/catalog/d4_img/1742860800/1742900678068_17429006686378365789659176773901.jpg,https://d4.by/image/catalog/d4_img/1742860800/1742900667693_17429006615265396838224903589686.jpg,https://d4.by/image/catalog/d4_img/1742860800/1742900660515_17429006551781553862367199213952.jpg"
"344865";"Opel";"Astra";"2006";"КПП механическая (МКПП)";"";"бензин";"1.6";"";"";"";"";"0";"0";"";"";"0";"f17c394";"Из Бельгии. Без гарантии на запчасти,не крутится  Без кулисы,  Дефект шестерни ";"0";"0";"";"40";"USD";"";"";"";"";"";"https://d4.by/image/catalog/d4_img/1742860800/1742903611065_17429036036327124024551703708977.jpg,https://d4.by/image/catalog/d4_img/1742860800/1742903618322_17429036123279124072839547524047.jpg,https://d4.by/image/catalog/d4_img/1742860800/1742903627715_1742903619265537732544167747759.jpg,https://d4.by/image/catalog/d4_img/1742860800/1742903639620_17429036288816356905448206948781.jpg,https://d4.by/image/catalog/d4_img/1742860800/1742903693133_IMG_20250325_135922.jpg"
"347392";"Opel";"Vectra";"1999";"КПП механическая (МКПП)";"";"дизель";"2.0";"";"";"";"";"0";"0";"";"";"0";"";" Из Бельгии. Гарантия на установку и проверку  F23";"0";"0";"";"40";"USD";"";"";"";"";"";"https://d4.by/image/catalog/d4_img/1745193600/1745243122419_17452431155855060306898079076895.jpg,https://d4.by/image/catalog/d4_img/1745193600/1745243114343_17452431056717347361391027622343.jpg,https://d4.by/image/catalog/d4_img/1745193600/1745243088994_17452430814602531683583722311896.jpg,https://d4.by/image/catalog/d4_img/1745193600/1745243095780_17452430905991799725856175895062.jpg,https://d4.by/image/catalog/d4_img/1745193600/1745243104561_1745243096788490932542265775937.jpg,https://d4.by/image/catalog/d4_img/1745193600/1745243080605_17452430754412591994740520232161.jpg"
"346713";"Iran-Khodro";"Samand";"2003";"КПП механическая (МКПП)";"";"бензин";"1.8";"";"";"";"";"0";"0";"";"";"0";"66200e104";"Гарантия на установку и проверку ";"0";"0";"";"90";"USD";"";"";"";"";"";"https://d4.by/image/catalog/d4_img/1744416000/1744450926312_17444509209857873806903424532018.jpg,https://d4.by/image/catalog/d4_img/1744416000/1744450932046_17444509271404465040682779926511.jpg,https://d4.by/image/catalog/d4_img/1744416000/1744450937752_17444509329454635494371800654826.jpg,https://d4.by/image/catalog/d4_img/1744416000/1744450944298_17444509394147912795626675794307.jpg,https://d4.by/image/catalog/d4_img/1744416000/1744450949675_17444509454545890890326949450846.jpg"
"346718";"Renault";"Megane";"1995";"КПП механическая (МКПП)";"";"бензин";"1.4";"";"";"";"";"0";"0";"";"";"0";"JB1054";"Гарантия на установку и проверку ";"0";"0";"";"68";"USD";"";"";"";"";"";"https://d4.by/image/catalog/d4_img/1744416000/1744451693768_17444516880496072828881240356317.jpg,https://d4.by/image/catalog/d4_img/1744416000/1744451700335_17444516946191616355843397513181.jpg,https://d4.by/image/catalog/d4_img/1744416000/1744451707536_17444517013415071910608960160014.jpg,https://d4.by/image/catalog/d4_img/1744416000/1744451713891_17444517091804663083387041282176.jpg,https://d4.by/image/catalog/d4_img/1744416000/1744451719109_17444517148302111216970229969557.jpg"
"346722";"Ford";"Transit";"2019";"КПП механическая (МКПП)";"";"дизель";"2.0";"";"";"";"";"0";"0";"";"";"0";"KK3R7003BA, ";"Из Бельгии.Гарантия на установку и проверку . Спарка , задний привод ";"0";"0";"";"1000";"USD";"";"";"";"";"";"https://d4.by/image/catalog/d4_img/1744416000/1744454260089_17444542549918739830925882718115.jpg,https://d4.by/image/catalog/d4_img/1744416000/1744454270013_17444542651509135213778606943135.jpg,https://d4.by/image/catalog/d4_img/1744416000/1744454280167_17444542716112013534605833612725.jpg,https://d4.by/image/catalog/d4_img/1744416000/1744454289476_17444542811802413460985938061862.jpg,https://d4.by/image/catalog/d4_img/1744416000/1744454304396_17444542911701758982639752375878.jpg,https://d4.by/image/catalog/d4_img/1744416000/1744454309949_17444543053245237585508964766526.jpg,https://d4.by/image/catalog/d4_img/1744416000/1744454316083_17444543119043323493389981398809.jpg,https://d4.by/image/catalog/d4_img/1744416000/1744454323031_17444543170617186864423691636447.jpg,https://d4.by/image/catalog/d4_img/1744416000/1744454328976_17444543246266331847341493686444.jpg"
"354123";"Iveco";"Daily";"2004";"КПП механическая (МКПП)";"";"дизель";"2.8";"";"";"";"";"0";"0";"";"";"0";"8869118";"Из Бельгии. Без гарантии на запчасти, или под востоновления, шум при вращении вала, передачи не все ключаються ";"0";"0";"";"100";"USD";"";"";"";"";"";"https://d4.by/image/catalog/d4_img/1752192000/1752223385180_17522233806561174393354271802878.jpg,https://d4.by/image/catalog/d4_img/1752192000/1752223390830_17522233860173316626689404574159.jpg,https://d4.by/image/catalog/d4_img/1752192000/1752223396065_17522233917577227896576776890687.jpg,https://d4.by/image/catalog/d4_img/1752192000/1752223406423_17522233976644835951304721603945.jpg,https://d4.by/image/catalog/d4_img/1752192000/1752223411670_17522234073091370940649540652951.jpg,https://d4.by/image/catalog/d4_img/1752192000/1752223417501_17522234133014826390543514006899.jpg"
"354126";"Peugeot";"308";"2008";"КПП механическая (МКПП)";"";"дизель";"1.6";"";"";"";"";"0";"0";"";"";"0";"9686219510";"Из Бельгии. Гарантия на установку и проверку ";"0";"0";"";"85";"USD";"";"";"";"";"";"https://d4.by/image/catalog/d4_img/1752192000/1752224403468_image.jpg,https://d4.by/image/catalog/d4_img/1752192000/1752224416094_image.jpg,https://d4.by/image/catalog/d4_img/1752192000/1752224428833_image.jpg,https://d4.by/image/catalog/d4_img/1752192000/1752224450144_image.jpg,https://d4.by/image/catalog/d4_img/1752192000/1752224459829_image.jpg"
"354571";"Fiat";"Ducato";"2015";"КПП механическая (МКПП)";"";"дизель";"2.0";"";"";"";"";"0";"0";"";"";"0";"55234830";"Из Бельгии. Гарантия на установку и проверку, На одном креплении вкручен вертыш ";"0";"0";"";"1400";"USD";"";"";"";"";"";"https://d4.by/image/catalog/d4_img/1752537600/1752563223188_17525632179373269394192273773521.jpg,https://d4.by/image/catalog/d4_img/1752537600/1752563233560_17525632240984567020569941736870.jpg,https://d4.by/image/catalog/d4_img/1752537600/1752563238821_17525632345376633983885521593286.jpg,https://d4.by/image/catalog/d4_img/1752537600/1752563243596_17525632396578486125212709394223.jpg,https://d4.by/image/catalog/d4_img/1752537600/1752563248983_17525632445375105350097646802437.jpg,https://d4.by/image/catalog/d4_img/1752537600/1752563254187_17525632498581904312368770427735.jpg,https://d4.by/image/catalog/d4_img/1752537600/1752563259205_17525632551062592571625039046959.jpg"
"354576";"Fiat";"Ducato";"2015";"КПП механическая (МКПП)";"";"дизель";"2.0";"";"";"";"";"0";"0";"";"";"0";"55234830";"Из Бельгии. Гарантия на установку и проверку, Небольшой дефект по резьбе крепления подушки";"0";"0";"";"1400";"USD";"";"";"";"";"";"https://d4.by/image/catalog/d4_img/1752537600/1752564512215_17525645058151917603515127188184.jpg,https://d4.by/image/catalog/d4_img/1752537600/1752564517371_17525645131247866206440983556855.jpg,https://d4.by/image/catalog/d4_img/1752537600/1752564524327_17525645182784065443756662964718.jpg,https://d4.by/image/catalog/d4_img/1752537600/1752564531632_17525645267774406521340814095429.jpg,https://d4.by/image/catalog/d4_img/1752537600/1752564540933_17525645325503880343219908697449.jpg,https://d4.by/image/catalog/d4_img/1752537600/1752564549042_17525645419903289543579660004373.jpg,https://d4.by/image/catalog/d4_img/1752537600/1752564555975_17525645499873201506137960269620.jpg,https://d4.by/image/catalog/d4_img/1752537600/1752564588692_17525645815182118213689218007273.jpg"
"373064";"Renault";"Master";"2004";"КПП механическая (МКПП)";"";"дизель";"2.5";"";"";"";"";"0";"0";"";"";"0";"Pk6370";"Из Бельгии.  Гарантия на установку и проверку . Датчик скорости  отдельно ";"0";"0";"";"260";"USD";"";"";"";"";"";"https://d4.by/image/catalog/d4_img/1768003200/1768055929100_17680559224023338580874478184945.jpg,https://d4.by/image/catalog/d4_img/1768003200/1768055921560_17680559156366113015192057643952.jpg,https://d4.by/image/catalog/d4_img/1768003200/1768055914759_17680559094612812182556572633010.jpg,https://d4.by/image/catalog/d4_img/1768003200/1768055908774_17680559014091619752326067713955.jpg,https://d4.by/image/catalog/d4_img/1768003200/1768055900653_17680558941483361834454436307042.jpg"
"366516";"Peugeot";"208";"2011";"КПП механическая (МКПП)";"";"дизель";"1.4";"";"";"";"";"0";"0";"";"";"0";"20CQ66";"Из Бельгии.  Гарантия на установку и проверку ";"0";"0";"";"110";"USD";"";"";"";"";"";"https://d4.by/image/catalog/d4_img/1762128000/1762179794558_17621797861501514930535722983332.jpg,https://d4.by/image/catalog/d4_img/1762128000/1762179785375_17621797792847979673347966423569.jpg,https://d4.by/image/catalog/d4_img/1762128000/1762179803546_17621797955207583401721444739424.jpg,https://d4.by/image/catalog/d4_img/1762128000/1762179778488_17621797695536189958261442584629.jpg"
"366512";"Peugeot";"208";"2011";"КПП механическая (МКПП)";"";"дизель";"1.4";"";"";"";"";"0";"0";"";"";"0";"20CQ66";"Из Бельгии.  Гарантия на установку и проверку ";"0";"0";"";"110";"USD";"";"";"";"";"";"https://d4.by/image/catalog/d4_img/1762128000/1762179043480_17621790367675238075529571760666.jpg,https://d4.by/image/catalog/d4_img/1762128000/1762179035790_17621790258444810321814018035805.jpg,https://d4.by/image/catalog/d4_img/1762128000/1762179024879_17621790180962490973330238751421.jpg,https://d4.by/image/catalog/d4_img/1762128000/1762179017324_17621790095978754212123159431721.jpg"
"366509";"Renault";"Megane";"2019";"КПП механическая (МКПП)";"";"бензин";"1.3";"";"";"";"";"0";"0";"";"";"0";"TL4367";"Из Бельгии.  Гарантия на установку и проверку ";"0";"0";"";"350";"USD";"";"";"";"";"";"https://d4.by/image/catalog/d4_img/1762128000/1762176631502_17621766221452908256353238001153.jpg,https://d4.by/image/catalog/d4_img/1762128000/1762176621285_17621766153032746852421791092053.jpg,https://d4.by/image/catalog/d4_img/1762128000/1762176614343_17621766092152046908395827454991.jpg,https://d4.by/image/catalog/d4_img/1762128000/1762176608215_17621766001432982047300561701961.jpg,https://d4.by/image/catalog/d4_img/1762128000/1762176581330_17621765758212347028179482097326.jpg,https://d4.by/image/catalog/d4_img/1762128000/1762176574986_17621765682441521563668841596098.jpg,https://d4.by/image/catalog/d4_img/1762128000/1762176567461_17621765609074573546242922479576.jpg"
"366497";"Mercedes";"Sprinter";"2020";"КПП механическая (МКПП)";"";"дизель";"2.2";"";"";"";"";"0";"0";"";"";"0";"9062603402,A9062603402";"Из Бельгии.  Гарантия на установку и проверку . ";"0";"0";"";"1800";"USD";"";"";"";"";"";"https://d4.by/image/catalog/d4_img/1762128000/1762171180069_17621711703793219332717128613033.jpg,https://d4.by/image/catalog/d4_img/1762128000/1762171169567_17621711599185924454651083174018.jpg,https://d4.by/image/catalog/d4_img/1762128000/1762171158962_17621711524832683703346780597818.jpg,https://d4.by/image/catalog/d4_img/1762128000/1762171151655_17621711469348886808886335038454.jpg,https://d4.by/image/catalog/d4_img/1762128000/1762171146144_17621711322077355136616899355569.jpg,https://d4.by/image/catalog/d4_img/1762128000/1762171129921_17621711217463432984555739158618.jpg,https://d4.by/image/catalog/d4_img/1762128000/1762171120980_17621711157783085249354378016734.jpg,https://d4.by/image/catalog/d4_img/1762128000/1762171115087_17621711086652768955780566224502.jpg"
"366489";"Ford";"Transit";"2008";"КПП механическая (МКПП)";"";"дизель";"2.4";"";"";"";"";"0";"0";"";"";"0";"6C1R7003AA";"Из Бельгии.  Гарантия на установку и проверку . 5мкпп";"0";"0";"";"140";"USD";"";"";"";"";"";"https://d4.by/image/catalog/d4_img/1762128000/1762168044235_17621680369293493609078597012340.jpg,https://d4.by/image/catalog/d4_img/1762128000/1762168056889_17621680449641080183701273792439.jpg,https://d4.by/image/catalog/d4_img/1762128000/1762168070630_17621680576861583572211522693063.jpg,https://d4.by/image/catalog/d4_img/1762128000/1762168036154_17621680311706159615801337083061.jpg,https://d4.by/image/catalog/d4_img/1762128000/1762168030391_17621680238799078754104198788836.jpg"
"366493";"Mercedes";"Vito W639";"2006";"КПП механическая (МКПП)";"";"дизель";"2.2";"";"";"";"";"0";"0";"";"";"0";"6392602400, A6392602400";"Из Бельгии.  Гарантия на установку и проверку ";"0";"0";"";"270";"USD";"";"";"";"";"";"https://d4.by/image/catalog/d4_img/1762128000/1762170199089_1762170190896514890524474215516.jpg,https://d4.by/image/catalog/d4_img/1762128000/1762170190080_17621701828624360328728476144479.jpg,https://d4.by/image/catalog/d4_img/1762128000/1762170223345_17621702162623966462657336762310.jpg,https://d4.by/image/catalog/d4_img/1762128000/1762170229473_17621702241277813272443190416341.jpg,https://d4.by/image/catalog/d4_img/1762128000/1762170215503_17621702099103903870148926509506.jpg,https://d4.by/image/catalog/d4_img/1762128000/1762170208976_17621702009652766969562685332117.jpg"
"366488";"Ford";"Transit";"2010";"КПП механическая (МКПП)";"6мкпп";"дизель";"2.4";"";"";"";"";"0";"0";"";"";"0";"8C1R7003BB";"Из Бельгии.  Гарантия на установку и проверку, 6мкпп";"0";"0";"";"540";"USD";"";"";"";"";"";"https://d4.by/image/catalog/d4_img/1762128000/1762167565626_17621675598797969195686944155095.jpg,https://d4.by/image/catalog/d4_img/1762128000/1762167579473_17621675734564468057469958513073.jpg,https://d4.by/image/catalog/d4_img/1762128000/1762167587505_17621675802817927233768394033981.jpg,https://d4.by/image/catalog/d4_img/1762128000/1762167572545_17621675664193452044423373986582.jpg,https://d4.by/image/catalog/d4_img/1762128000/1762167628424_17621675883267902410337387972747.jpg,https://d4.by/image/catalog/d4_img/1762128000/1762167634179_1762167629237491032323421975929.jpg"
"366487";"Mercedes";"Vito W639";"2006";"КПП механическая (МКПП)";"";"дизель";"2.2";"";"";"";"";"0";"0";"";"";"0";"6392602400";"Из Бельгии.  Гарантия на установку и проверку ";"0";"0";"";"270";"USD";"";"";"";"";"";"https://d4.by/image/catalog/d4_img/1762128000/1762164581332_17621645692644480393392078779498.jpg,https://d4.by/image/catalog/d4_img/1762128000/1762164568304_17621645627293122195349395068128.jpg,https://d4.by/image/catalog/d4_img/1762128000/1762164561851_1762164551823257273110282672073.jpg,https://d4.by/image/catalog/d4_img/1762128000/1762164551085_17621645408276818411900725739068.jpg,https://d4.by/image/catalog/d4_img/1762128000/1762164540045_17621645342892378443620922334432.jpg,https://d4.by/image/catalog/d4_img/1762128000/1762164533158_17621645279721489665340536507531.jpg,https://d4.by/image/catalog/d4_img/1762128000/1762164527270_17621645214275011521110408966149.jpg"
"355558";"Suzuki";"Jimny";"2007";"КПП механическая (МКПП)";"";"дизель";"1.5";"";"";"";"";"0";"0";"";"";"0";"7b0692184A,7026F,84A7";"Из Бельгии. Гарантия на установку и проверку.";"0";"0";"";"1000";"USD";"";"";"";"";"";"https://d4.by/image/catalog/d4_img/1753228800/1753259595050_17532595898396054147122367444195.jpg,https://d4.by/image/catalog/d4_img/1753228800/1753259600549_17532595958503991971883277400191.jpg,https://d4.by/image/catalog/d4_img/1753228800/1753259605864_17532596020697266636438441526775.jpg,https://d4.by/image/catalog/d4_img/1753228800/1753259611187_17532596067624314952238412764442.jpg,https://d4.by/image/catalog/d4_img/1753228800/1753259621388_17532596128083970349749965533263.jpg,https://d4.by/image/catalog/d4_img/1753228800/1753259630252_17532596234916281642716865854068.jpg"
"355571";"Opel";"Vivaro";"2006";"КПП механическая (МКПП)";"";"дизель";"2.5";"";"";"";"";"0";"0";"";"";"0";"Pf6012";"Из Бельгии. Гарантия на установку и проверку ";"0";"0";"";"400";"USD";"";"";"";"";"";"https://d4.by/image/catalog/d4_img/1753228800/1753265478990_17532654736121595832633758174168.jpg,https://d4.by/image/catalog/d4_img/1753228800/1753265489529_17532654839976803293633122956160.jpg,https://d4.by/image/catalog/d4_img/1753228800/1753265499875_17532654905545765747402771432743.jpg,https://d4.by/image/catalog/d4_img/1753228800/1753265508319_1753265500815374554129131204615.jpg,https://d4.by/image/catalog/d4_img/1753228800/1753265513369_17532655093032410607612422145508.jpg"
"355573_1";"Volkswagen";"Sharan";"2003";"КПП механическая (МКПП)";"";"бензин";"2.0";"";"";"";"";"0";"0";"";"";"0";"FPG";"Из Бельгии. Гарантия на установку и проверку ";"0";"0";"";"120";"USD";"";"";"";"";"";"https://d4.by/image/catalog/d4_img/1753228800/1753266715674_17532667094744464633656706852475.jpg,https://d4.by/image/catalog/d4_img/1753228800/1753266708520_17532667033047688996280542631765.jpg,https://d4.by/image/catalog/d4_img/1753228800/1753266702129_17532666953021704559217517734792.jpg,https://d4.by/image/catalog/d4_img/1753228800/1753266694304_17532666888443621345701254156663.jpg,https://d4.by/image/catalog/d4_img/1753228800/1753266687890_1753266681378166682204549852373.jpg"
"355573_2";"Ford";"Galaxy";"2003";"КПП механическая (МКПП)";"";"бензин";"2.0";"";"";"";"";"0";"0";"";"";"0";"FPG";"Из Бельгии. Гарантия на установку и проверку ";"0";"0";"";"120";"USD";"";"";"";"";"";"https://d4.by/image/catalog/d4_img/1753228800/1753266715674_17532667094744464633656706852475.jpg,https://d4.by/image/catalog/d4_img/1753228800/1753266708520_17532667033047688996280542631765.jpg,https://d4.by/image/catalog/d4_img/1753228800/1753266702129_17532666953021704559217517734792.jpg,https://d4.by/image/catalog/d4_img/1753228800/1753266694304_17532666888443621345701254156663.jpg,https://d4.by/image/catalog/d4_img/1753228800/1753266687890_1753266681378166682204549852373.jpg"
"355573_3";"Seat";"Alhambra";"2003";"КПП механическая (МКПП)";"";"бензин";"2.0";"";"";"";"";"0";"0";"";"";"0";"FPG";"Из Бельгии. Гарантия на установку и проверку ";"0";"0";"";"120";"USD";"";"";"";"";"";"https://d4.by/image/catalog/d4_img/1753228800/1753266715674_17532667094744464633656706852475.jpg,https://d4.by/image/catalog/d4_img/1753228800/1753266708520_17532667033047688996280542631765.jpg,https://d4.by/image/catalog/d4_img/1753228800/1753266702129_17532666953021704559217517734792.jpg,https://d4.by/image/catalog/d4_img/1753228800/1753266694304_17532666888443621345701254156663.jpg,https://d4.by/image/catalog/d4_img/1753228800/1753266687890_1753266681378166682204549852373.jpg"
"366461";"Mercedes";"C W204";"2012";"КПП механическая (МКПП)";"";"бензин";"1.6";"";"";"";"";"0";"0";"";"";"0";"2042604500";"Из Бельгии.  Гарантия на установку и проверку ";"0";"0";"";"330";"USD";"";"";"";"";"";"https://d4.by/image/catalog/d4_img/1762128000/1762157016122_17621570101937386023574142456593.jpg,https://d4.by/image/catalog/d4_img/1762128000/1762157009415_17621570036574671945621148347081.jpg,https://d4.by/image/catalog/d4_img/1762128000/1762156996767_17621569890763770744606347487381.jpg,https://d4.by/image/catalog/d4_img/1762128000/1762156988289_17621569832434822608164013958282.jpg,https://d4.by/image/catalog/d4_img/1762128000/1762156982513_1762156975155662512665791025337.jpg,https://d4.by/image/catalog/d4_img/1762128000/1762156974469_17621569679704052987420665195959.jpg"
"356028";"Citroen";"Xantia";"1998";"КПП механическая (МКПП)";"";"бензин";"1.8";"";"";"";"";"0";"0";"";"";"0";"20TB95";"Гарантия на установку и проверку ";"0";"0";"";"45";"USD";"";"";"";"";"";"https://d4.by/image/catalog/d4_img/1753488000/1753527417404_17535274124062609902178273827369.jpg,https://d4.by/image/catalog/d4_img/1753488000/1753527423072_17535274182887670777571365292032.jpg,https://d4.by/image/catalog/d4_img/1753488000/1753527430382_17535274239663766508415169729221.jpg"
"356472";"Volvo";"S40";"2012";"КПП механическая (МКПП)";"";"дизель";"1.6";"";"";"";"";"0";"0";"";"";"0";"AV6R7002MG";"Из Бельгии. Гарантия на установку и проверку, ";"0";"0";"";"180";"USD";"";"";"";"";"";"https://d4.by/image/catalog/d4_img/1753833600/1753875323911_17538753190243472341792329556591.jpg,https://d4.by/image/catalog/d4_img/1753833600/1753875329760_17538753248556187682289557754942.jpg,https://d4.by/image/catalog/d4_img/1753833600/1753875336489_17538753307641648877954413161196.jpg,https://d4.by/image/catalog/d4_img/1753833600/1753875346489_17538753374832048170388844235716.jpg,https://d4.by/image/catalog/d4_img/1753833600/1753875352106_17538753474684864047310372240322.jpg,https://d4.by/image/catalog/d4_img/1753833600/1753875363742_17538753536844908372971789466627.jpg"
"357214";"Volkswagen";"Passat";"2002";"КПП механическая (МКПП)";"";"дизель";"1.9";"";"";"";"";"0";"0";"";"";"0";"GVS";"Из Бельгии. Гарантия на установку и проверку . 6 мкпп";"0";"0";"";"200";"USD";"";"";"";"";"";"https://d4.by/image/catalog/d4_img/1754352000/1754382329193_1754382323685249822825546762932.jpg,https://d4.by/image/catalog/d4_img/1754352000/1754382335685_17543823300372130643903110631988.jpg,https://d4.by/image/catalog/d4_img/1754352000/1754382341258_17543823366478027316407032638422.jpg,https://d4.by/image/catalog/d4_img/1754352000/1754382348393_17543823421877661044508261061693.jpg,https://d4.by/image/catalog/d4_img/1754352000/1754382354332_17543823499906361424200711845012.jpg,https://d4.by/image/catalog/d4_img/1754352000/1754382360749_17543823558664426170593642036379.jpg"
"357376";"Audi";"A3";"2012";"КПП механическая (МКПП)";"";"дизель";"2.0";"TDi";"";"";"";"0";"0";"";"";"0";"MZM";"Из Бельгии. Гарантия на установку и проверку ";"0";"0";"";"240";"USD";"";"";"";"";"";"https://d4.by/image/catalog/d4_img/1754438400/1754475838612_17544758324421914619040124236690.jpg,https://d4.by/image/catalog/d4_img/1754438400/1754475844370_17544758394448111320977243642710.jpg,https://d4.by/image/catalog/d4_img/1754438400/1754475865391_17544758590618442702723476071832.jpg,https://d4.by/image/catalog/d4_img/1754438400/1754475873019_17544758663553073566784922043774.jpg,https://d4.by/image/catalog/d4_img/1754438400/1754475879685_1754475873928954807025062529733.jpg"
"357653";"Peugeot";"207";"2007";"КПП механическая (МКПП)";"";"бензин";"1.6";"";"";"";"";"0";"0";"";"";"0";"9659670180";"Из Бельгии. Гарантия на установку и проверку ";"0";"0";"";"45";"USD";"";"";"";"";"";"https://d4.by/image/catalog/d4_img/1754611200/1754654709004_17546547031003996052345393815972.jpg,https://d4.by/image/catalog/d4_img/1754611200/1754654714019_17546547098414172272146247933824.jpg,https://d4.by/image/catalog/d4_img/1754611200/1754654720252_17546547155246037804492929713914.jpg,https://d4.by/image/catalog/d4_img/1754611200/1754654725733_17546547212037251413112082548815.jpg,https://d4.by/image/catalog/d4_img/1754611200/1754654731498_17546547273237711295524776041716.jpg"
"357689";"Land-Rover";"Freelander";"2001";"КПП механическая (МКПП)";"";"дизель";"2.0";"";"";"";"";"0";"0";"";"";"0";"";"Из Бельгии. Гарантия на установку и проверку кронштейна нет 4x4";"0";"0";"Под двигатель как Ровере 400-620 , 2.0 диз";"300";"USD";"";"";"";"";"";"https://d4.by/image/catalog/d4_img/1754611200/1754661212323_17546612077634434858016027197990.jpg,https://d4.by/image/catalog/d4_img/1754611200/1754661217312_17546612131196758007819483975249.jpg,https://d4.by/image/catalog/d4_img/1754611200/1754661223078_17546612182628055835080198605623.jpg,https://d4.by/image/catalog/d4_img/1754611200/1754661229737_17546612247288786816075097480430.jpg,https://d4.by/image/catalog/d4_img/1754611200/1754661235023_17546612306782120820619617889279.jpg"
"357694";"Renault";"Kangoo";"2012";"КПП механическая (МКПП)";"";"дизель";"1.5";"";"";"";"";"0";"0";"";"";"0";"JR5156";"Из Бельгии. дефект рассыпан подшипник под крышкой на 5 передаче без гарантии";"0";"0";"";"70";"USD";"";"";"";"";"";"https://d4.by/image/catalog/d4_img/1769385600/1769436440434_20fdb4af-02c1-4604-96f1-795cb06078f2.mov,https://d4.by/image/catalog/d4_img/1754611200/1754664261038_17546642555106908625962870162488.jpg,https://d4.by/image/catalog/d4_img/1754611200/1754664252322_17546642474787012908989541916237.jpg,https://d4.by/image/catalog/d4_img/1754611200/1754664246573_17546642420042997010217654843391.jpg,https://d4.by/image/catalog/d4_img/1754611200/1754664240459_17546642359496641289238222547678.jpg,https://d4.by/image/catalog/d4_img/1754611200/1754664235085_17546642269261970010074475674850.jpg"
"357696";"Kia";"Ceed";"2009";"КПП механическая (МКПП)";"";"бензин";"1.4";"";"";"";"";"0";"0";"";"";"0";"T9J5G";"Из Бельгии. Гарантия на установку и проверку ";"0";"0";"";"145";"USD";"";"";"";"";"";"https://d4.by/image/catalog/d4_img/1754611200/1754664579714_17546645750778694031477161707981.jpg,https://d4.by/image/catalog/d4_img/1754611200/1754664586428_17546645822251053372575203425795.jpg,https://d4.by/image/catalog/d4_img/1754611200/1754664592090_17546645879126266465981861041778.jpg,https://d4.by/image/catalog/d4_img/1754611200/1754664597663_17546645930105234664285737289954.jpg,https://d4.by/image/catalog/d4_img/1754611200/1754664603064_17546645991538844707242628409629.jpg"
"372713";"Renault";"Twingo";"2009";"КПП механическая (МКПП)";"";"бензин";"1.2";"";"";"";"";"0";"0";"";"";"0";"Jb1520";"Из Бельгии.  Гарантия на установку и проверку,  ";"0";"0";"";"100";"USD";"";"";"";"";"";"https://d4.by/image/catalog/d4_img/1767657600/1767695365461_17676953601553022325177296603751.jpg,https://d4.by/image/catalog/d4_img/1767657600/1767695375732_17676953680814609801705715960509.jpg,https://d4.by/image/catalog/d4_img/1767657600/1767695384455_1767695376701297040083704032612.jpg,https://d4.by/image/catalog/d4_img/1767657600/1767695391811_17676953853075419830135646723084.jpg,https://d4.by/image/catalog/d4_img/1767657600/1767695359364_17676953522937587020331180794374.jpg"
"372668";"Renault";"Modus";"2007";"КПП механическая (МКПП)";"";"бензин";"1.6";"";"";"";"";"0";"0";"";"";"0";"JH3131";"Из Бельгии.  Гарантия на установку и проверку.  ";"0";"0";"";"100";"USD";"";"";"";"";"";"https://d4.by/image/catalog/d4_img/1767571200/1767623511934_17676235003938550865904316604064.jpg,https://d4.by/image/catalog/d4_img/1767571200/1767623499465_17676234921952259266171436017692.jpg,https://d4.by/image/catalog/d4_img/1767571200/1767623491320_17676234820226066900130546272018.jpg,https://d4.by/image/catalog/d4_img/1767571200/1767623481207_1767623473067775385103193678007.jpg"
"372657";"Seat";"Ibiza";"2004";"КПП механическая (МКПП)";"";"бензин";"1.2";"";"";"";"";"0";"0";"";"";"0";"GSB";"Из Бельгии.  Гарантия на установку и проверку.  ";"0";"0";"";"160";"USD";"";"";"";"";"";"https://d4.by/image/catalog/d4_img/1767571200/1767618929945_176761892353111311969783619911.jpg,https://d4.by/image/catalog/d4_img/1767571200/1767618922703_17676189162904133665613824004114.jpg,https://d4.by/image/catalog/d4_img/1767571200/1767618915464_17676189100813101194204108587595.jpg,https://d4.by/image/catalog/d4_img/1767571200/1767618904128_17676188971401198697625099903474.jpg,https://d4.by/image/catalog/d4_img/1767571200/1767618935793_17676189307685294786424313879137.jpg"
"372650";"Renault";"Kangoo";"2001";"КПП механическая (МКПП)";"4*4";"дизель";"1.9";"DCi";"";"";"";"0";"0";"";"";"0";"JC7005";"Из Бельгии.  Гарантия на установку и проверку . ";"0";"0";"";"400";"USD";"";"";"";"";"";"https://d4.by/image/catalog/d4_img/1767571200/1767615311218_176761530184625127851168924195.jpg,https://d4.by/image/catalog/d4_img/1767571200/1767615318125_17676153120814417671123676301905.jpg,https://d4.by/image/catalog/d4_img/1767571200/1767615325369_1767615319053298616042914818816.jpg,https://d4.by/image/catalog/d4_img/1767571200/1767615332950_17676153261928739738850912691612.jpg,https://d4.by/image/catalog/d4_img/1767571200/1767615301011_17676152943988626012714084465641.jpg"
"372639";"Skoda";"Fabia";"2004";"КПП механическая (МКПП)";"";"бензин";"1.4";"";"";"";"";"0";"0";"";"";"0";"FCU";"Из Бельгии.  Гарантия на установку и проверку . ";"0";"0";"";"175";"USD";"";"";"";"";"";"https://d4.by/image/catalog/d4_img/1767571200/1767611532592_17676115174985116108950996006247.jpg,https://d4.by/image/catalog/d4_img/1767571200/1767611504709_1767611495441659833127772908789.jpg,https://d4.by/image/catalog/d4_img/1767571200/1767611510159_176761150549273981439023282362.jpg,https://d4.by/image/catalog/d4_img/1767571200/1767611516674_17676115110278435135339400087731.jpg,https://d4.by/image/catalog/d4_img/1767571200/1767611540311_17676115333524765254549501071693.jpg"
"358818";"Mercedes";"E W123";"1984";"КПП механическая (МКПП)";"";"дизель";"2.4";"";"";"";"";"0";"0";"";"";"0";"1232601201";"Гарантия на установку и проверку ";"0";"0";"";"85";"USD";"";"";"";"";"";"https://d4.by/image/catalog/d4_img/1755475200/1755507006344_1755507000764438729445174000115.jpg,https://d4.by/image/catalog/d4_img/1755475200/1755507012536_17555070074098667654751891320380.jpg,https://d4.by/image/catalog/d4_img/1755475200/1755507019262_17555070135685778766361361505428.jpg,https://d4.by/image/catalog/d4_img/1755475200/1755507026786_17555070203668801231601243936664.jpg"
"358820";"Peugeot";"Partner";"2012";"КПП механическая (МКПП)";"";"дизель";"1.6";"";"";"";"";"0";"0";"";"";"0";"20DP71";"Из Бельгии. Гарантия на установку и проверку ";"0";"0";"";"150";"USD";"";"";"";"";"";"https://d4.by/image/catalog/d4_img/1755475200/1755507589898_17555075835955668862381752104143.jpg,https://d4.by/image/catalog/d4_img/1755475200/1755507595791_17555075907617971725849407272451.jpg,https://d4.by/image/catalog/d4_img/1755475200/1755507604420_17555075967555914249831355660244.jpg,https://d4.by/image/catalog/d4_img/1755475200/1755507611287_17555076067406368770748415768094.jpg,https://d4.by/image/catalog/d4_img/1755475200/1755507616395_17555076121536254418493704381029.jpg"
"358837";"Chevrolet";"Captiva";"2009";"КПП механическая (МКПП)";"";"дизель";"2.0";"";"";"";"";"0";"0";"";"";"0";"BW4357";"Из Бельгии. Гарантия на установку и проверку ";"0";"0";"";"50";"USD";"";"";"";"";"";"https://d4.by/image/catalog/d4_img/1755475200/1755519832612_17555198277321767266456205405715.jpg,https://d4.by/image/catalog/d4_img/1755475200/1755519837803_17555198334814749442429906953109.jpg,https://d4.by/image/catalog/d4_img/1755475200/1755519845507_17555198386767262132220595713158.jpg,https://d4.by/image/catalog/d4_img/1755475200/1755519851509_17555198464483320283456909744638.jpg"
"358838";"Hyundai";"H200";"2005";"КПП механическая (МКПП)";"";"дизель";"2.5";"CRDi";"";"";"";"0";"0";"";"";"0";"5196803";"Из Бельгии. Гарантия на установку и проверку ";"0";"0";"";"700";"USD";"";"";"";"";"";"https://d4.by/image/catalog/d4_img/1755475200/1755519948250_17555199437954908027615158616564.jpg,https://d4.by/image/catalog/d4_img/1755475200/1755519953886_1755519949112419366759835575890.jpg,https://d4.by/image/catalog/d4_img/1755475200/1755519959481_17555199554437810056494779518578.jpg,https://d4.by/image/catalog/d4_img/1755475200/1755519965091_17555199603983074408509876206264.jpg,https://d4.by/image/catalog/d4_img/1755475200/1755519971494_17555199666573700854586639279221.jpg"
"358845_1";"Toyota";"Yaris";"2020";"КПП механическая (МКПП)";"";"бензин";"1.0";"Ti";"";"";"";"0";"0";"";"";"0";"20tt57";"Из Бельгии. Гарантия на установку и проверку ";"0";"0";"";"500";"USD";"";"";"";"";"";"https://d4.by/image/catalog/d4_img/1755475200/1755523476784_17555234718585146425155576625358.jpg,https://d4.by/image/catalog/d4_img/1755475200/1755523481875_17555234775936242286492841927646.jpg,https://d4.by/image/catalog/d4_img/1755475200/1755523489378_17555234834193137778365159675351.jpg,https://d4.by/image/catalog/d4_img/1755475200/1755523501736_17555234923776552505774093457186.jpg,https://d4.by/image/catalog/d4_img/1755475200/1755523507434_17555235032915495083521506684832.jpg"
"358845_2";"Peugeot";"108";"2020";"КПП механическая (МКПП)";"";"бензин";"1.0";"Ti";"";"";"";"0";"0";"";"";"0";"20tt57";"Из Бельгии. Гарантия на установку и проверку ";"0";"0";"";"500";"USD";"";"";"";"";"";"https://d4.by/image/catalog/d4_img/1755475200/1755523476784_17555234718585146425155576625358.jpg,https://d4.by/image/catalog/d4_img/1755475200/1755523481875_17555234775936242286492841927646.jpg,https://d4.by/image/catalog/d4_img/1755475200/1755523489378_17555234834193137778365159675351.jpg,https://d4.by/image/catalog/d4_img/1755475200/1755523501736_17555234923776552505774093457186.jpg,https://d4.by/image/catalog/d4_img/1755475200/1755523507434_17555235032915495083521506684832.jpg"
"370144";"Renault";"Trafic";"2005";"КПП механическая (МКПП)";"";"дизель";"2.5";"";"МКПП";"";"";"0";"0";"";"";"0";"Pk6077. 7701722987";"Хорошее состояние ";"0";"0";"Запчасть Митяя  дали под реализацию";"400";"USD";"";"";"";"";"";"https://d4.by/image/catalog/d4_img/1765152000/1765180988477_IMG_0375.jpeg,https://d4.by/image/catalog/d4_img/1765152000/1765180988477_IMG_0376.jpeg,https://d4.by/image/catalog/d4_img/1765152000/1765180988476_IMG_0377.jpeg,https://d4.by/image/catalog/d4_img/1765152000/1765180988476_IMG_0378.jpeg,https://d4.by/image/catalog/d4_img/1765152000/1765180988476_IMG_0379.jpeg,https://d4.by/image/catalog/d4_img/1765152000/1765180988476_IMG_0380.jpeg,https://d4.by/image/catalog/d4_img/1765152000/1765180988466_IMG_0381.jpeg"
"372318";"Opel";"Corsa";"2007";"КПП механическая (МКПП)";"";"бензин";"1.2";"";"";"";"";"0";"0";"";"";"0";"F13C429";"Из Бельгии.  Гарантия на установку и проверку ";"0";"0";"";"95";"USD";"";"";"";"";"";"https://d4.by/image/catalog/d4_img/1767052800/1767076491912_1767076485289849684805292482923.jpg,https://d4.by/image/catalog/d4_img/1767052800/1767076484317_17670764782664459448929748125868.jpg,https://d4.by/image/catalog/d4_img/1767052800/1767076477305_1767076470481418346616326706330.jpg,https://d4.by/image/catalog/d4_img/1767052800/1767076469657_17670764610258821161135355241741.jpg"
"372316";"Mitsubishi";"Colt";"2007";"КПП механическая (МКПП)";"";"дизель";"1.5";"";"";"";"";"0";"0";"";"";"0";"PMN130195";"Из Бельгии.  Гарантия на установку и проверку ";"0";"0";"";"100";"USD";"";"";"";"";"";"https://d4.by/image/catalog/d4_img/1767052800/1767075936094_17670759205731128361997879605533.jpg,https://d4.by/image/catalog/d4_img/1767052800/1767075919710_17670759137813205002373494558445.jpg,https://d4.by/image/catalog/d4_img/1767052800/1767075912805_17670759073181561198568210320322.jpg,https://d4.by/image/catalog/d4_img/1767052800/1767075906440_17670758993747581741047665680586.jpg,https://d4.by/image/catalog/d4_img/1767052800/1767075898586_17670758920474057767164008004597.jpg"
"372306";"Toyota";"Avensis";"2005";"КПП механическая (МКПП)";"";"бензин";"1.8";"";"";"";"";"0";"0";"";"";"0";"";"Из Бельгии.  Гарантия на установку и проверку .маркировка не читается ";"0";"0";"";"400";"USD";"";"";"";"";"";"https://d4.by/image/catalog/d4_img/1766966400/1767018090762_17670180856573769251786165235831.jpg,https://d4.by/image/catalog/d4_img/1766966400/1767018084780_17670180791961923987118483640564.jpg,https://d4.by/image/catalog/d4_img/1766966400/1767018078295_17670180706384999482967941710114.jpg,https://d4.by/image/catalog/d4_img/1766966400/1767018069769_17670180635402953802425755834292.jpg,https://d4.by/image/catalog/d4_img/1766966400/1767018062742_17670180565564666628782408595673.jpg,https://d4.by/image/catalog/d4_img/1766966400/1767018055526_17670180461625714070284318282676.jpg,https://d4.by/image/catalog/d4_img/1766966400/1767018045377_17670180387166483782652014540474.jpg"
"372302";"Fiat";"Ducato";"1999";"КПП механическая (МКПП)";"";"дизель";"1.9";"TD";"";"";"";"0";"0";"";"";"0";"20UE01";"Из Бельгии.  Гарантия на установку и проверку ";"0";"0";"";"330";"USD";"";"";"";"";"";"https://d4.by/image/catalog/d4_img/1766966400/1767017214512_17670172073035893262347586138348.jpg,https://d4.by/image/catalog/d4_img/1766966400/1767017206358_17670171961287248895886471755310.jpg,https://d4.by/image/catalog/d4_img/1766966400/1767017195381_17670171877285287928055542701003.jpg,https://d4.by/image/catalog/d4_img/1766966400/1767017186920_17670171820546344793544388681592.jpg,https://d4.by/image/catalog/d4_img/1766966400/1767017181161_17670171760825057516836642180990.jpg,https://d4.by/image/catalog/d4_img/1766966400/1767017146413_17670171410344826205032405776390.jpg"
"370934";"Seat";"Ibiza";"2005";"КПП механическая (МКПП)";"";"бензин";"1.2";"";"";"";"";"0";"0";"";"";"0";"JJL";"Из Бельгии.  Гарантия на установку и проверку . ";"0";"0";"";"190";"USD";"";"";"";"";"";"https://d4.by/image/catalog/d4_img/1765584000/1765627467812_17656274607507910661117736833998.jpg,https://d4.by/image/catalog/d4_img/1765584000/1765627475711_17656274685678321250656133870884.jpg,https://d4.by/image/catalog/d4_img/1765584000/1765627481924_17656274767803945056776785564675.jpg,https://d4.by/image/catalog/d4_img/1765584000/1765627491893_17656274828244804719693094937306.jpg"
"371628";"Renault";"Scenic";"2001";"КПП механическая (МКПП)";"";"бензин";"1.6";"";"";"";"";"0";"0";"";"";"0";"JB3982";"Из Бельгии.  Гарантия на установку и проверку . ";"0";"0";"";"105";"USD";"";"";"";"";"";"https://d4.by/image/catalog/d4_img/1766188800/1766232683697_17662326780792871066771980520858.jpg,https://d4.by/image/catalog/d4_img/1766188800/1766232690108_17662326844057499590351777711017.jpg,https://d4.by/image/catalog/d4_img/1766188800/1766232696218_17662326908973058095110353538511.jpg,https://d4.by/image/catalog/d4_img/1766188800/1766232707333_17662326988605835632375668074104.jpg,https://d4.by/image/catalog/d4_img/1766188800/1766232713099_17662327081199202292779779548478.jpg,https://d4.by/image/catalog/d4_img/1766188800/1766232721886_17662327138255206835377452875487.jpg"
"371630";"Citroen";"Xsara Picasso";"2006";"КПП механическая (МКПП)";"";"дизель";"1.6";"";"";"";"";"0";"0";"";"";"0";"20DP33";"Из Бельгии.  Гарантия на установку и проверку . ";"0";"0";"";"95";"USD";"";"";"";"";"";"https://d4.by/image/catalog/d4_img/1766188800/1766233523198_17662335174477675771884349615311.jpg,https://d4.by/image/catalog/d4_img/1766188800/1766233528797_17662335239816614694137471105917.jpg,https://d4.by/image/catalog/d4_img/1766188800/1766233536856_17662335295322917637947180355859.jpg,https://d4.by/image/catalog/d4_img/1766188800/1766233544336_17662335376721949460450519660001.jpg"
"371633";"Mitsubishi";"Colt";"2008";"КПП механическая (МКПП)";"";"бензин";"1.1";"";"";"";"";"0";"0";"";"";"0";"p2500a222";"Из Бельгии.  Гарантия на установку и проверку ";"0";"0";"";"400";"USD";"";"";"";"";"";"https://d4.by/image/catalog/d4_img/1766188800/1766235586700_17662355819558714555071355276785.jpg,https://d4.by/image/catalog/d4_img/1766188800/1766235592924_1766235587479138643796854495027.jpg,https://d4.by/image/catalog/d4_img/1766188800/1766235599276_17662355938173915269921119328308.jpg,https://d4.by/image/catalog/d4_img/1766188800/1766235606059_17662356009538167552729170448499.jpg,https://d4.by/image/catalog/d4_img/1766188800/1766235614046_17662356083453475703884369654991.jpg,https://d4.by/image/catalog/d4_img/1766188800/1766235621686_17662356150257269190267419650804.jpg,https://d4.by/image/catalog/d4_img/1766188800/1766235627760_17662356225203938134345449538100.jpg"
"371637";"Skoda";"Fabia";"2004";"КПП механическая (МКПП)";"";"бензин";"1.4";"";"";"";"";"0";"0";"";"";"0";"FCU";"Из Бельгии.  Гарантия на установку и проверку ";"0";"0";"";"170";"USD";"";"";"";"";"";"https://d4.by/image/catalog/d4_img/1766188800/1766238723205_17662387169385709127515016773651.jpg,https://d4.by/image/catalog/d4_img/1766188800/1766238728765_1766238724013903284619904246278.jpg,https://d4.by/image/catalog/d4_img/1766188800/1766238736197_17662387295217695608572792326755.jpg,https://d4.by/image/catalog/d4_img/1766188800/1766238745474_17662387371302280758693823832174.jpg"
"371638";"Volkswagen";"Golf";"2000";"КПП механическая (МКПП)";"";"бензин";"1.8";"";"";"";"";"0";"0";"";"";"0";"CZM";"Из Бельгии.  Гарантия на установку и проверку ";"0";"0";"";"90";"USD";"";"";"";"";"";"https://d4.by/image/catalog/d4_img/1766188800/1766238960930_17662389541796811772870026601034.jpg,https://d4.by/image/catalog/d4_img/1766188800/1766238966818_17662389616975989194035266661546.jpg,https://d4.by/image/catalog/d4_img/1766188800/1766238975819_17662389676543574790573867349361.jpg,https://d4.by/image/catalog/d4_img/1766188800/1766238985609_17662389768357335198652846788616.jpg"
"371640";"Volkswagen";"Fox";"2008";"КПП механическая (МКПП)";"";"бензин";"1.2";"";"";"";"";"0";"0";"";"";"0";"LVC";"Из Бельгии.  Гарантия на установку и проверку ";"0";"0";"";"180";"USD";"";"";"";"";"";"https://d4.by/image/catalog/d4_img/1766188800/1766240411944_17662404041253779446894994105908.jpg,https://d4.by/image/catalog/d4_img/1766188800/1766240418752_1766240412654864923094924867155.jpg,https://d4.by/image/catalog/d4_img/1766188800/1766240425930_17662404196198333522241436174147.jpg,https://d4.by/image/catalog/d4_img/1766188800/1766240431430_17662404269364166132511326905854.jpg,https://d4.by/image/catalog/d4_img/1766188800/1766240438148_17662404323213984500251474059699.jpg"
"371652";"Volkswagen";"Polo";"2006";"КПП механическая (МКПП)";"";"бензин";"1.2";"";"";"";"";"0";"0";"";"";"0";"HUY";"Из Бельгии.  Гарантия на установку и проверку ";"0";"0";"";"220";"USD";"";"";"";"";"";"https://d4.by/image/catalog/d4_img/1766361600/1766388485177_17663884794723266909835114203307.jpg,https://d4.by/image/catalog/d4_img/1766361600/1766388491622_17663884859932394527558176140246.jpg,https://d4.by/image/catalog/d4_img/1766361600/1766388497411_17663884925001222557569314230314.jpg,https://d4.by/image/catalog/d4_img/1766361600/1766388509490_17663884982504894523721486906612.jpg"
"371658";"Fiat";"Punto";"2003";"КПП механическая (МКПП)";"";"бензин";"1.2";"";"";"";"";"0";"0";"";"";"0";"188742";"Из Бельгии.  Гарантия на установку и проверку ";"0";"0";"";"270";"USD";"";"";"";"";"";"https://d4.by/image/catalog/d4_img/1766361600/1766392569731_1766392564356457321552379047003.jpg,https://d4.by/image/catalog/d4_img/1766361600/1766392576693_17663925705089161459901066091406.jpg,https://d4.by/image/catalog/d4_img/1766361600/1766392583039_17663925774135653411076413429417.jpg,https://d4.by/image/catalog/d4_img/1766361600/1766392590038_17663925838198877154197717520420.jpg,https://d4.by/image/catalog/d4_img/1766361600/1766392598308_17663925908564428077221940217586.jpg"
"371661";"Renault";"Megane";"2005";"КПП механическая (МКПП)";"";"бензин";"1.6";"";"";"";"";"0";"0";"";"";"0";"JH3143";"Из Бельгии.  Гарантия на установку и проверку ";"0";"0";"";"300";"USD";"";"";"";"";"";"https://d4.by/image/catalog/d4_img/1766361600/1766394318346_17663943118834004816232988697906.jpg,https://d4.by/image/catalog/d4_img/1766361600/1766394324930_17663943189577720311336660304147.jpg,https://d4.by/image/catalog/d4_img/1766361600/1766394331205_17663943257574300106635490634953.jpg,https://d4.by/image/catalog/d4_img/1766361600/1766394342954_17663943320228262290226061655909.jpg"
"371663";"Opel";"Astra";"2007";"КПП механическая (МКПП)";"";"бензин";"2.0";"Ti";"";"";"";"0";"0";"";"";"0";"55194293";"Из Бельгии.  Гарантия на установку и проверку ";"0";"0";"";"290";"USD";"";"";"";"";"";"https://d4.by/image/catalog/d4_img/1766361600/1766396772823_1766396766006972541156594710963.jpg,https://d4.by/image/catalog/d4_img/1766361600/1766396779662_17663967735527324437831727090016.jpg,https://d4.by/image/catalog/d4_img/1766361600/1766396785926_17663967804852062839607355883493.jpg,https://d4.by/image/catalog/d4_img/1766361600/1766396794597_17663967867375218000603420020121.jpg,https://d4.by/image/catalog/d4_img/1766361600/1766396801927_17663967953992744933597327614674.jpg"
"371664_1";"Peugeot";"Boxer";"2018";"КПП механическая (МКПП)";"";"дизель";"2.0";"";"";"";"";"0";"0";"";"";"0";"20GP19";"Из Бельгии.  Без гарантии,  на запчасти или под востоновление , дефект корпуса";"0";"0";"";"500";"USD";"";"";"";"";"";"https://d4.by/image/catalog/d4_img/1766361600/1766396958962_1766396950915300509951119634221.jpg,https://d4.by/image/catalog/d4_img/1766361600/1766396964685_17663969597363432121386520905300.jpg,https://d4.by/image/catalog/d4_img/1766361600/1766396969567_176639696544652076845983511232.jpg,https://d4.by/image/catalog/d4_img/1766361600/1766396975827_1766396970460609303361060951041.jpg,https://d4.by/image/catalog/d4_img/1766361600/1766396984560_1766396976683839630052699980623.jpg,https://d4.by/image/catalog/d4_img/1766361600/1766396992123_17663969854455857059205514007797.jpg,https://d4.by/image/catalog/d4_img/1766361600/1766397001221_17663969945131489433193354019879.jpg"
"371664_2";"Citroen";"Jumper";"2018";"КПП механическая (МКПП)";"";"дизель";"2.0";"";"";"";"";"0";"0";"";"";"0";"20GP19";"Из Бельгии.  Без гарантии,  на запчасти или под востоновление , дефект корпуса";"0";"0";"";"500";"USD";"";"";"";"";"";"https://d4.by/image/catalog/d4_img/1766361600/1766396958962_1766396950915300509951119634221.jpg,https://d4.by/image/catalog/d4_img/1766361600/1766396964685_17663969597363432121386520905300.jpg,https://d4.by/image/catalog/d4_img/1766361600/1766396969567_176639696544652076845983511232.jpg,https://d4.by/image/catalog/d4_img/1766361600/1766396975827_1766396970460609303361060951041.jpg,https://d4.by/image/catalog/d4_img/1766361600/1766396984560_1766396976683839630052699980623.jpg,https://d4.by/image/catalog/d4_img/1766361600/1766396992123_17663969854455857059205514007797.jpg,https://d4.by/image/catalog/d4_img/1766361600/1766397001221_17663969945131489433193354019879.jpg"
"371664_3";"Fiat";"Ducato";"2018";"КПП механическая (МКПП)";"";"дизель";"2.0";"";"";"";"";"0";"0";"";"";"0";"20GP19";"Из Бельгии.  Без гарантии,  на запчасти или под востоновление , дефект корпуса";"0";"0";"";"500";"USD";"";"";"";"";"";"https://d4.by/image/catalog/d4_img/1766361600/1766396958962_1766396950915300509951119634221.jpg,https://d4.by/image/catalog/d4_img/1766361600/1766396964685_17663969597363432121386520905300.jpg,https://d4.by/image/catalog/d4_img/1766361600/1766396969567_176639696544652076845983511232.jpg,https://d4.by/image/catalog/d4_img/1766361600/1766396975827_1766396970460609303361060951041.jpg,https://d4.by/image/catalog/d4_img/1766361600/1766396984560_1766396976683839630052699980623.jpg,https://d4.by/image/catalog/d4_img/1766361600/1766396992123_17663969854455857059205514007797.jpg,https://d4.by/image/catalog/d4_img/1766361600/1766397001221_17663969945131489433193354019879.jpg"
"371986";"Volkswagen";"Crafter";"2009";"КПП механическая (МКПП)";"";"дизель";"2.5";"";"";"";"";"0";"0";"";"";"0";"9062602800";"Из Бельгии.  Гарантия на установку и проверку ";"0";"0";"";"400";"USD";"";"";"";"";"";"https://d4.by/image/catalog/d4_img/1766620800/1766661628343_1766661621715637933922379620637.jpg,https://d4.by/image/catalog/d4_img/1766620800/1766661634598_17666616290403283620862948111967.jpg,https://d4.by/image/catalog/d4_img/1766620800/1766661641197_17666616353329124352514562686176.jpg,https://d4.by/image/catalog/d4_img/1766620800/1766661648343_17666616424861099799856699443368.jpg,https://d4.by/image/catalog/d4_img/1766620800/1766661656677_17666616491411367751864336935191.jpg"
"371992";"Renault";"Scenic";"1998";"КПП механическая (МКПП)";"";"бензин";"1.6";"";"";"";"";"0";"0";"";"";"0";"JB119";"Из Бельгии.  Гарантия на установку и проверку ";"0";"0";"";"100";"USD";"";"";"";"";"";"https://d4.by/image/catalog/d4_img/1766620800/1766664007093_17666640011446541730839910655380.jpg,https://d4.by/image/catalog/d4_img/1766620800/1766664021349_17666640080877216722580724852860.jpg,https://d4.by/image/catalog/d4_img/1766620800/1766664027929_17666640221744403784727491554733.jpg,https://d4.by/image/catalog/d4_img/1766620800/1766664035491_17666640287481781361875236083681.jpg,https://d4.by/image/catalog/d4_img/1766620800/1766664043077_17666640363403718746388970861945.jpg"
"371999";"Dacia";"Logan";"2018";"КПП механическая (МКПП)";"";"бензин";"0.9";"Ti";"";"";"";"0";"0";"";"";"0";"JH3399";"Из Бельгии.  Гарантия на установку и проверку ";"0";"0";"";"230";"USD";"";"";"";"";"";"https://d4.by/image/catalog/d4_img/1766620800/1766667841816_17666678359285621837990427288546.jpg,https://d4.by/image/catalog/d4_img/1766620800/1766667846996_17666678426089133518315412442847.jpg,https://d4.by/image/catalog/d4_img/1766620800/1766667852195_1766667847666835994602015111481.jpg,https://d4.by/image/catalog/d4_img/1766620800/1766667858433_17666678529696583514601435199243.jpg"
"376842";"Volkswagen";"Crafter";"2009";"КПП механическая (МКПП)";"";"дизель";"2.5";"";"";"";"";"0";"0";"";"";"0";"9062602800";"Из Бельгии.  Гарантия на установку и проверку. ";"0";"0";"";"400";"USD";"";"";"";"";"";"https://d4.by/image/catalog/d4_img/1770249600/1770273329208_17702733238685831389622720255097.jpg,https://d4.by/image/catalog/d4_img/1770249600/1770273335843_1770273329954716360308112423647.jpg,https://d4.by/image/catalog/d4_img/1770249600/1770273341332_1770273336597690714534055657040.jpg,https://d4.by/image/catalog/d4_img/1770249600/1770273346912_1770273342173660883013964712057.jpg,https://d4.by/image/catalog/d4_img/1770249600/1770273353687_17702733476174074368882175250836.jpg,https://d4.by/image/catalog/d4_img/1770249600/1770273359933_17702733544416755604202000200518.jpg"
"376847_1";"Renault";"Master";"2009";"КПП механическая (МКПП)";"";"дизель";"2.5";"";"";"";"";"0";"0";"";"";"0";"PF6006";"Из Бельгии.  Гарантия на установку и проверку.  ";"0";"0";"";"450";"USD";"";"";"";"";"";"https://d4.by/image/catalog/d4_img/1770249600/1770281975112_17702819695865825893388368158446.jpg,https://d4.by/image/catalog/d4_img/1770249600/1770281981405_17702819758491288837375710365914.jpg,https://d4.by/image/catalog/d4_img/1770249600/1770281986896_17702819821469135904425667542358.jpg,https://d4.by/image/catalog/d4_img/1770249600/1770281996458_17702819893112157775974745336736.jpg,https://d4.by/image/catalog/d4_img/1770249600/1770282002457_177028199728166129500399462078.jpg"
"376847_2";"Opel";"Movano";"2009";"КПП механическая (МКПП)";"";"дизель";"2.5";"";"";"";"";"0";"0";"";"";"0";"PF6006";"Из Бельгии.  Гарантия на установку и проверку.  ";"0";"0";"";"450";"USD";"";"";"";"";"";"https://d4.by/image/catalog/d4_img/1770249600/1770281975112_17702819695865825893388368158446.jpg,https://d4.by/image/catalog/d4_img/1770249600/1770281981405_17702819758491288837375710365914.jpg,https://d4.by/image/catalog/d4_img/1770249600/1770281986896_17702819821469135904425667542358.jpg,https://d4.by/image/catalog/d4_img/1770249600/1770281996458_17702819893112157775974745336736.jpg,https://d4.by/image/catalog/d4_img/1770249600/1770282002457_177028199728166129500399462078.jpg"
"376861";"Ford";"Fiesta";"2012";"КПП механическая (МКПП)";"";"бензин";"1.0";"";"";"";"";"0";"0";"";"";"0";"ca6r7002,ca6r7002PFB";"Из Бельгии.  Гарантия на установку и проверку.  ";"0";"0";"";"70";"USD";"";"";"";"";"";"https://d4.by/image/catalog/d4_img/1770249600/1770284974741_17702849683124995370157037289420.jpg,https://d4.by/image/catalog/d4_img/1770249600/1770284980870_1770284975374976898918093874352.jpg,https://d4.by/image/catalog/d4_img/1770249600/1770284987515_1770284981593643159615040711669.jpg,https://d4.by/image/catalog/d4_img/1770249600/1770284993909_17702849883086404699849393176373.jpg,https://d4.by/image/catalog/d4_img/1770249600/1770284999072_17702849947055966582632055612032.jpg"
"377154_1";"Opel";"Vivaro";"2004";"КПП механическая (МКПП)";"";"дизель";"1.9";"";"";"";"";"0";"0";"";"";"0";"PK6025";"Из Бельгии.  Гарантия на установку и проверку . Люфт кулисы ";"0";"0";"";"170";"USD";"";"";"";"";"";"https://d4.by/image/catalog/d4_img/1770422400/1770463019132_17704630101922405473581883152639.jpg,https://d4.by/image/catalog/d4_img/1770422400/1770463026098_17704630200097152550408614420780.jpg,https://d4.by/image/catalog/d4_img/1770422400/1770463032851_1770463026951126867757545277643.jpg,https://d4.by/image/catalog/d4_img/1770422400/1770463042008_17704630337547244639062592795339.jpg"
"377154_2";"Renault";"Trafic";"2004";"КПП механическая (МКПП)";"";"дизель";"1.9";"";"";"";"";"0";"0";"";"";"0";"PK6025";"Из Бельгии.  Гарантия на установку и проверку . Люфт кулисы ";"0";"0";"";"170";"USD";"";"";"";"";"";"https://d4.by/image/catalog/d4_img/1770422400/1770463019132_17704630101922405473581883152639.jpg,https://d4.by/image/catalog/d4_img/1770422400/1770463026098_17704630200097152550408614420780.jpg,https://d4.by/image/catalog/d4_img/1770422400/1770463032851_1770463026951126867757545277643.jpg,https://d4.by/image/catalog/d4_img/1770422400/1770463042008_17704630337547244639062592795339.jpg"
"377154_3";"Nissan";"Primastar";"2004";"КПП механическая (МКПП)";"";"дизель";"1.9";"";"";"";"";"0";"0";"";"";"0";"PK6025";"Из Бельгии.  Гарантия на установку и проверку . Люфт кулисы ";"0";"0";"";"170";"USD";"";"";"";"";"";"https://d4.by/image/catalog/d4_img/1770422400/1770463019132_17704630101922405473581883152639.jpg,https://d4.by/image/catalog/d4_img/1770422400/1770463026098_17704630200097152550408614420780.jpg,https://d4.by/image/catalog/d4_img/1770422400/1770463032851_1770463026951126867757545277643.jpg,https://d4.by/image/catalog/d4_img/1770422400/1770463042008_17704630337547244639062592795339.jpg"
"377173";"Skoda";"Superb";"2002";"КПП механическая (МКПП)";"";"дизель";"1.9";"";"";"";"";"0";"0";"";"";"0";"FHN";"Из Бельгии.  Гарантия на установку и проверку . ";"0";"0";"";"95";"USD";"";"";"";"";"";"https://d4.by/image/catalog/d4_img/1770422400/1770463933864_17704639247921832655907542927209.jpg,https://d4.by/image/catalog/d4_img/1770422400/1770463940445_17704639347826632232373434099708.jpg,https://d4.by/image/catalog/d4_img/1770422400/1770463947321_17704639412832841709131134440331.jpg,https://d4.by/image/catalog/d4_img/1770422400/1770463956074_17704639486417137758681552360384.jpg"
"377198_1";"Volkswagen";"Sharan";"2003";"КПП механическая (МКПП)";"4*4";"дизель";"1.9";"";"";"";"";"0";"0";"";"";"0";"FPK";"Из Бельгии.  Гарантия на установку и проверку.  Без датчика скорости,  Небольшой  люфтик вала, Полный привод ";"0";"0";"";"250";"USD";"";"";"";"";"";"https://d4.by/image/catalog/d4_img/1770422400/1770468841975_17704688322596009245241198278203.jpg,https://d4.by/image/catalog/d4_img/1770422400/1770468848757_17704688427845412064713125278432.jpg,https://d4.by/image/catalog/d4_img/1770422400/1770468855340_1770468849619724313954648717997.jpg,https://d4.by/image/catalog/d4_img/1770422400/1770468863586_17704688562233628858041289664090.jpg"
"377198_2";"Ford";"Galaxy";"2003";"КПП механическая (МКПП)";"4*4";"дизель";"1.9";"";"";"";"";"0";"0";"";"";"0";"FPK";"Из Бельгии.  Гарантия на установку и проверку.  Без датчика скорости,  Небольшой  люфтик вала, Полный привод ";"0";"0";"";"250";"USD";"";"";"";"";"";"https://d4.by/image/catalog/d4_img/1770422400/1770468841975_17704688322596009245241198278203.jpg,https://d4.by/image/catalog/d4_img/1770422400/1770468848757_17704688427845412064713125278432.jpg,https://d4.by/image/catalog/d4_img/1770422400/1770468855340_1770468849619724313954648717997.jpg,https://d4.by/image/catalog/d4_img/1770422400/1770468863586_17704688562233628858041289664090.jpg"
"377198_3";"Seat";"Alhambra";"2003";"КПП механическая (МКПП)";"4*4";"дизель";"1.9";"";"";"";"";"0";"0";"";"";"0";"FPK";"Из Бельгии.  Гарантия на установку и проверку.  Без датчика скорости,  Небольшой  люфтик вала, Полный привод ";"0";"0";"";"250";"USD";"";"";"";"";"";"https://d4.by/image/catalog/d4_img/1770422400/1770468841975_17704688322596009245241198278203.jpg,https://d4.by/image/catalog/d4_img/1770422400/1770468848757_17704688427845412064713125278432.jpg,https://d4.by/image/catalog/d4_img/1770422400/1770468855340_1770468849619724313954648717997.jpg,https://d4.by/image/catalog/d4_img/1770422400/1770468863586_17704688562233628858041289664090.jpg"
"377201";"Volkswagen";"Passat";"2007";"КПП механическая (МКПП)";"";"дизель";"1.9";"";"";"";"";"0";"0";"";"";"0";"HNV";"Из Бельгии.  Гарантия на установку и проверку ";"0";"0";"";"195";"USD";"";"";"";"";"";"https://d4.by/image/catalog/d4_img/1770422400/1770470556292_17704705480394826241594489900744.jpg,https://d4.by/image/catalog/d4_img/1770422400/1770470547155_17704705427674694844603213567226.jpg,https://d4.by/image/catalog/d4_img/1770422400/1770470541882_17704705367499110381904466733483.jpg,https://d4.by/image/catalog/d4_img/1770422400/1770470535959_17704705274485624729509874657430.jpg"
"377220_1";"Volkswagen";"Sharan";"2003";"КПП механическая (МКПП)";"";"дизель";"1.9";"";"";"";"";"0";"0";"";"";"0";"FPE";"Из Бельгии.  Гарантия на установку и проверку . Без датчика скорости ";"0";"0";"";"190";"USD";"";"";"";"";"";"https://d4.by/image/catalog/d4_img/1770422400/1770474596884_17704745873572332024311960923593.jpg,https://d4.by/image/catalog/d4_img/1770422400/1770474603637_17704745981486427575188971222455.jpg,https://d4.by/image/catalog/d4_img/1770422400/1770474615124_17704746044353425465927041045436.jpg,https://d4.by/image/catalog/d4_img/1770422400/1770474623928_17704746160036554783373925661502.jpg"
"377220_2";"Ford";"Galaxy";"2003";"КПП механическая (МКПП)";"";"дизель";"1.9";"";"";"";"";"0";"0";"";"";"0";"FPE";"Из Бельгии.  Гарантия на установку и проверку . Без датчика скорости ";"0";"0";"";"190";"USD";"";"";"";"";"";"https://d4.by/image/catalog/d4_img/1770422400/1770474596884_17704745873572332024311960923593.jpg,https://d4.by/image/catalog/d4_img/1770422400/1770474603637_17704745981486427575188971222455.jpg,https://d4.by/image/catalog/d4_img/1770422400/1770474615124_17704746044353425465927041045436.jpg,https://d4.by/image/catalog/d4_img/1770422400/1770474623928_17704746160036554783373925661502.jpg"
"377220_3";"Seat";"Alhambra";"2003";"КПП механическая (МКПП)";"";"дизель";"1.9";"";"";"";"";"0";"0";"";"";"0";"FPE";"Из Бельгии.  Гарантия на установку и проверку . Без датчика скорости ";"0";"0";"";"190";"USD";"";"";"";"";"";"https://d4.by/image/catalog/d4_img/1770422400/1770474596884_17704745873572332024311960923593.jpg,https://d4.by/image/catalog/d4_img/1770422400/1770474603637_17704745981486427575188971222455.jpg,https://d4.by/image/catalog/d4_img/1770422400/1770474615124_17704746044353425465927041045436.jpg,https://d4.by/image/catalog/d4_img/1770422400/1770474623928_17704746160036554783373925661502.jpg"
"377701";"Hyundai";"H1";"2004";"КПП механическая (МКПП)";"";"дизель";"2.5";"";"";"";"";"0";"0";"";"";"0";"5233249";"Из Бельгии.  Гарантия на установку и проверку .";"0";"0";"";"85";"USD";"";"";"";"";"";"https://d4.by/image/catalog/d4_img/1770768000/1770812413996_17708124063174764195375816709794.jpg,https://d4.by/image/catalog/d4_img/1770768000/1770812423450_17708124147594671792691215489556.jpg,https://d4.by/image/catalog/d4_img/1770768000/1770812429519_17708124242648336640650286732598.jpg,https://d4.by/image/catalog/d4_img/1770768000/1770812436439_17708124303483645438266468292126.jpg"
"378479";"Renault";"Megane";"2004";"КПП механическая (МКПП)";"";"бензин";"1.6";"";"";"";"";"0";"0";"";"";"0";"JH3142";"Из Бельгии, Гарантия на установку и проверку,";"0";"0";"";"180";"USD";"";"";"";"";"";"https://d4.by/image/catalog/d4_img/1771286400/1771335743501_17713357385035652924872972212918.jpg,https://d4.by/image/catalog/d4_img/1771286400/1771335750007_17713357442771450483487067419750.jpg,https://d4.by/image/catalog/d4_img/1771286400/1771335758018_17713357508272320827648624398806.jpg,https://d4.by/image/catalog/d4_img/1771286400/1771335766502_17713357588614900578629475847989.jpg"
"378502_1";"Fiat";"Ducato";"1998";"КПП механическая (МКПП)";"";"дизель";"1.9";"D";"";"";"";"0";"0";"";"";"0";"20ue08";"Из Бельгии, Гарантия на установку и проверку, Люфтик в кулисе";"0";"0";"";"400";"USD";"";"";"";"";"";"https://d4.by/image/catalog/d4_img/1771286400/1771338382930_17713383768802898566470537860624.jpg,https://d4.by/image/catalog/d4_img/1771286400/1771338390772_17713383836964366863666585638516.jpg,https://d4.by/image/catalog/d4_img/1771286400/1771338401238_17713383915794580390236291991262.jpg,https://d4.by/image/catalog/d4_img/1771286400/1771338407685_1771338402028215567821064777884.jpg"
"378502_2";"Citroen";"Jumper";"1998";"КПП механическая (МКПП)";"";"дизель";"1.9";"D";"";"";"";"0";"0";"";"";"0";"20ue08";"Из Бельгии, Гарантия на установку и проверку, Люфтик в кулисе";"0";"0";"";"400";"USD";"";"";"";"";"";"https://d4.by/image/catalog/d4_img/1771286400/1771338382930_17713383768802898566470537860624.jpg,https://d4.by/image/catalog/d4_img/1771286400/1771338390772_17713383836964366863666585638516.jpg,https://d4.by/image/catalog/d4_img/1771286400/1771338401238_17713383915794580390236291991262.jpg,https://d4.by/image/catalog/d4_img/1771286400/1771338407685_1771338402028215567821064777884.jpg"
"378502_3";"Peugeot";"Boxer";"1998";"КПП механическая (МКПП)";"";"дизель";"1.9";"D";"";"";"";"0";"0";"";"";"0";"20ue08";"Из Бельгии, Гарантия на установку и проверку, Люфтик в кулисе";"0";"0";"";"400";"USD";"";"";"";"";"";"https://d4.by/image/catalog/d4_img/1771286400/1771338382930_17713383768802898566470537860624.jpg,https://d4.by/image/catalog/d4_img/1771286400/1771338390772_17713383836964366863666585638516.jpg,https://d4.by/image/catalog/d4_img/1771286400/1771338401238_17713383915794580390236291991262.jpg,https://d4.by/image/catalog/d4_img/1771286400/1771338407685_1771338402028215567821064777884.jpg"
"378535";"Mitsubishi";"Space Star";"2001";"КПП механическая (МКПП)";"";"бензин";"1.3";"";"";"";"";"0";"0";"";"";"0";"JB3241";"Из Бельгии.  Гарантия на установку и проверку.  ";"0";"0";"";"300";"USD";"";"";"";"";"";"https://d4.by/image/catalog/d4_img/1771372800/1771400617610_17714006033643647362283733823930.jpg,https://d4.by/image/catalog/d4_img/1771372800/1771400625267_17714006184182488172229354956771.jpg,https://d4.by/image/catalog/d4_img/1771372800/1771400632090_17714006260612297482106222230247.jpg,https://d4.by/image/catalog/d4_img/1771372800/1771400639526_17714006329781116773691434670796.jpg,https://d4.by/image/catalog/d4_img/1771372800/1771400644659_17714006403026943070401371843777.jpg,https://d4.by/image/catalog/d4_img/1771372800/1771400651210_17714006455221605582961563177700.jpg"
"378567";"Renault";"Laguna";"2004";"КПП механическая (МКПП)";"";"бензин";"1.6";"";"";"";"";"0";"0";"";"";"0";"JR5129";"Из Бельгии.  Гарантия на установку и проверку,  ";"0";"0";"";"250";"USD";"";"";"";"";"";"https://d4.by/image/catalog/d4_img/1771372800/1771404452905_17714044470511381838794550285472.jpg,https://d4.by/image/catalog/d4_img/1771372800/1771404459267_17714044537021416175934745128910.jpg,https://d4.by/image/catalog/d4_img/1771372800/1771404470660_17714044600257266629359976231217.jpg,https://d4.by/image/catalog/d4_img/1771372800/1771404478167_17714044717033935916869062889953.jpg"
"378602";"Ford";"Fiesta";"2009";"КПП механическая (МКПП)";"";"дизель";"1.6";"";"";"";"";"0";"0";"";"";"0";"8A6R7002HA";"Из Бельгии.  Гарантия на установку и проверку,  ";"0";"0";"";"120";"USD";"";"";"";"";"";"https://d4.by/image/catalog/d4_img/1771372800/1771411478116_17714114726561241665543587986706.jpg,https://d4.by/image/catalog/d4_img/1771372800/1771411483311_17714114789565372251876030602204.jpg,https://d4.by/image/catalog/d4_img/1771372800/1771411490216_17714114841251130636404537554376.jpg,https://d4.by/image/catalog/d4_img/1771372800/1771411495568_17714114910936136185205466226191.jpg,https://d4.by/image/catalog/d4_img/1771372800/1771411503300_17714114964015442711425495813472.jpg"
"378627";"Opel";"Corsa";"2009";"КПП механическая (МКПП)";"";"бензин";"1.2";"";"";"";"";"0";"0";"";"";"0";"F13W429";"Из Бельгии.  Гарантия на установку и проверку,  ";"0";"0";"";"70";"USD";"";"";"";"";"";"https://d4.by/image/catalog/d4_img/1771372800/1771415116107_17714151065392731091904622146449.jpg,https://d4.by/image/catalog/d4_img/1771372800/1771415123313_17714151178981347124664172701571.jpg,https://d4.by/image/catalog/d4_img/1771372800/1771415131319_1771415124274702700621302853836.jpg,https://d4.by/image/catalog/d4_img/1771372800/1771415142173_17714151338332159840350755244188.jpg"
"378643";"Peugeot";"206";"2002";"КПП механическая (МКПП)";"";"дизель";"2.0";"";"";"";"";"0";"0";"";"";"0";"20dm22";"Из Бельгии.  Гарантия на установку и проверку,  ";"0";"0";"";"70";"USD";"";"";"";"";"";"https://d4.by/image/catalog/d4_img/1771372800/1771419393659_177141938851831133571758734811.jpg,https://d4.by/image/catalog/d4_img/1771372800/1771419400599_17714193951695843963705080907969.jpg,https://d4.by/image/catalog/d4_img/1771372800/1771419407349_17714194014714830400808627176161.jpg,https://d4.by/image/catalog/d4_img/1771372800/1771419414083_17714194082428027368335332612720.jpg"
"378702";"Renault";"Megane";"2018";"КПП механическая (МКПП)";"";"дизель";"1.5";"";"МКПП";"";"";"0";"0";"";"";"0";"TL4,320101020R";"Из Германии, с леворульного авто (не Англия). Нету 3-4 передачи, не гудит, 6ти ступка  . Доставка по всей РБ, в РФ транспортными компаниями. Если не доступен звоните/пишите - Viber, WhatsApp, Telegram.";"0";"0";"Запчасть Даника ";"50";"USD";"";"Брест";"+375(29)824-89-27 Viber WhatsApp Telegram";"";"";"https://d4.by/image/catalog/d4_img/1771372800/1771446313954_IMG_8879.jpeg,https://d4.by/image/catalog/d4_img/1771372800/1771446313954_IMG_8878.jpeg,https://d4.by/image/catalog/d4_img/1771372800/1771446313954_IMG_8877.jpeg,https://d4.by/image/catalog/d4_img/1771372800/1771446313954_IMG_8876.jpeg,https://d4.by/image/catalog/d4_img/1771372800/1771446313953_IMG_8874.jpeg,https://d4.by/image/catalog/d4_img/1771372800/1771446313954_IMG_8880.jpeg"
"378800";"Renault";"Master";"1997";"КПП механическая (МКПП)";"";"дизель";"2.5";"";"";"";"";"0";"0";"";"";"0";"pf1aa017";"Из Бельгии.  Гарантия на установку и проверку.  ";"0";"0";"";"250";"USD";"";"";"";"";"";"https://d4.by/image/catalog/d4_img/1771459200/1771502119406_17715021062973822362286001765135.jpg,https://d4.by/image/catalog/d4_img/1771459200/1771502128024_17715021203361446122558253452803.jpg,https://d4.by/image/catalog/d4_img/1771459200/1771502135466_17715021288774982827937959617617.jpg,https://d4.by/image/catalog/d4_img/1771459200/1771502143299_1771502136410489597041042618229.jpg"
"379043";"Dacia";"Logan";"2015";"КПП механическая (МКПП)";"";"бензин";"1.2";"";"";"";"";"0";"0";"";"";"0";"JH3360";"Из Бельгии.  Гарантия на установку и проверку.  ";"0";"0";"";"140";"USD";"";"";"";"";"";"https://d4.by/image/catalog/d4_img/1771632000/1771658355108_1771658349205471577879618889011.jpg,https://d4.by/image/catalog/d4_img/1771632000/1771658361293_17716583561315597950872401038073.jpg,https://d4.by/image/catalog/d4_img/1771632000/1771658368985_17716583622402178888124752208088.jpg,https://d4.by/image/catalog/d4_img/1771632000/1771658378958_17716583702125629207204895732613.jpg"
"379056";"Volkswagen";"Passat";"2002";"КПП механическая (МКПП)";"";"дизель";"1.9";"";"";"";"";"0";"0";"";"";"0";"DUK";"Из Бельгии.  Гарантия на установку и проверку.  Без цилиндра  сцепления ";"0";"0";"";"90";"USD";"";"";"";"";"";"https://d4.by/image/catalog/d4_img/1771632000/1771660771161_17716607615262378231845739421711.jpg,https://d4.by/image/catalog/d4_img/1771632000/1771660760676_17716607552396853302835068721823.jpg,https://d4.by/image/catalog/d4_img/1771632000/1771660754409_1771660748475382164113310445308.jpg,https://d4.by/image/catalog/d4_img/1771632000/1771660747586_17716607409684911205252507976334.jpg,https://d4.by/image/catalog/d4_img/1771632000/1771660739763_1771660734624624707962310084710.jpg,https://d4.by/image/catalog/d4_img/1771632000/1771660733376_17716607258695848154895387763126.jpg"
"379226";"Iveco";"Daily";"2004";"КПП механическая (МКПП)";"";"дизель";"2.3";"";"";"";"";"0";"0";"";"";"0";"8870879,12470214";"Из Бельгии.  Гарантия на установку и проверку,  ";"0";"0";"";"230";"USD";"";"";"";"";"";"https://d4.by/image/catalog/d4_img/1771804800/1771832024221_17718320161122358088362251647167.jpg,https://d4.by/image/catalog/d4_img/1771804800/1771832030319_17718320250888799885033903346966.jpg,https://d4.by/image/catalog/d4_img/1771804800/1771832050080_17718320314155472338542456998162.jpg,https://d4.by/image/catalog/d4_img/1771804800/1771832057892_17718320512678860102705835718369.jpg,https://d4.by/image/catalog/d4_img/1771804800/1771832065787_1771832058776759288697271175061.jpg"
"379675_1";"Peugeot";"Boxer";"2020";"КПП механическая (МКПП)";"";"дизель";"2.2";"";"";"";"";"0";"0";"";"";"0";"20gp25";"Из Бельгии.  Гарантия на установку и проверку,  ";"0";"0";"";"2000";"USD";"";"";"";"";"";"https://d4.by/image/catalog/d4_img/1771977600/1772027675118_1772027662882200065276929358523.jpg,https://d4.by/image/catalog/d4_img/1771977600/1772027681697_17720276762527138517814349080811.jpg,https://d4.by/image/catalog/d4_img/1771977600/1772027687702_17720276824885069897654393775699.jpg,https://d4.by/image/catalog/d4_img/1771977600/1772027695681_17720276885321640719697513038248.jpg"
"379675_2";"Citroen";"Jumper";"2020";"КПП механическая (МКПП)";"";"дизель";"2.2";"";"";"";"";"0";"0";"";"";"0";"20gp25";"Из Бельгии.  Гарантия на установку и проверку,  ";"0";"0";"";"2000";"USD";"";"";"";"";"";"https://d4.by/image/catalog/d4_img/1771977600/1772027675118_1772027662882200065276929358523.jpg,https://d4.by/image/catalog/d4_img/1771977600/1772027681697_17720276762527138517814349080811.jpg,https://d4.by/image/catalog/d4_img/1771977600/1772027687702_17720276824885069897654393775699.jpg,https://d4.by/image/catalog/d4_img/1771977600/1772027695681_17720276885321640719697513038248.jpg"
"379675_3";"Fiat";"Ducato";"2020";"КПП механическая (МКПП)";"";"дизель";"2.2";"";"";"";"";"0";"0";"";"";"0";"20gp25";"Из Бельгии.  Гарантия на установку и проверку,  ";"0";"0";"";"2000";"USD";"";"";"";"";"";"https://d4.by/image/catalog/d4_img/1771977600/1772027675118_1772027662882200065276929358523.jpg,https://d4.by/image/catalog/d4_img/1771977600/1772027681697_17720276762527138517814349080811.jpg,https://d4.by/image/catalog/d4_img/1771977600/1772027687702_17720276824885069897654393775699.jpg,https://d4.by/image/catalog/d4_img/1771977600/1772027695681_17720276885321640719697513038248.jpg"
"379706";"Fiat";"Ducato";"2004";"КПП механическая (МКПП)";"";"дизель";"2.3";"";"";"";"";"0";"0";"";"";"0";"20UM04";"Из Бельгии.  Гарантия на установку и проверку ";"0";"0";"";"500";"USD";"";"";"";"";"";"https://d4.by/image/catalog/d4_img/1772064000/1772087580180_17720875748196573250761887160265.jpg,https://d4.by/image/catalog/d4_img/1772064000/1772087574002_17720875682582990366345441535785.jpg,https://d4.by/image/catalog/d4_img/1772064000/1772087594839_17720875811431678354694656403463.jpg,https://d4.by/image/catalog/d4_img/1772064000/1772087602833_17720875957084000217006770551613.jpg"
"379735";"Volkswagen";"Golf";"2006";"КПП механическая (МКПП)";"";"дизель";"1.9";"";"";"";"";"0";"0";"";"";"0";"JYJ";"Из Бельгии.  Гарантия на установку и проверку ";"0";"0";"";"300";"USD";"";"";"";"";"";"https://d4.by/image/catalog/d4_img/1772064000/1772093955259_17720939452767155423312937263417.jpg,https://d4.by/image/catalog/d4_img/1772064000/1772093963740_17720939562744673381504382704297.jpg,https://d4.by/image/catalog/d4_img/1772064000/1772093975239_17720939646258124959153505206188.jpg,https://d4.by/image/catalog/d4_img/1772064000/1772093985208_17720939762947101474561589475548.jpg,https://d4.by/image/catalog/d4_img/1772064000/1772093991592_17720939862012901725597803120537.jpg"
"379765";"Fiat";"Ducato";"2004";"КПП механическая (МКПП)";"";"дизель";"2.3";"";"";"";"";"0";"0";"";"";"0";"20UM04";"Из Бельгии.  Гарантия на установку и проверку  Люфт в кулисе ";"0";"0";"";"450";"USD";"";"";"";"";"";"https://d4.by/image/catalog/d4_img/1772064000/1772100638289_17721006307363295147200874015458.jpg,https://d4.by/image/catalog/d4_img/1772064000/1772100648655_17721006415162745141048993073827.jpg,https://d4.by/image/catalog/d4_img/1772064000/1772100654688_1772100649493697639025896380575.jpg,https://d4.by/image/catalog/d4_img/1772064000/1772100662549_17721006555364105346056410731663.jpg"
"379828";"Fiat";"Doblo";"2012";"КПП механическая (МКПП)";"";"дизель";"1.6";"";"";"";"";"0";"0";"";"";"0";"55216183";"Из Бельгии.  Гарантия на установку и проверку.  ";"0";"0";"";"220";"USD";"";"";"";"";"";"https://d4.by/image/catalog/d4_img/1772064000/1772111962708_17721119571555698582000127147852.jpg,https://d4.by/image/catalog/d4_img/1772064000/1772111968274_17721119634117550868081647778340.jpg,https://d4.by/image/catalog/d4_img/1772064000/1772111976582_17721119690963027773935623270400.jpg,https://d4.by/image/catalog/d4_img/1772064000/1772111983586_1772111977326403427937444398249.jpg"
"380218";"Daewoo";"Lanos";"2000";"КПП механическая (МКПП)";"";"бензин";"1.6";"";"";"";"";"0";"0";"";"";"0";"";"Гарантия на установку проверку,  с двигателя A16DMS";"0";"0";"";"75";"USD";"";"";"";"";"";"https://d4.by/image/catalog/d4_img/1772236800/1772281155135_17722811510524532981803870548655.jpg"
"380291_1";"Peugeot";"308";"2021";"КПП механическая (МКПП)";"PureTech";"бензин";"1.2";"";"МКПП";"универсал";"";"0";"0";"";"";"0";"STT";"Из Франции (с леворульного авто, не Англия), в  хорошем состоянии небольшой пробег, 6-ти ступка .Предоставляем ГТД. Доставка по всей РБ, в РФ транспортными компаниями. Если не доступен звоните/пишите - Viber, WhatsApp, Telegram.";"0";"0";"Запчасть Захара";"600";"USD";"";"Брест";"+375(29) 824-89-27 Viber WhatsApp Telegram";"";"";"https://d4.by/image/catalog/d4_img/1772236800/1772293825518_photo_2026-02-28_18-40-37.jpg,https://d4.by/image/catalog/d4_img/1772236800/1772293825517_photo_2026-02-28_18-40-30.jpg,https://d4.by/image/catalog/d4_img/1772236800/1772293825515_photo_2026-02-28_18-40-27.jpg"
"380291_2";"Peugeot";"2008";"2021";"КПП механическая (МКПП)";"PureTech";"бензин";"1.2";"";"МКПП";"универсал";"";"0";"0";"";"";"0";"STT";"Из Франции (с леворульного авто, не Англия), в  хорошем состоянии небольшой пробег, 6-ти ступка .Предоставляем ГТД. Доставка по всей РБ, в РФ транспортными компаниями. Если не доступен звоните/пишите - Viber, WhatsApp, Telegram.";"0";"0";"Запчасть Захара";"600";"USD";"";"Брест";"+375(29) 824-89-27 Viber WhatsApp Telegram";"";"";"https://d4.by/image/catalog/d4_img/1772236800/1772294044924_photo_2026-02-28_18-40-27.jpg,https://d4.by/image/catalog/d4_img/1772236800/1772294020234_photo_2026-02-28_18-40-37.jpg,https://d4.by/image/catalog/d4_img/1772236800/1772294020231_photo_2026-02-28_18-40-30.jpg"
"380291_3";"Peugeot";"208";"2021";"КПП механическая (МКПП)";"PureTech";"бензин";"1.2";"";"МКПП";"универсал";"";"0";"0";"";"";"0";"STT";"Из Франции (с леворульного авто, не Англия), в  хорошем состоянии небольшой пробег, 6-ти ступка .Предоставляем ГТД. Доставка по всей РБ, в РФ транспортными компаниями. Если не доступен звоните/пишите - Viber, WhatsApp, Telegram.";"0";"0";"Запчасть Захара";"600";"USD";"";"Брест";"+375(29) 824-89-27 Viber WhatsApp Telegram";"";"";"https://d4.by/image/catalog/d4_img/1772236800/1772294044924_photo_2026-02-28_18-40-27.jpg,https://d4.by/image/catalog/d4_img/1772236800/1772294020234_photo_2026-02-28_18-40-37.jpg,https://d4.by/image/catalog/d4_img/1772236800/1772294020231_photo_2026-02-28_18-40-30.jpg"
"380291_4";"Peugeot";"3008";"2021";"КПП механическая (МКПП)";"PureTech";"бензин";"1.2";"";"МКПП";"универсал";"";"0";"0";"";"";"0";"STT";"Из Франции (с леворульного авто, не Англия), в  хорошем состоянии небольшой пробег, 6-ти ступка .Предоставляем ГТД. Доставка по всей РБ, в РФ транспортными компаниями. Если не доступен звоните/пишите - Viber, WhatsApp, Telegram.";"0";"0";"Запчасть Захара";"600";"USD";"";"Брест";"+375(29) 824-89-27 Viber WhatsApp Telegram";"";"";"https://d4.by/image/catalog/d4_img/1772236800/1772294044924_photo_2026-02-28_18-40-27.jpg,https://d4.by/image/catalog/d4_img/1772236800/1772294020234_photo_2026-02-28_18-40-37.jpg,https://d4.by/image/catalog/d4_img/1772236800/1772294020231_photo_2026-02-28_18-40-30.jpg"
"380291_6";"Peugeot";"5008";"2021";"КПП механическая (МКПП)";"PureTech";"бензин";"1.2";"";"МКПП";"универсал";"";"0";"0";"";"";"0";"STT";"Из Франции (с леворульного авто, не Англия), в  хорошем состоянии небольшой пробег, 6-ти ступка .Предоставляем ГТД. Доставка по всей РБ, в РФ транспортными компаниями. Если не доступен звоните/пишите - Viber, WhatsApp, Telegram.";"0";"0";"Запчасть Захара";"600";"USD";"";"Брест";"+375(29) 824-89-27 Viber WhatsApp Telegram";"";"";"https://d4.by/image/catalog/d4_img/1772236800/1772294044924_photo_2026-02-28_18-40-27.jpg,https://d4.by/image/catalog/d4_img/1772236800/1772294020234_photo_2026-02-28_18-40-37.jpg,https://d4.by/image/catalog/d4_img/1772236800/1772294020231_photo_2026-02-28_18-40-30.jpg"
"380291_5";"Peugeot";"308";"2021";"КПП механическая (МКПП)";"PureTech";"бензин";"1.2";"";"МКПП";"универсал";"";"0";"0";"";"";"0";"STT";"Из Франции (с леворульного авто, не Англия), в  хорошем состоянии небольшой пробег, 6-ти ступка .Предоставляем ГТД. Доставка по всей РБ, в РФ транспортными компаниями. Если не доступен звоните/пишите - Viber, WhatsApp, Telegram.";"0";"0";"Запчасть Захара";"600";"USD";"";"Брест";"+375(29) 824-89-27 Viber WhatsApp Telegram";"";"";"https://d4.by/image/catalog/d4_img/1772236800/1772294044924_photo_2026-02-28_18-40-27.jpg,https://d4.by/image/catalog/d4_img/1772236800/1772294020234_photo_2026-02-28_18-40-37.jpg,https://d4.by/image/catalog/d4_img/1772236800/1772294020231_photo_2026-02-28_18-40-30.jpg"
"380291_7";"Peugeot";"Partner";"2021";"КПП механическая (МКПП)";"PureTech";"бензин";"1.2";"";"МКПП";"универсал";"";"0";"0";"";"";"0";"STT";"Из Франции (с леворульного авто, не Англия), в  хорошем состоянии небольшой пробег, 6-ти ступка .Предоставляем ГТД. Доставка по всей РБ, в РФ транспортными компаниями. Если не доступен звоните/пишите - Viber, WhatsApp, Telegram.";"0";"0";"Запчасть Захара";"600";"USD";"";"Брест";"+375(29) 824-89-27 Viber WhatsApp Telegram";"";"";"https://d4.by/image/catalog/d4_img/1772236800/1772294044924_photo_2026-02-28_18-40-27.jpg,https://d4.by/image/catalog/d4_img/1772236800/1772294020234_photo_2026-02-28_18-40-37.jpg,https://d4.by/image/catalog/d4_img/1772236800/1772294020231_photo_2026-02-28_18-40-30.jpg"
"380394";"Ford";"Galaxy";"1998";"КПП механическая (МКПП)";"";"бензин";"2.3";"";"";"";"";"0";"0";"";"";"0";"977T-7002";"Из Бельгии.  Гарантия на установку и проверку.  ";"0";"0";"";"80";"USD";"";"";"";"";"";"https://d4.by/image/catalog/d4_img/1772409600/1772449447408_17724494404975706362191904564177.jpg,https://d4.by/image/catalog/d4_img/1772409600/1772449452873_17724494481891274352436772243246.jpg,https://d4.by/image/catalog/d4_img/1772409600/1772449460028_17724494537626250411214065559964.jpg,https://d4.by/image/catalog/d4_img/1772409600/1772449466107_17724494612031713611287147563324.jpg"
"380406";"Opel";"Astra";"2010";"КПП механическая (МКПП)";"";"дизель";"1.3";"";"";"";"";"0";"0";"";"";"0";"ee394";"Из Бельгии.  Гарантия на установку и проверку . ";"0";"0";"";"340";"USD";"";"";"";"";"";"https://d4.by/image/catalog/d4_img/1772409600/1772452418339_17724524113387150459523826003850.jpg,https://d4.by/image/catalog/d4_img/1772409600/1772452425223_17724524191877552600563302654596.jpg,https://d4.by/image/catalog/d4_img/1772409600/1772452431663_17724524259804861113482453900326.jpg,https://d4.by/image/catalog/d4_img/1772409600/1772452445082_17724524326667633667789505580428.jpg"
"380421_1";"Citroen";"Jumpy";"2007";"КПП механическая (МКПП)";"";"дизель";"1.6";"";"";"";"";"0";"0";"";"";"0";"20DP35";"Из Бельгии.  Гарантия на установку и проверку . ";"0";"0";"";"200";"USD";"";"";"";"";"";"https://d4.by/image/catalog/d4_img/1772409600/1772454499021_17724544935268084322488100161080.jpg,https://d4.by/image/catalog/d4_img/1772409600/1772454507745_17724544997546735808655652262792.jpg,https://d4.by/image/catalog/d4_img/1772409600/1772454516480_17724545086165409925409889028878.jpg,https://d4.by/image/catalog/d4_img/1772409600/1772454523399_17724545173704537779784917254101.jpg"
"380421_2";"Fiat";"Scudo";"2007";"КПП механическая (МКПП)";"";"дизель";"1.6";"";"";"";"";"0";"0";"";"";"0";"20DP35";"Из Бельгии.  Гарантия на установку и проверку . ";"0";"0";"";"200";"USD";"";"";"";"";"";"https://d4.by/image/catalog/d4_img/1772409600/1772454499021_17724544935268084322488100161080.jpg,https://d4.by/image/catalog/d4_img/1772409600/1772454507745_17724544997546735808655652262792.jpg,https://d4.by/image/catalog/d4_img/1772409600/1772454516480_17724545086165409925409889028878.jpg,https://d4.by/image/catalog/d4_img/1772409600/1772454523399_17724545173704537779784917254101.jpg"
"380473";"Renault";"Megane";"2004";"КПП механическая (МКПП)";"";"бензин";"1.6";"";"";"";"";"0";"0";"";"";"0";"JR5103";"Из Бельгии.  Гарантия на установку и проверку ";"0";"0";"";"300";"USD";"";"";"";"";"";"https://d4.by/image/catalog/d4_img/1772409600/1772462398009_17724623913883667514258447639807.jpg,https://d4.by/image/catalog/d4_img/1772409600/1772462410408_1772462398845429792480736259251.jpg,https://d4.by/image/catalog/d4_img/1772409600/1772462419301_17724624113103436441139338514549.jpg,https://d4.by/image/catalog/d4_img/1772409600/1772462427417_17724624206014717528822179555832.jpg"
"380483";"Renault";"Espace";"2007";"КПП механическая (МКПП)";"";"дизель";"2.0";"";"";"";"";"0";"0";"";"";"0";"Pk4005";"Из Бельгии.  Гарантия на установку и проверку . ";"0";"0";"";"65";"USD";"";"";"";"";"";"https://d4.by/image/catalog/d4_img/1772496000/1772520154570_17725201466725234150492354483571.jpg,https://d4.by/image/catalog/d4_img/1772496000/1772520164653_17725201553693144184009034652880.jpg,https://d4.by/image/catalog/d4_img/1772496000/1772520173468_17725201655322857092811059068297.jpg,https://d4.by/image/catalog/d4_img/1772496000/1772520180663_17725201744574126230122613259411.jpg"
"380499";"Volvo";"V40";"1999";"КПП механическая (МКПП)";"";"дизель";"1.9";"DTi";"";"";"";"0";"0";"";"";"0";"JC5225";"Из Бельгии.  Гарантия на установку и проверку ";"0";"0";"";"190";"USD";"";"";"";"";"";"https://d4.by/image/catalog/d4_img/1772496000/1772523211549_17725232048215091377181269213220.jpg,https://d4.by/image/catalog/d4_img/1772496000/1772523219050_17725232124954316228300418734195.jpg,https://d4.by/image/catalog/d4_img/1772496000/1772523230076_17725232215948258649923332977864.jpg,https://d4.by/image/catalog/d4_img/1772496000/1772523243200_17725232310497606732066363424860.jpg,https://d4.by/image/catalog/d4_img/1772496000/1772523259365_17725232457562262437261896127233.jpg"
"380512";"Renault";"Laguna";"2004";"КПП механическая (МКПП)";"";"дизель";"1.9";"DCi";"";"";"";"0";"0";"";"";"0";"pk6018";"Из Бельгии.  Без гарантии,  на запчасти,  попала вода  внутрь ";"0";"0";"";"65";"USD";"";"";"";"";"";"https://d4.by/image/catalog/d4_img/1772496000/1772524525423_17725245172762139250635218544269.jpg,https://d4.by/image/catalog/d4_img/1772496000/1772524531217_17725245261812516573722067663917.jpg,https://d4.by/image/catalog/d4_img/1772496000/1772524538903_17725245320264720474792135082502.jpg,https://d4.by/image/catalog/d4_img/1772496000/1772524548507_1772524539803862164904402216889.jpg"
"380530";"Audi";"A6";"1995";"КПП механическая (МКПП)";"";"дизель";"1.9";"TDi";"";"";"";"0";"0";"";"";"0";"CUT";"Из Бельгии.  Гарантия на установку и проверку ";"0";"0";"";"180";"USD";"";"";"";"";"";"https://d4.by/image/catalog/d4_img/1772496000/1772529691795_17725296842188206827641992314314.jpg,https://d4.by/image/catalog/d4_img/1772496000/1772529699691_17725296925424036035332633926119.jpg,https://d4.by/image/catalog/d4_img/1772496000/1772529705195_17725297006981562505532649411896.jpg,https://d4.by/image/catalog/d4_img/1772496000/1772529721409_17725297133353082277244462164251.jpg"
"380586";"Renault";"Laguna";"2004";"КПП механическая (МКПП)";"";"дизель";"1.9";"DCi";"";"";"";"0";"0";"";"";"0";"PK6018";"Из Бельгии.  Гарантия на установку и проверку. ";"0";"0";"";"180";"USD";"";"";"";"";"";"https://d4.by/image/catalog/d4_img/1772496000/1772540276292_17725402698915276594452624079549.jpg,https://d4.by/image/catalog/d4_img/1772496000/1772540284087_17725402772207378466304966696961.jpg,https://d4.by/image/catalog/d4_img/1772496000/1772540292439_17725402862973484524066466011058.jpg,https://d4.by/image/catalog/d4_img/1772496000/1772540303906_17725402935203810870702021714103.jpg"
"380627";"Dacia";"Logan";"2010";"КПП механическая (МКПП)";"";"дизель";"1.5";"DCi";"";"";"";"0";"0";"";"";"0";"JR5346";"Из Бельгии.  Гарантия на установку и проверку.  ";"0";"0";"";"140";"USD";"";"";"";"";"";"https://d4.by/image/catalog/d4_img/1772496000/1772545672259_17725456646483926249418637450459.jpg,https://d4.by/image/catalog/d4_img/1772496000/1772545678783_1772545673006855995057314962029.jpg,https://d4.by/image/catalog/d4_img/1772496000/1772545688245_17725456796391173088587510127010.jpg,https://d4.by/image/catalog/d4_img/1772496000/1772545694956_17725456892586124979402624553815.jpg,https://d4.by/image/catalog/d4_img/1772496000/1772545717870_1772545695776600974417877656971.jpg"
"381003_1";"Volkswagen";"Passat";"1999";"КПП механическая (МКПП)";"";"дизель";"1.9";"";"";"";"";"0";"0";"";"";"0";"DVS";"Из Бельгии.  Гарантия на установку и проверку .";"0";"0";"";"80";"USD";"";"";"";"";"";"https://d4.by/image/catalog/d4_img/1772668800/1772708406728_1772708400848130267554466112973.jpg,https://d4.by/image/catalog/d4_img/1772668800/1772708413120_17727084073712847726299784453375.jpg,https://d4.by/image/catalog/d4_img/1772668800/1772708420292_17727084138953860885509261631098.jpg,https://d4.by/image/catalog/d4_img/1772668800/1772708426044_17727084211881243804018759804048.jpg"
"381003_2";"Audi";"A6";"1999";"КПП механическая (МКПП)";"";"дизель";"1.9";"";"";"";"";"0";"0";"";"";"0";"DVS";"Из Бельгии.  Гарантия на установку и проверку .";"0";"0";"";"80";"USD";"";"";"";"";"";"https://d4.by/image/catalog/d4_img/1772668800/1772708406728_1772708400848130267554466112973.jpg,https://d4.by/image/catalog/d4_img/1772668800/1772708413120_17727084073712847726299784453375.jpg,https://d4.by/image/catalog/d4_img/1772668800/1772708420292_17727084138953860885509261631098.jpg,https://d4.by/image/catalog/d4_img/1772668800/1772708426044_17727084211881243804018759804048.jpg"
"381012_1";"Volkswagen";"Passat";"2002";"КПП механическая (МКПП)";"";"дизель";"1.9";"";"";"";"";"0";"0";"";"";"0";"GFL";"Из Бельгии.  Гарантия на установку и проверку . Без цилиндра сцепления ";"0";"0";"";"80";"USD";"";"";"";"";"";"https://d4.by/image/catalog/d4_img/1772668800/1772710311966_17727103061522054747164054258662.jpg,https://d4.by/image/catalog/d4_img/1772668800/1772710305205_17727102984775412395780381905284.jpg,https://d4.by/image/catalog/d4_img/1772668800/1772710297647_17727102891138105908169998486579.jpg,https://d4.by/image/catalog/d4_img/1772668800/1772710288161_17727102835535384853483475225919.jpg,https://d4.by/image/catalog/d4_img/1772668800/1772710282872_17727102762642957705895936115008.jpg"
"381012_2";"Audi";"A6";"2002";"КПП механическая (МКПП)";"";"дизель";"1.9";"";"";"";"";"0";"0";"";"";"0";"GFL";"Из Бельгии.  Гарантия на установку и проверку . Без цилиндра сцепления ";"0";"0";"";"80";"USD";"";"";"";"";"";"https://d4.by/image/catalog/d4_img/1772668800/1772710311966_17727103061522054747164054258662.jpg,https://d4.by/image/catalog/d4_img/1772668800/1772710305205_17727102984775412395780381905284.jpg,https://d4.by/image/catalog/d4_img/1772668800/1772710297647_17727102891138105908169998486579.jpg,https://d4.by/image/catalog/d4_img/1772668800/1772710288161_17727102835535384853483475225919.jpg,https://d4.by/image/catalog/d4_img/1772668800/1772710282872_17727102762642957705895936115008.jpg"
"381012_3";"Skoda";"Superb";"2002";"КПП механическая (МКПП)";"";"дизель";"1.9";"";"";"";"";"0";"0";"";"";"0";"GFL";"Из Бельгии.  Гарантия на установку и проверку . Без цилиндра сцепления ";"0";"0";"";"80";"USD";"";"";"";"";"";"https://d4.by/image/catalog/d4_img/1772668800/1772710311966_17727103061522054747164054258662.jpg,https://d4.by/image/catalog/d4_img/1772668800/1772710305205_17727102984775412395780381905284.jpg,https://d4.by/image/catalog/d4_img/1772668800/1772710297647_17727102891138105908169998486579.jpg,https://d4.by/image/catalog/d4_img/1772668800/1772710288161_17727102835535384853483475225919.jpg,https://d4.by/image/catalog/d4_img/1772668800/1772710282872_17727102762642957705895936115008.jpg"
"381247";"Renault";"Scenic RX4";"2001";"КПП механическая (МКПП)";"";"дизель";"1.9";"DCi";"";"";"";"0";"0";"";"";"0";"Jc7001";"Из Бельгии.  Гарантия на установку и проверку.  ";"0";"0";"";"480";"USD";"";"";"";"";"";"https://d4.by/image/catalog/d4_img/1772755200/1772799984246_17727999779109032514998310603374.jpg,https://d4.by/image/catalog/d4_img/1772755200/1772799989606_17727999850632605667109243652718.jpg,https://d4.by/image/catalog/d4_img/1772755200/1772799995610_17727999905273045600259026378261.jpg,https://d4.by/image/catalog/d4_img/1772755200/1772800004664_17727999965328731391078871037320.jpg"
"381283";"Renault";"Laguna";"2004";"КПП механическая (МКПП)";"";"дизель";"1.9";"";"";"";"";"0";"0";"";"";"0";"PK6382";"Из Бельгии.  Гарантия на установку и проверку.  Люфт кулисы ";"0";"0";"";"120";"USD";"";"";"";"";"";"https://d4.by/image/catalog/d4_img/1772755200/1772805770063_17728057607694315900663507914891.jpg,https://d4.by/image/catalog/d4_img/1772755200/1772805776646_17728057708445661954137871340574.jpg,https://d4.by/image/catalog/d4_img/1772755200/1772805782495_17728057774319096346555781995654.jpg,https://d4.by/image/catalog/d4_img/1772755200/1772805788637_17728057835742881284421021371093.jpg"
"381326_1";"Audi";"A4";"1998";"КПП механическая (МКПП)";"";"дизель";"1.9";"";"";"";"";"0";"0";"";"";"0";"DHF";"Из Бельгии.  Гарантия на установку и проверку ";"0";"0";"";"80";"USD";"";"";"";"";"";"https://d4.by/image/catalog/d4_img/1772841600/1772864175754_17728641689527545371489873052245.jpg,https://d4.by/image/catalog/d4_img/1772841600/1772864185459_17728641765342985342035161058074.jpg,https://d4.by/image/catalog/d4_img/1772841600/1772864191868_17728641864747177384164504375962.jpg,https://d4.by/image/catalog/d4_img/1772841600/1772864203094_17728641944941254312939240885518.jpg"
"381326_2";"Audi";"A6";"1998";"КПП механическая (МКПП)";"";"дизель";"1.9";"";"";"";"";"0";"0";"";"";"0";"DHF";"Из Бельгии.  Гарантия на установку и проверку ";"0";"0";"";"80";"USD";"";"";"";"";"";"https://d4.by/image/catalog/d4_img/1772841600/1772864175754_17728641689527545371489873052245.jpg,https://d4.by/image/catalog/d4_img/1772841600/1772864185459_17728641765342985342035161058074.jpg,https://d4.by/image/catalog/d4_img/1772841600/1772864191868_17728641864747177384164504375962.jpg,https://d4.by/image/catalog/d4_img/1772841600/1772864203094_17728641944941254312939240885518.jpg"
"381326_3";"Volkswagen";"Passat";"1998";"КПП механическая (МКПП)";"";"дизель";"1.9";"";"";"";"";"0";"0";"";"";"0";"DHF";"Из Бельгии.  Гарантия на установку и проверку ";"0";"0";"";"80";"USD";"";"";"";"";"";"https://d4.by/image/catalog/d4_img/1772841600/1772864175754_17728641689527545371489873052245.jpg,https://d4.by/image/catalog/d4_img/1772841600/1772864185459_17728641765342985342035161058074.jpg,https://d4.by/image/catalog/d4_img/1772841600/1772864191868_17728641864747177384164504375962.jpg,https://d4.by/image/catalog/d4_img/1772841600/1772864203094_17728641944941254312939240885518.jpg"
"381361_1";"Audi";"A4";"1998";"КПП механическая (МКПП)";"";"дизель";"1.9";"";"";"";"";"0";"0";"";"";"0";"EAB";"Из Бельгии.  Гарантия на установку и проверку .";"0";"0";"";"95";"USD";"";"";"";"";"";"https://d4.by/image/catalog/d4_img/1772841600/1772867683704_17728676757526738259693217865886.jpg,https://d4.by/image/catalog/d4_img/1772841600/1772867689988_17728676844436954956243520639765.jpg,https://d4.by/image/catalog/d4_img/1772841600/1772867696246_17728676909704729905158486173861.jpg,https://d4.by/image/catalog/d4_img/1772841600/1772867702764_17728676971558796047671225946988.jpg,https://d4.by/image/catalog/d4_img/1772841600/1772867711158_17728677035324230942757450219924.jpg"
"381361_2";"Audi";"A6";"1998";"КПП механическая (МКПП)";"";"дизель";"1.9";"";"";"";"";"0";"0";"";"";"0";"EAB";"Из Бельгии.  Гарантия на установку и проверку .";"0";"0";"";"95";"USD";"";"";"";"";"";"https://d4.by/image/catalog/d4_img/1772841600/1772867683704_17728676757526738259693217865886.jpg,https://d4.by/image/catalog/d4_img/1772841600/1772867689988_17728676844436954956243520639765.jpg,https://d4.by/image/catalog/d4_img/1772841600/1772867696246_17728676909704729905158486173861.jpg,https://d4.by/image/catalog/d4_img/1772841600/1772867702764_17728676971558796047671225946988.jpg,https://d4.by/image/catalog/d4_img/1772841600/1772867711158_17728677035324230942757450219924.jpg"
"381361_3";"Volkswagen";"Passat";"1998";"КПП механическая (МКПП)";"";"дизель";"1.9";"";"";"";"";"0";"0";"";"";"0";"EAB";"Из Бельгии.  Гарантия на установку и проверку .";"0";"0";"";"95";"USD";"";"";"";"";"";"https://d4.by/image/catalog/d4_img/1772841600/1772867683704_17728676757526738259693217865886.jpg,https://d4.by/image/catalog/d4_img/1772841600/1772867689988_17728676844436954956243520639765.jpg,https://d4.by/image/catalog/d4_img/1772841600/1772867696246_17728676909704729905158486173861.jpg,https://d4.by/image/catalog/d4_img/1772841600/1772867702764_17728676971558796047671225946988.jpg,https://d4.by/image/catalog/d4_img/1772841600/1772867711158_17728677035324230942757450219924.jpg"
"381447";"Volkswagen";"Golf";"2006";"КПП механическая (МКПП)";"";"дизель";"1.9";"";"";"";"";"0";"0";"";"";"0";"GQQ";"Из Бельгии. Гарантия на установку и проверку. ";"0";"0";"";"100";"USD";"";"";"";"";"";"https://d4.by/image/catalog/d4_img/1772841600/1772885514763_17728855060973261433579922098771.jpg,https://d4.by/image/catalog/d4_img/1772841600/1772885526134_1772885515602293437014910475018.jpg,https://d4.by/image/catalog/d4_img/1772841600/1772885533244_1772885527076853219100752388279.jpg,https://d4.by/image/catalog/d4_img/1772841600/1772885540547_17728855341102512275949189797625.jpg"
"381460";"Volkswagen";"Golf";"2002";"КПП механическая (МКПП)";"";"дизель";"1.9";"";"";"";"";"0";"0";"";"";"0";"EUH";"Из Бельгии. Гарантия на установку и проверку. ";"0";"0";"";"100";"USD";"";"";"";"";"";"https://d4.by/image/catalog/d4_img/1772841600/1772889764395_17728897569714332711325738361570.jpg,https://d4.by/image/catalog/d4_img/1772841600/1772889769718_17728897651027703120612416271677.jpg,https://d4.by/image/catalog/d4_img/1772841600/1772889778128_17728897705377915481940115251588.jpg,https://d4.by/image/catalog/d4_img/1772841600/1772889784849_17728897789442962318237251083705.jpg"
"381479_1";"Renault";"Master";"2002";"КПП механическая (МКПП)";"";"дизель";"2.2";"DCi";"";"";"";"0";"0";"";"";"0";"pf1aa009";"Из Бельгии. Гарантия на установку и проверку. ";"0";"0";"";"150";"USD";"";"";"";"";"";"https://d4.by/image/catalog/d4_img/1772841600/1772893992699_17728939872065404708058932942058.jpg,https://d4.by/image/catalog/d4_img/1772841600/1772893999156_17728939935255052223532228816058.jpg,https://d4.by/image/catalog/d4_img/1772841600/1772894006337_17728940000537373754801078910985.jpg,https://d4.by/image/catalog/d4_img/1772841600/1772894011684_17728940071097221398246891628722.jpg,https://d4.by/image/catalog/d4_img/1772841600/1772894020910_17728940124971904870356142857396.jpg"
"381479_2";"Opel";"Movano";"2002";"КПП механическая (МКПП)";"";"дизель";"2.2";"DCi";"";"";"";"0";"0";"";"";"0";"pf1aa009";"Из Бельгии. Гарантия на установку и проверку. ";"0";"0";"";"150";"USD";"";"";"";"";"";"https://d4.by/image/catalog/d4_img/1772841600/1772893992699_17728939872065404708058932942058.jpg,https://d4.by/image/catalog/d4_img/1772841600/1772893999156_17728939935255052223532228816058.jpg,https://d4.by/image/catalog/d4_img/1772841600/1772894006337_17728940000537373754801078910985.jpg,https://d4.by/image/catalog/d4_img/1772841600/1772894011684_17728940071097221398246891628722.jpg,https://d4.by/image/catalog/d4_img/1772841600/1772894020910_17728940124971904870356142857396.jpg"
"381635";"Volkswagen";"Golf";"2009";"КПП механическая (МКПП)";"";"дизель";"1.6";"";"";"";"";"0";"0";"";"";"0";"MDZ";"Из Бельгии.  Гарантия на установку и проверку,  ";"0";"0";"";"270";"USD";"";"";"";"";"";"https://d4.by/image/catalog/d4_img/1773014400/1773063642867_17730636352674846079712106162080.jpg,https://d4.by/image/catalog/d4_img/1773014400/1773063634169_1773063624810714053955247341540.jpg,https://d4.by/image/catalog/d4_img/1773014400/1773063623693_17730636146905029711302167731160.jpg,https://d4.by/image/catalog/d4_img/1773014400/1773063613665_17730636061661973444805873961897.jpg"
"381651";"Volkswagen";"Golf";"2006";"КПП механическая (МКПП)";"";"дизель";"1.9";"";"";"";"";"0";"0";"";"";"0";"GQQ";"Из Бельгии.  Гарантия на установку и проверку ";"0";"0";"";"100";"USD";"";"";"";"";"";"https://d4.by/image/catalog/d4_img/1773014400/1773065802654_1773065790552329659798542480047.jpg,https://d4.by/image/catalog/d4_img/1773014400/1773065808969_17730658033582256625447994914739.jpg,https://d4.by/image/catalog/d4_img/1773014400/1773065816156_17730658097606754170428340202727.jpg,https://d4.by/image/catalog/d4_img/1773014400/1773065824236_1773065817116573097571485164417.jpg,https://d4.by/image/catalog/d4_img/1773014400/1773065834561_17730658250233566986731564261501.jpg"
"382222";"Ford";"Focus";"2003";"КПП механическая (МКПП)";"";"дизель";"1.8";"TDDi";"";"";"";"0";"0";"";"";"0";"2s4r7002ma";"Гарантия на установку и проверку,  ";"0";"0";"";"40";"USD";"";"";"";"";"";"https://d4.by/image/catalog/d4_img/1773273600/1773318272003_17733182661415761370456670679631.jpg,https://d4.by/image/catalog/d4_img/1773273600/1773318277870_1773318272932183634680572252632.jpg,https://d4.by/image/catalog/d4_img/1773273600/1773318283563_17733182786945367520027200678695.jpg,https://d4.by/image/catalog/d4_img/1773273600/1773318290077_17733182844477786529901053761479.jpg,https://d4.by/image/catalog/d4_img/1773273600/1773318300908_17733182909558308774764237667409.jpg"
"382313";"Renault";"Espace";"1994";"КПП механическая (МКПП)";"";"бензин";"2.0";"";"";"";"";"0";"0";"";"";"0";"";"Гарантия на установку и проверку,  Номер не читается ";"0";"0";"";"110";"USD";"";"";"";"";"";"https://d4.by/image/catalog/d4_img/1773273600/1773326770792_17733267614727439233783838501200.jpg,https://d4.by/image/catalog/d4_img/1773273600/1773326779281_17733267715246970269857969428259.jpg,https://d4.by/image/catalog/d4_img/1773273600/1773326788297_17733267801102589691914807897092.jpg,https://d4.by/image/catalog/d4_img/1773273600/1773326796101_17733267892004339286113709794593.jpg,https://d4.by/image/catalog/d4_img/1773273600/1773326805332_1773326796997175370831825023971.jpg"
"382382";"Volkswagen";"Golf";"2006";"КПП механическая (МКПП)";"";"дизель";"1.9";"";"";"";"";"0";"0";"";"";"0";"JCR";"Из Бельгии.  Гарантия на установку и проверку.  ";"0";"0";"";"120";"USD";"";"";"";"";"";"https://d4.by/image/catalog/d4_img/1773360000/1773395312578_17733953075027852110906682592214.jpg,https://d4.by/image/catalog/d4_img/1773360000/1773395317999_17733953132364352593635705447375.jpg,https://d4.by/image/catalog/d4_img/1773360000/1773395324210_17733953188603973283771500753605.jpg,https://d4.by/image/catalog/d4_img/1773360000/1773395332619_17733953251657660440819090056683.jpg"
"382556";"Audi";"100";"1989";"КПП механическая (МКПП)";"";"дизель";"2.0";"";"";"";"";"0";"0";"";"";"0";"AMN";"Гарантия на установку и проверку . Без цилиндра сцепления,  без кулисы ";"0";"0";"";"100";"USD";"";"";"";"";"";"https://d4.by/image/catalog/d4_img/1773446400/1773488490708_17734884821525010849722066282137.jpg,https://d4.by/image/catalog/d4_img/1773446400/1773488514910_17734885087176295290464735052971.jpg,https://d4.by/image/catalog/d4_img/1773446400/1773488521217_17734885157784113312772292291117.jpg,https://d4.by/image/catalog/d4_img/1773446400/1773488529969_17734885220023904815094365844474.jpg"
"52252021";"Peugeot";"5008";"2010";"КПП роботизированная";"";"дизель";"1.6";"HDi";"";"";"";"";"";"";"";"";"20ds62";"Из Бельгии хорошее состояние реальный пробег 10км.  ";"0";"0";"";"364";"USD";"";"";"";"";"";"https://d4.by/image/catalog/i/hc/jn/f07cbb0c3c6a2fa56992a4d8b113c650.jpg"
"48894069";"Citroen";"Nemo";"2014";"КПП роботизированная";"";"дизель";"1.3";"JTD";"";"";"";"0";"0";"";"";"0";"55243725";"Из Бельгии, не большой пробег,    ";"0";"0";"";"468";"USD";"";"";"";"";"";"https://d4.by/image/catalog/i/jg/pa/f29fad21c26f0465701c01e25bd15386.jpg"
"46924390";"Renault";"Laguna";"2013";"КПП роботизированная";"";"дизель";"1.5";"DCi";"";"";"";"0";"0";"";"";"0";"DC4003";"Из Бельгии, не большой пробег , + сцепление";"0";"0";"";"1000";"USD";"";"";"";"";"";"https://d4.by/image/catalog/d4_img/1761868800/1761900155299_3828c680-da3a-4cd5-af2c-8bf3a1b0ee15.jpeg,https://d4.by/image/catalog/d4_img/1761868800/1761900155308_c4d6308a-c996-43cb-b3fb-e509b6672e8b.jpeg,https://d4.by/image/catalog/d4_img/1761868800/1761900155308_67ea1f21-ac41-43e6-bd3d-6f7debaf0f2a.jpeg,https://d4.by/image/catalog/d4_img/1761868800/1761900155308_d9398526-de1c-411a-9124-c3745055912f.jpeg,https://d4.by/image/catalog/d4_img/1761868800/1761900155307_5f259655-bce3-4bd5-8315-24f4836fe85b.jpeg"
"319850";"Citroen";"C4";"2011";"КПП роботизированная";"";"дизель";"1.6";"";"";"";"";"0";"0";"";"";"0";"20DS85";"Из Бельгии. Гарантия на установку и проверку. Без блока управления,. только мкпп(без навески) ";"0";"0";"";"100";"USD";"";"";"";"";"";"https://d4.by/image/catalog/d4_img/1722902400/1722937748590_17229377435985369183175437685130.jpg,https://d4.by/image/catalog/d4_img/1722902400/1722937742738_1722937735878624263594414042848.jpg,https://d4.by/image/catalog/d4_img/1722902400/1722937757845_17229377495032738065359996883754.jpg,https://d4.by/image/catalog/d4_img/1722902400/1722937771922_17229377665864998707743761253397.jpg,https://d4.by/image/catalog/d4_img/1722902400/1722937764818_17229377588667932247804102680382.jpg"
"42825702";"Citroen";"C5";"2010";"КПП роботизированная";"";"дизель";"1.6";"HDi";"";"";"";"0";"0";"";"";"0";"hl127";"из Бельгии, не большой пробег   ";"0";"0";"";"291";"USD";"";"";"";"";"";"https://d4.by/image/catalog/i/fn/jb/8c65ebc80d51e3263271c7cfe8a16500.jpg"
"197588";"Lada";"X-Ray";"2019";"КПП роботизированная";"";"бензин";"1.8";"";"Робот";"";"";"0";"0";"";"";"0";" 82701";"Пробег 20тыс.км,цена без актуатора выбора передач,без актуатора сцепления";"0";"0";"";"580";"USD";"";"";"";"";"";"https://d4.by/image/catalog/d4_img/1630972800/1631002925565_1631002918421763655552763165934.jpg,https://d4.by/image/catalog/d4_img/1630972800/1631002934676_16310029278448192964790667993757.jpg,https://d4.by/image/catalog/d4_img/1630972800/1631002916563_16310029087457220304293719009225.jpg"
"351586";"Citroen";"C4 Picasso";"2006";"КПП роботизированная";"";"дизель";"1.6";"";"";"";"";"0";"0";"";"";"0";"20DS18";"Из Бельгии. Гарантия на установку и проверку ";"0";"0";"";"200";"USD";"";"";"";"";"";"https://d4.by/image/catalog/d4_img/1750377600/1750424193047_17504241880833569774515182323416.jpg,https://d4.by/image/catalog/d4_img/1750377600/1750424173427_17504241681652742294021424476939.jpg,https://d4.by/image/catalog/d4_img/1750377600/1750424167280_17504241621882526103085687919367.jpg,https://d4.by/image/catalog/d4_img/1750377600/1750424154750_17504241497142569650242983977915.jpg,https://d4.by/image/catalog/d4_img/1750377600/1750424161218_17504241565635526832654195260870.jpg,https://d4.by/image/catalog/d4_img/1750377600/1750424186420_17504241750163138657902136394028.jpg"
"347448";"Opel";"Movano";"2008";"КПП роботизированная";"";"дизель";"2.5";"";"";"";"";"0";"0";"";"";"0";"Pa6351";"Из Бельгии. Гарантия на установку и проверку ";"0";"0";"";"450";"USD";"";"";"";"";"";"https://d4.by/image/catalog/d4_img/1745366400/1745392886738_17453928822524780231694549056057.jpg,https://d4.by/image/catalog/d4_img/1745366400/1745392881346_17453928736623432880826198526448.jpg,https://d4.by/image/catalog/d4_img/1745366400/1745392866910_17453928623742520642094253009132.jpg,https://d4.by/image/catalog/d4_img/1745366400/1745392872726_17453928677338923879802925279758.jpg,https://d4.by/image/catalog/d4_img/1745366400/1745392861484_17453928535797233143265931407636.jpg"
"360964";"Suzuki";"Swift";"2007";"КПП роботизированная";"";"бензин";"1.3";"";"";"";"";"0";"0";"";"";"0";"";"Из Бельгии. Гарантия на установку и проверку . Дефект одного датчика";"0";"0";"";"700";"USD";"";"";"";"";"";"https://d4.by/image/catalog/d4_img/1757289600/1757316383097_17573163761362060924429809768350.jpg,https://d4.by/image/catalog/d4_img/1757289600/1757316402048_17573163976791502543370033223463.jpg,https://d4.by/image/catalog/d4_img/1757289600/1757316407688_17573164029032313702124292859606.jpg,https://d4.by/image/catalog/d4_img/1757289600/1757316395905_1757316390953328472063911982948.jpg,https://d4.by/image/catalog/d4_img/1757289600/1757316390026_17573163839664387066051186165355.jpg,https://d4.by/image/catalog/d4_img/1757289600/1757316417469_17573164092681804675981696275185.jpg"