{"product_id":194180,"nameStatic":"\u041f\u043e\u0434\u0443\u0448\u043a\u0430 \u0431\u0435\u0437\u043e\u043f\u0430\u0441\u043d\u043e\u0441\u0442\u0438 \u0432\u043e\u0434\u0438\u0442\u0435\u043b\u044f \u043a Opel Agila, 2009\u0433.","timestamp":1773785522}
{"product_id":212724,"nameStatic":"\u0429\u0435\u0442\u043a\u043e\u0434\u0435\u0440\u0436\u0430\u0442\u0435\u043b\u044c (\u043f\u043e\u0432\u043e\u0434\u043e\u043a \u0441\u0442\u0435\u043a\u043b\u043e\u043e\u0447\u0438\u0441\u0442\u0438\u0442\u0435\u043b\u044f, \u0434\u0432\u043e\u0440\u043d\u0438\u043a) \u043a BMW 7 E65\/E66, 2007\u0433.","timestamp":1773786296}
{"product_id":216545,"nameStatic":"\u0421\u0442\u0435\u043a\u043b\u043e\u043f\u043e\u0434\u044a\u0435\u043c\u043d\u0438\u043a \u044d\u043b\u0435\u043a\u0442\u0440\u0438\u0447\u0435\u0441\u043a\u0438\u0439 \u043f\u0435\u0440\u0435\u0434\u043d\u0438\u0439 \u043b\u0435\u0432\u044b\u0439 \u043a Great-Wall Hover H3, 2011\u0433.","timestamp":1773786720}
{"product_id":160752,"nameStatic":"\u041c\u0430\u0445\u043e\u0432\u0438\u043a \u0410\u041a\u041f\u041f (\u0434\u0440\u0430\u0439\u0432 \u043f\u043b\u0430\u0442\u0430) \u043a Toyota Camry, 2008\u0433.","timestamp":1773786780}
{"product_id":194461,"nameStatic":"\u0428\u043b\u0435\u0439\u0444 \u0440\u0443\u043b\u044f \u043a Opel Agila, 2009\u0433.","timestamp":1773786841}
{"product_id":320863,"nameStatic":"\u0428\u043b\u0435\u0439\u0444 \u0440\u0443\u043b\u044f \u043a Kia Ceed, 2006\u0433.","timestamp":1773786958}
{"product_id":111983,"nameStatic":"\u041f\u043e\u043b\u0443\u043e\u0441\u044c \u043f\u0435\u0440\u0435\u0434\u043d\u044f\u044f \u043f\u0440\u0430\u0432\u0430\u044f (\u043f\u0440\u0438\u0432\u043e\u0434\u043d\u043e\u0439 \u0432\u0430\u043b, \u0428\u0420\u0423\u0421) \u043a Citroen Xsara Picasso, 2006\u0433.","timestamp":1773786965}
{"product_id":153181,"nameStatic":"\u0417\u0430\u0449\u0438\u0442\u0430 (\u043a\u043e\u0436\u0443\u0445) \u0440\u0435\u043c\u043d\u044f \u0413\u0420\u041c \u043a Peugeot 306, 2000\u0433.","timestamp":1773786966}
{"product_id":376523,"nameStatic":"\u0421\u0442\u0443\u043f\u0438\u0446\u0430 \u0437\u0430\u0434\u043d\u044f\u044f \u043f\u0440\u0430\u0432\u0430\u044f \u043a Opel Vivaro, 2004\u0433.","timestamp":1773787022}
{"product_id":242479,"nameStatic":"\u0417\u0435\u0440\u043a\u0430\u043b\u043e \u043d\u0430\u0440\u0443\u0436\u043d\u043e\u0435 \u043f\u0440\u0430\u0432\u043e\u0435 \u043a Mitsubishi Space Star, 2001\u0433.","timestamp":1773787024}
{"product_id":173132,"nameStatic":"\u0412\u0435\u043d\u0442\u0438\u043b\u044f\u0442\u043e\u0440 \u0440\u0430\u0434\u0438\u0430\u0442\u043e\u0440\u0430 \u043a Mercedes E W210, 1996\u0433.","timestamp":1773787082}
{"product_id":191809,"nameStatic":"\u0421\u0443\u043f\u043f\u043e\u0440\u0442 \u043f\u0435\u0440\u0435\u0434\u043d\u0438\u0439 \u043f\u0440\u0430\u0432\u044b\u0439 \u043a Honda Accord, 1995\u0433.","timestamp":1773787084}
{"product_id":156835,"nameStatic":"\u0420\u0430\u0434\u0438\u0430\u0442\u043e\u0440 EGR \u043a Suzuki Grand Vitara, 2005\u0433.","timestamp":1773787086}
{"product_id":181074,"nameStatic":"\u0421\u0443\u043f\u043f\u043e\u0440\u0442 \u043f\u0435\u0440\u0435\u0434\u043d\u0438\u0439 \u043f\u0440\u0430\u0432\u044b\u0439 \u043a Citroen Jumpy, 2008\u0433.","timestamp":1773787149}
{"product_id":97742,"nameStatic":"\u041f\u0435\u0434\u0430\u043b\u044c \u0433\u0430\u0437\u0430 \u043a Peugeot 308, 2007\u0433.","timestamp":1773787150}
{"product_id":97313,"nameStatic":"\u041d\u0430\u0441\u043e\u0441 \u0442\u043e\u043f\u043b\u0438\u0432\u043d\u044b\u0439 \u043a Skoda Fabia, 2003\u0433.","timestamp":1773787152}
{"product_id":343026,"nameStatic":"\u0424\u043e\u0440\u0441\u0443\u043d\u043a\u0430 \u043a Lada Granta, 2013\u0433.","timestamp":1773787208}
{"product_id":128353,"nameStatic":"\u0411\u043b\u043e\u043a \u0443\u043f\u0440\u0430\u0432\u043b\u0435\u043d\u0438\u044f \u0441\u0442\u0435\u043a\u043b\u043e\u043f\u043e\u0434\u044a\u0435\u043c\u043d\u0438\u043a\u0430\u043c\u0438 \u043a Citroen Xsara, 1997\u0433.","timestamp":1773787210}
{"product_id":168525,"nameStatic":"\u0420\u0435\u043c\u0435\u043d\u044c \u0431\u0435\u0437\u043e\u043f\u0430\u0441\u043d\u043e\u0441\u0442\u0438 \u043f\u0435\u0440\u0435\u0434\u043d\u0438\u0439 \u043f\u0440\u0430\u0432\u044b\u0439 \u043a Mini One, 2011\u0433.","timestamp":1773787214}
{"product_id":331137,"nameStatic":"\u0417\u0430\u0441\u043b\u043e\u043d\u043a\u0430 \u0434\u0440\u043e\u0441\u0441\u0435\u043b\u044c\u043d\u0430\u044f \u043a Chrysler 300M, 2001\u0433.","timestamp":1773787267}
{"product_id":203509,"nameStatic":"\u041f\u0430\u0442\u0440\u0443\u0431\u043e\u043a \u043e\u0442\u043e\u043f\u0438\u0442\u0435\u043b\u044f (\u043f\u0435\u0447\u043a\u0438) \u043a BMW X5 E70, 2010\u0433.","timestamp":1773787271}
{"product_id":343676,"nameStatic":"\u0429\u0438\u0442\u043e\u043a \u043f\u0440\u0438\u0431\u043e\u0440\u043e\u0432 (\u043f\u0440\u0438\u0431\u043e\u0440\u043d\u0430\u044f \u043f\u0430\u043d\u0435\u043b\u044c) \u043a Chrysler 300C, 2005\u0433.","timestamp":1773787327}
{"product_id":318317,"nameStatic":"\u0414\u0436\u043e\u0439\u0441\u0442\u0438\u043a \u0440\u0435\u0433\u0443\u043b\u0438\u0440\u043e\u0432\u043a\u0438 \u0437\u0435\u0440\u043a\u0430\u043b \u043a Audi A6, 2006\u0433.","timestamp":1773787330}
{"product_id":163034,"nameStatic":"\u041c\u043e\u043d\u0438\u0442\u043e\u0440 \u043a Opel Vectra, 2007\u0433.","timestamp":1773787331}
{"product_id":161289,"nameStatic":"\u0422\u0435\u043f\u043b\u043e\u043e\u0431\u043c\u0435\u043d\u043d\u0438\u043a \u043c\u0430\u0441\u043b\u044f\u043d\u043e\u0433\u043e \u0444\u0438\u043b\u044c\u0442\u0440\u0430 \u043a SsangYong Actyon, 2006\u0433.","timestamp":1773787389}
{"product_id":201313,"nameStatic":"\u041c\u043e\u043b\u0434\u0438\u043d\u0433 \u0441\u0442\u0435\u043a\u043b\u0430 \u043b\u043e\u0431\u043e\u0432\u043e\u0433\u043e \u043a Nissan Almera Classic, 2006\u0433.","timestamp":1773787391}
{"product_id":361896,"nameStatic":"\u041e\u043f\u043e\u0440\u0430 \u0430\u043c\u043e\u0440\u0442\u0438\u0437\u0430\u0442\u043e\u0440\u0430 \u0432\u0435\u0440\u0445\u043d\u044f\u044f (\u0447\u0430\u0448\u043a\u0430) \u043a Ford C-Max, 2014\u0433.","timestamp":1773787452}
{"product_id":241652,"nameStatic":"\u0411\u043b\u043e\u043a \u0443\u043f\u0440\u0430\u0432\u043b\u0435\u043d\u0438\u044f \u0441\u0442\u0435\u043a\u043b\u043e\u043f\u043e\u0434\u044a\u0435\u043c\u043d\u0438\u043a\u0430\u043c\u0438 \u043a Ford C-Max, 2005\u0433.","timestamp":1773787454}
{"product_id":154088,"nameStatic":"\u041b\u044e\u0447\u043e\u043a \u0442\u043e\u043f\u043b\u0438\u0432\u043d\u043e\u0433\u043e \u0431\u0430\u043a\u0430 \u043a Hyundai Veloster, 2010\u0433.","timestamp":1773787458}
{"product_id":330492,"nameStatic":"\u0417\u0430\u0441\u043b\u043e\u043d\u043a\u0430 \u0434\u0440\u043e\u0441\u0441\u0435\u043b\u044c\u043d\u0430\u044f \u043a Renault Safrane, 1994\u0433.","timestamp":1773787517}
{"product_id":209407,"nameStatic":"\u0417\u0430\u043c\u043e\u043a \u0434\u0432\u0435\u0440\u0438 \u0437\u0430\u0434\u043d\u0435\u0439 \u043b\u0435\u0432\u043e\u0439 \u043a Hyundai XG, 2001\u0433.","timestamp":1773787517}
{"product_id":244403,"nameStatic":"\u0421\u0442\u043e\u0439\u043a\u0430 \u043a\u0443\u0437\u043e\u0432\u043d\u0430\u044f \u0446\u0435\u043d\u0442\u0440\u0430\u043b\u044c\u043d\u0430\u044f \u043f\u0440\u0430\u0432\u0430\u044f \u043a Citroen C4, 2013\u0433.","timestamp":1773787521}
{"product_id":95104,"nameStatic":"\u0424\u0430\u0440\u0430 \u043b\u0435\u0432\u0430\u044f \u043a Renault Scenic, 2006\u0433.","timestamp":1773787575}
{"product_id":117434,"nameStatic":"\u041d\u0430\u0441\u043e\u0441 \u0432\u0430\u043a\u0443\u0443\u043c\u043d\u044b\u0439 \u043a Mazda Premacy, 2002\u0433.","timestamp":1773787576}
{"product_id":328662,"nameStatic":"\u041f\u043e\u0440\u0448\u0435\u043d\u044c \u043a Audi Q7, 2015\u0433.","timestamp":1773787577}
{"product_id":86742,"nameStatic":"\u0414\u0432\u0435\u0440\u044c \u043f\u0435\u0440\u0435\u0434\u043d\u044f\u044f \u043f\u0440\u0430\u0432\u0430\u044f \u043a Suzuki Grand Vitara, 2003\u0433.","timestamp":1773787636}
{"product_id":333015,"nameStatic":"\u041a\u043e\u043c\u043f\u0440\u0435\u0441\u0441\u043e\u0440 \u043f\u043d\u0435\u0432\u043c\u043e\u043f\u043e\u0434\u0432\u0435\u0441\u043a\u0438 \u043a Land-Rover Range Rover, 2023\u0433.","timestamp":1773787636}
{"product_id":331330,"nameStatic":"\u0414\u0430\u0442\u0447\u0438\u043a \u0430\u0431\u0441\u043e\u043b\u044e\u0442\u043d\u043e\u0433\u043e \u0434\u0430\u0432\u043b\u0435\u043d\u0438\u044f \u043a Ford C-Max, 2006\u0433.","timestamp":1773787637}
{"product_id":334763,"nameStatic":"\u041a\u0430\u0440\u0431\u044e\u0440\u0430\u0442\u043e\u0440 \u043a \u0413\u0430\u0437 \u0413\u0430\u0437\u0435\u043b\u044c, 2005\u0433.","timestamp":1773787638}
{"product_id":357559,"nameStatic":"\u041f\u0435\u0440\u0435\u043a\u043b\u044e\u0447\u0430\u0442\u0435\u043b\u044c \u0441\u0432\u0435\u0442\u0430 \u043a Audi A4, 2006\u0433.","timestamp":1773787761}
{"product_id":360298,"nameStatic":"\u041d\u0430\u0441\u043e\u0441 \u0432\u0430\u043a\u0443\u0443\u043c\u043d\u044b\u0439 \u043a Ford Mondeo, 2007\u0433.","timestamp":1773787825}
{"product_id":211039,"nameStatic":"\u041f\u0435\u0442\u043b\u044f \u043a\u0430\u043f\u043e\u0442\u0430 \u043f\u0440\u0430\u0432\u0430\u044f \u043a Hyundai H1, 2010\u0433.","timestamp":1773787828}
{"product_id":376049,"nameStatic":"\u041c\u0435\u0445\u0430\u043d\u0438\u0437\u043c \u0441\u0442\u0435\u043a\u043b\u043e\u043e\u0447\u0438\u0441\u0442\u0438\u0442\u0435\u043b\u044f (\u0442\u0440\u0430\u043f\u0435\u0446\u0438\u044f \u0434\u0432\u043e\u0440\u043d\u0438\u043a\u043e\u0432) \u043a Audi A4, 2021\u0433.","timestamp":1773788077}
{"product_id":309353,"nameStatic":"\u0421\u0442\u0430\u0440\u0442\u0435\u0440 \u043a Chery Tiggo, 2008\u0433.","timestamp":1773788133}
{"product_id":275503,"nameStatic":"\u0421\u0443\u043f\u043f\u043e\u0440\u0442 \u0437\u0430\u0434\u043d\u0438\u0439 \u043b\u0435\u0432\u044b\u0439 \u043a Daewoo Evanda, 2006\u0433.","timestamp":1773789176}
{"product_id":342661,"nameStatic":"\u0429\u0438\u0442\u043e\u043a \u043f\u0440\u0438\u0431\u043e\u0440\u043e\u0432 (\u043f\u0440\u0438\u0431\u043e\u0440\u043d\u0430\u044f \u043f\u0430\u043d\u0435\u043b\u044c) \u043a Fiat Grande Punto, 2009\u0433.","timestamp":1773789211}
{"product_id":330882,"nameStatic":"\u0414\u0438\u0441\u043a \u0442\u043e\u0440\u043c\u043e\u0437\u043d\u043e\u0439 \u043f\u0435\u0440\u0435\u0434\u043d\u0438\u0439 \u043a Toyota Corolla, 2005\u0433.","timestamp":1773789300}
{"product_id":257421,"nameStatic":"\u0411\u043b\u043e\u043a ABS \u043a Nissan Almera, 2002\u0433.","timestamp":1773790224}
{"product_id":123345,"nameStatic":"\u0420\u0435\u0434\u0443\u043a\u0442\u043e\u0440 \u0440\u0443\u043b\u0435\u0432\u043e\u0439 \u043a Mercedes C W202, 1997\u0433.","timestamp":1773790227}
{"product_id":94717,"nameStatic":"\u0420\u044b\u0447\u0430\u0433 \u0437\u0430\u0434\u043d\u0438\u0439 \u043f\u0440\u0430\u0432\u044b\u0439 \u043a Opel Vectra, 2003\u0433.","timestamp":1773790289}
{"product_id":152157,"nameStatic":"\u041a\u043e\u043c\u043f\u043b\u0435\u043a\u0442 \u0441\u0446\u0435\u043f\u043b\u0435\u043d\u0438\u044f \u043a Kia Venga, 2011\u0433.","timestamp":1773790411}
{"product_id":169367,"nameStatic":"\u041f\u0435\u0442\u043b\u044f \u0434\u0432\u0435\u0440\u0438 \u0437\u0430\u0434\u043d\u0435\u0439 \u043b\u0435\u0432\u043e\u0439 \u043a Geely MK Cross, 2009\u0433.","timestamp":1773790413}
{"product_id":226534,"nameStatic":"\u0429\u0435\u0442\u043a\u043e\u0434\u0435\u0440\u0436\u0430\u0442\u0435\u043b\u044c \u0437\u0430\u0434\u043d\u0438\u0439 \u043a Toyota Previa, 1998\u0433.","timestamp":1773790468}
{"product_id":105425,"nameStatic":"\u0421\u0443\u043f\u043f\u043e\u0440\u0442 \u043f\u0435\u0440\u0435\u0434\u043d\u0438\u0439 \u043b\u0435\u0432\u044b\u0439 \u043a Suzuki Baleno, 1998\u0433.","timestamp":1773790470}
{"product_id":312054,"nameStatic":"\u041a\u0440\u044b\u043b\u043e \u043f\u0435\u0440\u0435\u0434\u043d\u0435\u0435 \u043f\u0440\u0430\u0432\u043e\u0435 \u043a Kia Ceed, 2011\u0433.","timestamp":1773790532}
{"product_id":293776,"nameStatic":"\u0411\u043b\u043e\u043a \u0443\u043f\u0440\u0430\u0432\u043b\u0435\u043d\u0438\u044f \u0434\u0432\u0438\u0433\u0430\u0442\u0435\u043b\u0435\u043c \u043a BMW 3 E90\/E91\/E92\/E93, 2006\u0433.","timestamp":1773790589}
{"product_id":277860,"nameStatic":"\u0421\u0442\u0435\u043a\u043b\u043e\u043f\u043e\u0434\u044a\u0435\u043c\u043d\u0438\u043a \u044d\u043b\u0435\u043a\u0442\u0440\u0438\u0447\u0435\u0441\u043a\u0438\u0439 \u043f\u0435\u0440\u0435\u0434\u043d\u0438\u0439 \u043f\u0440\u0430\u0432\u044b\u0439 \u043a Fiat Fiorino, 2008\u0433.","timestamp":1773790590}
{"product_id":162670,"nameStatic":"\u0420\u0443\u043b\u044c \u043a Chevrolet Matiz, 2003\u0433.","timestamp":1773790591}
{"product_id":323114,"nameStatic":"\u0428\u043a\u0438\u0432 \u043a\u043e\u043b\u0435\u043d\u0432\u0430\u043b\u0430 \u043a Jeep Grand Cherokee, 2001\u0433.","timestamp":1773790593}
{"product_id":292498,"nameStatic":"\u041e\u0431\u0448\u0438\u0432\u043a\u0430 \u0434\u0432\u0435\u0440\u0438 \u0437\u0430\u0434\u043d\u0435\u0439 \u043f\u0440\u0430\u0432\u043e\u0439 (\u0434\u0432\u0435\u0440\u043d\u0430\u044f \u043a\u0430\u0440\u0442\u0430) \u043a Lancia Thesis, 2005\u0433.","timestamp":1773790653}
{"product_id":94000,"nameStatic":"\u041f\u043e\u0434\u0443\u0448\u043a\u0430 \u0431\u0435\u0437\u043e\u043f\u0430\u0441\u043d\u043e\u0441\u0442\u0438 \u0432\u043e\u0434\u0438\u0442\u0435\u043b\u044f \u043a Audi A6, 1999\u0433.","timestamp":1773790655}
{"product_id":197777,"nameStatic":"\u0411\u043b\u043e\u043a \u0443\u043f\u0440\u0430\u0432\u043b\u0435\u043d\u0438\u044f (\u0434\u0440\u0443\u0433\u0438\u0435) \u043a Geely SC7, 2013\u0433.","timestamp":1773790780}
{"product_id":227748,"nameStatic":"\u0417\u0430\u043c\u043e\u043a \u0434\u0432\u0435\u0440\u0438 \u043f\u0435\u0440\u0435\u0434\u043d\u0435\u0439 \u043b\u0435\u0432\u043e\u0439 \u043a BMW 7 E38, 1996\u0433.","timestamp":1773790897}
{"product_id":156747,"nameStatic":"\u041c\u043e\u0442\u043e\u0440\u0447\u0438\u043a \u043f\u0435\u0447\u043a\u0438 \u043a Nissan Terrano, 2004\u0433.","timestamp":1773790899}
{"product_id":210509,"nameStatic":"\u041c\u0430\u0445\u043e\u0432\u0438\u043a \u0410\u041a\u041f\u041f (\u0434\u0440\u0430\u0439\u0432 \u043f\u043b\u0430\u0442\u0430) \u043a Citroen C5, 2003\u0433.","timestamp":1773790900}
{"product_id":105463,"nameStatic":"\u041a\u0430\u0442\u0443\u0448\u043a\u0430 \u0437\u0430\u0436\u0438\u0433\u0430\u043d\u0438\u044f \u043a Hyundai i40, 2016\u0433.","timestamp":1773790900}
{"product_id":170866,"nameStatic":"\u0420\u0435\u0441\u0438\u0432\u0435\u0440 \u0432\u043e\u0437\u0434\u0443\u0448\u043d\u044b\u0439 \u043a Peugeot 206, 2001\u0433.","timestamp":1773791079}
{"product_id":242756,"nameStatic":"\u041f\u043e\u0440\u043e\u0433 \u043b\u0435\u0432\u044b\u0439 \u043a Geely SC7, 2013\u0433.","timestamp":1773791082}
{"product_id":360848,"nameStatic":"\u041f\u0435\u0440\u0435\u043a\u043b\u044e\u0447\u0430\u0442\u0435\u043b\u044c \u0441\u0432\u0435\u0442\u0430 \u043a Renault Espace, 2000\u0433.","timestamp":1773791082}
{"product_id":275403,"nameStatic":"\u0421\u0442\u0435\u043a\u043b\u043e \u0434\u0432\u0435\u0440\u0438 \u0441\u0434\u0432\u0438\u0436\u043d\u043e\u0439 \u043a Ford C-Max, 2010\u0433.","timestamp":1773791149}
{"product_id":91247,"nameStatic":"\u0424\u043e\u043d\u0430\u0440\u044c \u0437\u0430\u0434\u043d\u0438\u0439 \u043b\u0435\u0432\u044b\u0439 \u043a Seat Altea, 2005\u0433.","timestamp":1773791271}
{"product_id":365228,"nameStatic":"\u0411\u043b\u043e\u043a \u0443\u043f\u0440\u0430\u0432\u043b\u0435\u043d\u0438\u044f \u0434\u0432\u0438\u0433\u0430\u0442\u0435\u043b\u0435\u043c \u043a Volkswagen Golf, 2010\u0433.","timestamp":1773791658}
{"product_id":112921,"nameStatic":"\u0428\u0442\u043e\u0440\u043a\u0430 \u0431\u0430\u0433\u0430\u0436\u043d\u0438\u043a\u0430 \u043a Mitsubishi Lancer, 2004\u0433.","timestamp":1773793722}
{"product_id":238811,"nameStatic":"\u041a\u043d\u043e\u043f\u043a\u0430 \u0441\u0442\u0435\u043a\u043b\u043e\u043f\u043e\u0434\u044a\u0435\u043c\u043d\u0438\u043a\u0430 \u043f\u0435\u0440\u0435\u0434\u043d\u0435\u0433\u043e \u043f\u0440\u0430\u0432\u043e\u0433\u043e \u043a Hyundai Sonata, 2000\u0433.","timestamp":1773793787}
{"product_id":232633,"nameStatic":"\u041f\u0430\u0440\u043a\u0442\u0440\u043e\u043d\u0438\u043a \u0437\u0430\u0434\u043d\u0438\u0439 \u043a Seat Leon, 2010\u0433.","timestamp":1773793908}
{"product_id":95919,"nameStatic":"\u0420\u0443\u043b\u0435\u0432\u043e\u0439 \u043a\u0430\u0440\u0434\u0430\u043d\u0447\u0438\u043a \u043a Skoda Fabia, 2000\u0433.","timestamp":1773793962}
{"product_id":241485,"nameStatic":"\u0412\u0435\u043d\u0442\u0438\u043b\u044f\u0442\u043e\u0440 \u0440\u0430\u0434\u0438\u0430\u0442\u043e\u0440\u0430 \u043a Fiat Tempra, 1996\u0433.","timestamp":1773793965}
{"product_id":160147,"nameStatic":"\u041f\u0435\u0434\u0430\u043b\u044c \u0433\u0430\u0437\u0430 \u043a Mercedes A W169, 2003\u0433.","timestamp":1773794024}
{"product_id":253405,"nameStatic":"\u0417\u0430\u043c\u043e\u043a \u0434\u0432\u0435\u0440\u0438 \u043f\u0435\u0440\u0435\u0434\u043d\u0435\u0439 \u043f\u0440\u0430\u0432\u043e\u0439 \u043a Citroen ZX, 1996\u0433.","timestamp":1773794026}
{"product_id":338438,"nameStatic":"\u0424\u043e\u0440\u0441\u0443\u043d\u043a\u0430 \u043a Honda Civic, 2004\u0433.","timestamp":1773794089}
{"product_id":177145,"nameStatic":"\u0421\u0442\u0435\u043a\u043b\u043e \u0434\u0432\u0435\u0440\u0438 \u043f\u0435\u0440\u0435\u0434\u043d\u0435\u0439 \u043f\u0440\u0430\u0432\u043e\u0439 \u043a DAF LF, 2007\u0433.","timestamp":1773794147}
{"product_id":323377,"nameStatic":"\u041f\u0440\u0443\u0436\u0438\u043d\u0430 \u043f\u0435\u0440\u0435\u0434\u043d\u044f\u044f \u043a Toyota RAV4, 2002\u0433.","timestamp":1773794149}
{"product_id":355896,"nameStatic":"\u041f\u0440\u0443\u0436\u0438\u043d\u0430 \u0437\u0430\u0434\u043d\u044f\u044f \u043a Mercedes Vito W639, 2006\u0433.","timestamp":1773794168}
{"product_id":106938,"nameStatic":"\u0411\u0430\u043c\u043f\u0435\u0440 \u0437\u0430\u0434\u043d\u0438\u0439 \u043a Chevrolet Matiz, 2006\u0433.","timestamp":1773794211}
{"product_id":233844,"nameStatic":"\u041a\u043e\u0440\u043f\u0443\u0441 \u0442\u043e\u043f\u043b\u0438\u0432\u043d\u043e\u0433\u043e \u0444\u0438\u043b\u044c\u0442\u0440\u0430 \u043a Citroen C4 Picasso, 2008\u0433.","timestamp":1773794213}
{"product_id":138461,"nameStatic":"\u041c\u043e\u0442\u043e\u0440\u0447\u0438\u043a \u043f\u0435\u0447\u043a\u0438 \u043a Hyundai H1, 2008\u0433.","timestamp":1773794277}
{"product_id":348191,"nameStatic":"\u0417\u0430\u043c\u043e\u043a \u0434\u0432\u0435\u0440\u0438 \u043f\u0435\u0440\u0435\u0434\u043d\u0435\u0439 \u043f\u0440\u0430\u0432\u043e\u0439 \u043a Geely Emgrand EC7, 2012\u0433.","timestamp":1773794330}
{"product_id":368833,"nameStatic":"\u041f\u0430\u0442\u0440\u0443\u0431\u043e\u043a \u0438\u043d\u0442\u0435\u0440\u043a\u0443\u043b\u0435\u0440\u0430 \u043a Mercedes Vito W639, 2008\u0433.","timestamp":1773794339}
{"product_id":357656,"nameStatic":"\u041f\u043b\u0430\u0441\u0442\u0438\u043a \u0431\u0430\u0433\u0430\u0436\u043d\u0438\u043a\u0430 \u043a Volkswagen Caddy, 2014\u0433.","timestamp":1773794396}
{"product_id":255140,"nameStatic":"\u0411\u043b\u043e\u043a \u0441\u0447\u0438\u0442\u044b\u0432\u0430\u043d\u0438\u044f \u043a\u043b\u044e\u0447-\u043a\u0430\u0440\u0442\u044b \u043a Renault Megane, 2003\u0433.","timestamp":1773794397}
{"product_id":105647,"nameStatic":"\u0429\u0435\u0442\u043a\u043e\u0434\u0435\u0440\u0436\u0430\u0442\u0435\u043b\u044c \u0437\u0430\u0434\u043d\u0438\u0439 \u043a Volkswagen Sharan, 1998\u0433.","timestamp":1773794456}
{"product_id":191418,"nameStatic":"\u041c\u0435\u0445\u0430\u043d\u0438\u0437\u043c \u0441\u0442\u0435\u043a\u043b\u043e\u043e\u0447\u0438\u0441\u0442\u0438\u0442\u0435\u043b\u044f (\u0442\u0440\u0430\u043f\u0435\u0446\u0438\u044f \u0434\u0432\u043e\u0440\u043d\u0438\u043a\u043e\u0432) \u043a Chevrolet Matiz, 2006\u0433.","timestamp":1773794587}
{"product_id":174541,"nameStatic":"\u0414\u0435\u043a\u043e\u0440\u0430\u0442\u0438\u0432\u043d\u0430\u044f \u043a\u0440\u044b\u0448\u043a\u0430 \u0434\u0432\u0438\u0433\u0430\u0442\u0435\u043b\u044f \u043a Volvo V70, 2000\u0433.","timestamp":1773794648}
{"product_id":245669,"nameStatic":"\u0411\u043b\u043e\u043a \u0443\u043f\u0440\u0430\u0432\u043b\u0435\u043d\u0438\u044f \u0434\u0432\u0438\u0433\u0430\u0442\u0435\u043b\u0435\u043c \u043a Ford Courier, 1998\u0433.","timestamp":1773794654}
{"product_id":368078,"nameStatic":"\u041a\u043d\u043e\u043f\u043a\u0430 \u0430\u0432\u0430\u0440\u0438\u0439\u043d\u043e\u0439 \u0441\u0438\u0433\u043d\u0430\u043b\u0438\u0437\u0430\u0446\u0438\u0438 \u043a Lada Granta, 2016\u0433.","timestamp":1773794710}
{"product_id":354319,"nameStatic":"\u0424\u043e\u0440\u0441\u0443\u043d\u043a\u0430 \u043a LDV Maxus, 2006\u0433.","timestamp":1773794716}
{"product_id":130608,"nameStatic":"\u041c\u043e\u0442\u043e\u0440\u0447\u0438\u043a \u0441\u0442\u0435\u043a\u043b\u043e\u043f\u043e\u0434\u044a\u0435\u043c\u043d\u0438\u043a\u0430 \u0437\u0430\u0434\u043d\u0438\u0439 \u043f\u0440\u0430\u0432\u044b\u0439 \u043a Volkswagen Sharan, 1999\u0433.","timestamp":1773794716}
{"product_id":322671,"nameStatic":"\u0420\u0443\u0447\u043a\u0430 \u043d\u0430\u0440\u0443\u0436\u043d\u0430\u044f \u043f\u0435\u0440\u0435\u0434\u043d\u044f\u044f \u043b\u0435\u0432\u0430\u044f \u043a Mercedes 100, 1990\u0433.","timestamp":1773794764}
{"product_id":280101,"nameStatic":"\u0411\u043b\u043e\u043a \u0443\u043f\u0440\u0430\u0432\u043b\u0435\u043d\u0438\u044f \u0434\u0432\u0438\u0433\u0430\u0442\u0435\u043b\u0435\u043c \u043a Mitsubishi Pajero, 1994\u0433.","timestamp":1773794767}
{"product_id":173729,"nameStatic":"\u041f\u0430\u0442\u0440\u0443\u0431\u043e\u043a (\u0442\u0440\u0443\u0431\u043e\u043f\u0440\u043e\u0432\u043e\u0434, \u0448\u043b\u0430\u043d\u0433) \u043a Audi A4, 2008\u0433.","timestamp":1773794768}
{"product_id":349797,"nameStatic":"\u0414\u0432\u0438\u0433\u0430\u0442\u0435\u043b\u044c \u044d\u043b\u0435\u043a\u0442\u0440\u043e\u043b\u044e\u043a\u0430 \u043a Mitsubishi Eclipse, 2000\u0433.","timestamp":1773794828}
{"product_id":252173,"nameStatic":"\u0414\u0438\u0441\u043a \u0448\u0442\u0430\u043c\u043f\u043e\u0432\u0430\u043d\u043d\u044b\u0439 \u043a Rover 75, 2001\u0433.","timestamp":1773794832}
{"product_id":249090,"nameStatic":"\u041a\u043e\u043b\u043f\u0430\u0447\u043e\u043a \u043b\u0438\u0442\u043e\u0433\u043e \u0434\u0438\u0441\u043a\u0430 \u043a BMW 5 E39, 1999\u0433.","timestamp":1773794841}
{"product_id":353184,"nameStatic":"\u0420\u0443\u043b\u0435\u0432\u0430\u044f \u0440\u0435\u0439\u043a\u0430 \u043a Ford Mondeo, 2009\u0433.","timestamp":1773794957}
{"product_id":324012,"nameStatic":"\u041d\u0430\u043a\u043b\u0430\u0434\u043a\u0430 (\u0440\u0435\u0441\u043d\u0438\u0447\u043a\u0430) \u043f\u0440\u0430\u0432\u043e\u0439 \u0444\u0430\u0440\u044b \u043a Opel Movano, 2005\u0433.","timestamp":1773795386}
{"product_id":357213,"nameStatic":"\u041a\u041f\u041f \u043c\u0435\u0445\u0430\u043d\u0438\u0447\u0435\u0441\u043a\u0430\u044f (\u041c\u041a\u041f\u041f) \u043a Volkswagen Passat, 2002\u0433.","timestamp":1773796104}
{"product_id":303180,"nameStatic":"\u0424\u043e\u0440\u0441\u0443\u043d\u043a\u0430 \u043a Lexus RX, 2003\u0433.","timestamp":1773796359}
{"product_id":264795,"nameStatic":"\u041c\u043e\u0442\u043e\u0440\u0447\u0438\u043a \u043f\u0435\u0447\u043a\u0438 \u043a Chevrolet Kalos, 2005\u0433.","timestamp":1773796425}
{"product_id":362609,"nameStatic":"\u0411\u0430\u043b\u043a\u0430 \u043f\u043e\u0434 \u0440\u0430\u0434\u0438\u0430\u0442\u043e\u0440 \u043a Citroen C8, 2006\u0433.","timestamp":1773797292}
{"product_id":323273,"nameStatic":"\u0417\u0430\u0441\u043b\u043e\u043d\u043a\u0430 \u0434\u0440\u043e\u0441\u0441\u0435\u043b\u044c\u043d\u0430\u044f \u043a Volvo S70, 1999\u0433.","timestamp":1773797294}
{"product_id":282819,"nameStatic":"\u0421\u0443\u043f\u043f\u043e\u0440\u0442 \u0437\u0430\u0434\u043d\u0438\u0439 \u043f\u0440\u0430\u0432\u044b\u0439 \u043a Daewoo Lacetti, 2006\u0433.","timestamp":1773797414}
{"product_id":292507,"nameStatic":"\u0414\u0432\u0435\u0440\u044c \u043f\u0435\u0440\u0435\u0434\u043d\u044f\u044f \u043f\u0440\u0430\u0432\u0430\u044f \u043a Lancia Thesis, 2003\u0433.","timestamp":1773797475}
{"product_id":203732,"nameStatic":"\u0411\u0430\u0447\u043e\u043a \u043e\u043c\u044b\u0432\u0430\u0442\u0435\u043b\u044f \u043a BMW X5 E70, 2010\u0433.","timestamp":1773797477}
{"product_id":346477,"nameStatic":"\u0414\u0435\u0444\u043b\u0435\u043a\u0442\u043e\u0440 \u043e\u0431\u0434\u0443\u0432\u0430 \u0441\u0430\u043b\u043e\u043d\u0430 \u043a Ford Transit, 2019\u0433.","timestamp":1773797479}
{"product_id":370291,"nameStatic":"\u0412\u0435\u043d\u0442\u0438\u043b\u044f\u0442\u043e\u0440 \u0440\u0430\u0434\u0438\u0430\u0442\u043e\u0440\u0430 \u043a Volkswagen Polo, 2013\u0433.","timestamp":1773797540}
{"product_id":166325,"nameStatic":"\u041c\u0430\u0433\u043d\u0438\u0442\u043e\u043b\u0430 \u043a Jeep Liberty, 2003\u0433.","timestamp":1773797603}
{"product_id":240158,"nameStatic":"\u0410\u043c\u043e\u0440\u0442\u0438\u0437\u0430\u0442\u043e\u0440 \u0437\u0430\u0434\u043d\u0438\u0439 \u043a Mitsubishi Lancer, 2004\u0433.","timestamp":1773797660}
{"product_id":339056,"nameStatic":"\u0424\u043e\u0440\u0441\u0443\u043d\u043a\u0430 \u043a Volvo V70, 2011\u0433.","timestamp":1773797665}
{"product_id":358841,"nameStatic":"\u0417\u0435\u0440\u043a\u0430\u043b\u043e \u043d\u0430\u0440\u0443\u0436\u043d\u043e\u0435 \u043f\u0440\u0430\u0432\u043e\u0435 \u043a Volvo S40, 2008\u0433.","timestamp":1773797665}
{"product_id":179644,"nameStatic":"\u0414\u0436\u043e\u0439\u0441\u0442\u0438\u043a \u0443\u043f\u0440\u0430\u0432\u043b\u0435\u043d\u0438\u044f \u043c\u0443\u043b\u044c\u0442\u0438\u043c\u0435\u0434\u0438\u0430 \u043a Renault Megane, 2011\u0433.","timestamp":1773797666}
{"product_id":365228,"nameStatic":"\u0411\u043b\u043e\u043a \u0443\u043f\u0440\u0430\u0432\u043b\u0435\u043d\u0438\u044f \u0434\u0432\u0438\u0433\u0430\u0442\u0435\u043b\u0435\u043c \u043a Volkswagen Golf, 2010\u0433.","timestamp":1773797720}
{"product_id":165003,"nameStatic":"\u0428\u0435\u0441\u0442\u0435\u0440\u043d\u044f \u043a Volkswagen Sharan, 2002\u0433.","timestamp":1773797725}
{"product_id":348101,"nameStatic":"\u0421\u0442\u0435\u043a\u043b\u043e\u043f\u043e\u0434\u044a\u0435\u043c\u043d\u0438\u043a \u044d\u043b\u0435\u043a\u0442\u0440\u0438\u0447\u0435\u0441\u043a\u0438\u0439 \u043f\u0435\u0440\u0435\u0434\u043d\u0438\u0439 \u043b\u0435\u0432\u044b\u0439 \u043a Geely Emgrand EC7, 2012\u0433.","timestamp":1773797783}
{"product_id":324776,"nameStatic":"\u0414\u0432\u0438\u0433\u0430\u0442\u0435\u043b\u044c \u043a BMW 3 E46, 2003\u0433.","timestamp":1773797785}
{"product_id":331122,"nameStatic":"\u0411\u043b\u043e\u043a \u043f\u0440\u0435\u0434\u043e\u0445\u0440\u0430\u043d\u0438\u0442\u0435\u043b\u0435\u0439 \u043a Fiat Stilo, 2003\u0433.","timestamp":1773797848}
{"product_id":259642,"nameStatic":"\u0411\u043b\u043e\u043a AirBag \u043a Pontiac Vibe, 2005\u0433.","timestamp":1773797849}
{"product_id":244860,"nameStatic":"\u0417\u0430\u043c\u043e\u043a \u0437\u0430\u0436\u0438\u0433\u0430\u043d\u0438\u044f \u043a Citroen C4, 2013\u0433.","timestamp":1773797853}
{"product_id":227302,"nameStatic":"\u041f\u0430\u043d\u0435\u043b\u044c \u043f\u0435\u0440\u0435\u0434\u043d\u044f\u044f \u0441\u0430\u043b\u043e\u043d\u0430 (\u0442\u043e\u0440\u043f\u0435\u0434\u043e) \u043a Ford Escape, 2004\u0433.","timestamp":1773797860}
{"product_id":192674,"nameStatic":"\u042d\u043b\u0435\u043a\u0442\u0440\u043e\u0433\u0438\u0434\u0440\u043e\u0443\u0441\u0438\u043b\u0438\u0442\u0435\u043b\u044c \u0440\u0443\u043b\u044f \u043a Peugeot 308, 2008\u0433.","timestamp":1773797905}
{"product_id":255107,"nameStatic":"\u0421\u0442\u0435\u043a\u043b\u043e\u043f\u043e\u0434\u044a\u0435\u043c\u043d\u0438\u043a \u043f\u0435\u0440\u0435\u0434\u043d\u0438\u0439 \u043b\u0435\u0432\u044b\u0439 \u043a Hyundai Atos, 2000\u0433.","timestamp":1773797906}
{"product_id":373080,"nameStatic":"\u0411\u0430\u043c\u043f\u0435\u0440 \u0437\u0430\u0434\u043d\u0438\u0439 \u043a Dacia Sandero, 2012\u0433.","timestamp":1773797906}
{"product_id":260872,"nameStatic":"\u0411\u0430\u0447\u043e\u043a \u0440\u0430\u0441\u0448\u0438\u0440\u0438\u0442\u0435\u043b\u044c\u043d\u044b\u0439 \u043a Citroen XM, 1995\u0433.","timestamp":1773797974}
{"product_id":371872,"nameStatic":"\u041a\u043e\u043c\u043f\u0440\u0435\u0441\u0441\u043e\u0440 \u043a\u043e\u043d\u0434\u0438\u0446\u0438\u043e\u043d\u0435\u0440\u0430 \u043a Audi A4, 2001\u0433.","timestamp":1773797974}
{"product_id":235658,"nameStatic":"\u0410\u043c\u043e\u0440\u0442\u0438\u0437\u0430\u0442\u043e\u0440 \u0437\u0430\u0434\u043d\u0438\u0439 \u043f\u0440\u0430\u0432\u044b\u0439 \u043a Renault Safrane, 1996\u0433.","timestamp":1773797974}
{"product_id":359407,"nameStatic":"\u0421\u0443\u043f\u043f\u043e\u0440\u0442 \u0437\u0430\u0434\u043d\u0438\u0439 \u043f\u0440\u0430\u0432\u044b\u0439 \u043a Volvo V40, 2003\u0433.","timestamp":1773797974}
{"product_id":190326,"nameStatic":"\u041f\u043e\u043b\u0443\u043e\u0441\u044c \u043f\u0435\u0440\u0435\u0434\u043d\u044f\u044f \u043f\u0440\u0430\u0432\u0430\u044f (\u043f\u0440\u0438\u0432\u043e\u0434\u043d\u043e\u0439 \u0432\u0430\u043b, \u0428\u0420\u0423\u0421) \u043a Citroen Xsara Picasso, 2004\u0433.","timestamp":1773797974}
{"product_id":348014,"nameStatic":"\u0417\u0430\u0449\u0438\u0442\u0430 \u0434\u043d\u0438\u0449\u0430 \u043a BMW 3 F30\/F31\/GT F34, 2013\u0433.","timestamp":1773798032}
{"product_id":375824,"nameStatic":"\u041f\u0435\u0440\u0435\u043a\u043b\u044e\u0447\u0430\u0442\u0435\u043b\u044c \u0434\u0432\u043e\u0440\u043d\u0438\u043a\u043e\u0432 \u043a Volkswagen Passat, 1992\u0433.","timestamp":1773798034}
{"product_id":367903,"nameStatic":"\u0414\u0432\u0438\u0433\u0430\u0442\u0435\u043b\u044c \u043a Iveco Daily, 2015\u0433.","timestamp":1773798160}
{"product_id":133547,"nameStatic":"\u0422\u0443\u0440\u0431\u0438\u043d\u0430 \u043a Mitsubishi Colt, 2008\u0433.","timestamp":1773798216}
{"product_id":121703,"nameStatic":"\u0422\u0435\u043f\u043b\u043e\u043e\u0431\u043c\u0435\u043d\u043d\u0438\u043a \u043c\u0430\u0441\u043b\u044f\u043d\u043e\u0433\u043e \u0444\u0438\u043b\u044c\u0442\u0440\u0430 \u043a Audi A4, 2003\u0433.","timestamp":1773798216}
{"product_id":265733,"nameStatic":"\u041a\u043b\u0435\u043c\u043c\u0430 \u0430\u043a\u043a\u0443\u043c\u0443\u043b\u044f\u0442\u043e\u0440\u0430 \u043c\u0438\u043d\u0443\u0441 \u043a BMW 3 F30\/F31\/GT F34, 2017\u0433.","timestamp":1773798218}
{"product_id":356352,"nameStatic":"\u0422\u0443\u0440\u0431\u0438\u043d\u0430 \u043a Volvo S40, 2012\u0433.","timestamp":1773798276}
{"product_id":291179,"nameStatic":"\u041c\u043e\u0442\u043e\u0440\u0447\u0438\u043a \u043f\u0435\u0447\u043a\u0438 \u043a Toyota Auris, 2007\u0433.","timestamp":1773798335}
{"product_id":368778,"nameStatic":"\u041a\u043e\u0440\u043f\u0443\u0441 \u0442\u0435\u0440\u043c\u043e\u0441\u0442\u0430\u0442\u0430 \u043a Volkswagen Polo, 2010\u0433.","timestamp":1773798339}
{"product_id":342661,"nameStatic":"\u0429\u0438\u0442\u043e\u043a \u043f\u0440\u0438\u0431\u043e\u0440\u043e\u0432 (\u043f\u0440\u0438\u0431\u043e\u0440\u043d\u0430\u044f \u043f\u0430\u043d\u0435\u043b\u044c) \u043a Fiat Grande Punto, 2009\u0433.","timestamp":1773799299}
{"product_id":349446,"nameStatic":"\u041f\u043b\u0430\u0441\u0442\u0438\u043a \u0441\u0430\u043b\u043e\u043d\u0430 \u043a Ford Transit, 2001\u0433.","timestamp":1773799931}
{"product_id":179484,"nameStatic":"\u041f\u0435\u0434\u0430\u043b\u044c \u0433\u0430\u0437\u0430 \u043a Citroen DS4, 2011\u0433.","timestamp":1773800559}
{"product_id":279190,"nameStatic":"\u041f\u0440\u0443\u0436\u0438\u043d\u0430 \u043f\u0435\u0440\u0435\u0434\u043d\u044f\u044f \u043a Toyota Land Cruiser Prado, 1990\u0433.","timestamp":1773800805}
{"product_id":127920,"nameStatic":"\u041c\u043e\u0442\u043e\u0440\u0447\u0438\u043a \u0437\u0430\u0434\u043d\u0435\u0433\u043e \u0441\u0442\u0435\u043a\u043b\u043e\u043e\u0447\u0438\u0441\u0442\u0438\u0442\u0435\u043b\u044f (\u0434\u0432\u043e\u0440\u043d\u0438\u043a\u0430) \u043a Citroen C5, 2002\u0433.","timestamp":1773800926}
{"product_id":116449,"nameStatic":"\u041f\u0430\u0442\u0440\u0443\u0431\u043e\u043a \u0442\u0443\u0440\u0431\u0438\u043d\u044b \u043a Mercedes C W203, 2001\u0433.","timestamp":1773801115}
{"product_id":367871,"nameStatic":"\u0422\u0443\u0440\u0431\u0438\u043d\u0430 \u043a Peugeot 3008, 2021\u0433.","timestamp":1773801178}
{"product_id":363214,"nameStatic":"\u0420\u0435\u0448\u0435\u0442\u043a\u0430 \u0440\u0430\u0434\u0438\u0430\u0442\u043e\u0440\u0430 \u043a Citroen C8, 2004\u0433.","timestamp":1773801239}
{"product_id":241639,"nameStatic":"\u0429\u0438\u0442\u043e\u043a \u043f\u0440\u0438\u0431\u043e\u0440\u043e\u0432 (\u043f\u0440\u0438\u0431\u043e\u0440\u043d\u0430\u044f \u043f\u0430\u043d\u0435\u043b\u044c) \u043a Daihatsu Sirion, 2000\u0433.","timestamp":1773801293}
{"product_id":263531,"nameStatic":"\u0417\u0430\u043c\u043e\u043a \u0434\u0432\u0435\u0440\u0438 \u043f\u0435\u0440\u0435\u0434\u043d\u0435\u0439 \u043f\u0440\u0430\u0432\u043e\u0439 \u043a Toyota Auris, 2009\u0433.","timestamp":1773801294}
{"product_id":199293,"nameStatic":"\u041f\u0430\u043d\u0435\u043b\u044c \u043f\u0435\u0440\u0435\u0434\u043d\u044f\u044f \u0441\u0430\u043b\u043e\u043d\u0430 (\u0442\u043e\u0440\u043f\u0435\u0434\u043e) \u043a Audi A4, 2007\u0433.","timestamp":1773801297}
{"product_id":275566,"nameStatic":"\u0420\u044b\u0447\u0430\u0433 \u0437\u0430\u0434\u043d\u0438\u0439 \u043f\u0440\u0430\u0432\u044b\u0439 \u043a BMW X6, 2008\u0433.","timestamp":1773801359}
{"product_id":373906,"nameStatic":"\u041f\u0440\u0443\u0436\u0438\u043d\u0430 \u0437\u0430\u0434\u043d\u044f\u044f \u043a Seat Alhambra, 2005\u0433.","timestamp":1773801363}
{"product_id":107397,"nameStatic":"\u0420\u0443\u043b\u0435\u0432\u043e\u0439 \u043a\u0430\u0440\u0434\u0430\u043d\u0447\u0438\u043a \u043a Ford Fusion, 2005\u0433.","timestamp":1773801420}
{"product_id":376932,"nameStatic":"\u041d\u0430\u0442\u044f\u0436\u0438\u0442\u0435\u043b\u044c \u0440\u0435\u043c\u043d\u044f \u0433\u0435\u043d\u0435\u0440\u0430\u0442\u043e\u0440\u0430 \u043a Volkswagen Crafter, 2007\u0433.","timestamp":1773801422}
{"product_id":347590,"nameStatic":"\u0420\u0443\u0447\u043a\u0430 \u043d\u0430\u0440\u0443\u0436\u043d\u0430\u044f \u0437\u0430\u0434\u043d\u044f\u044f \u043b\u0435\u0432\u0430\u044f \u043a Daihatsu Trevis, 2007\u0433.","timestamp":1773801424}
{"product_id":307638,"nameStatic":"\u0411\u043b\u043e\u043a \u0443\u043f\u0440\u0430\u0432\u043b\u0435\u043d\u0438\u044f \u0434\u0432\u0438\u0433\u0430\u0442\u0435\u043b\u0435\u043c \u043a Nissan Note, 2008\u0433.","timestamp":1773801483}
{"product_id":323761,"nameStatic":"\u0414\u0430\u0442\u0447\u0438\u043a \u0430\u0431\u0441\u043e\u043b\u044e\u0442\u043d\u043e\u0433\u043e \u0434\u0430\u0432\u043b\u0435\u043d\u0438\u044f \u043a Renault Megane, 2007\u0433.","timestamp":1773801483}
{"product_id":314002,"nameStatic":"\u0417\u0430\u043c\u043e\u043a \u0434\u0432\u0435\u0440\u0438 \u043f\u0435\u0440\u0435\u0434\u043d\u0435\u0439 \u043b\u0435\u0432\u043e\u0439 \u043a Volkswagen Jetta, 2008\u0433.","timestamp":1773801492}
{"product_id":214487,"nameStatic":"\u0420\u0443\u0447\u043a\u0430 \u043d\u0430\u0440\u0443\u0436\u043d\u0430\u044f \u043f\u0435\u0440\u0435\u0434\u043d\u044f\u044f \u043f\u0440\u0430\u0432\u0430\u044f \u043a Mazda Xedos 9, 1994\u0433.","timestamp":1773801542}
{"product_id":254971,"nameStatic":"\u0414\u0432\u0438\u0433\u0430\u0442\u0435\u043b\u044c \u044d\u043b\u0435\u043a\u0442\u0440\u043e\u043b\u044e\u043a\u0430 \u043a Chevrolet Lacetti, 2005\u0433.","timestamp":1773801545}
{"product_id":142341,"nameStatic":"\u041f\u0435\u0440\u0435\u043a\u043b\u044e\u0447\u0430\u0442\u0435\u043b\u044c \u043f\u043e\u0434\u0440\u0443\u043b\u0435\u0432\u043e\u0439 (\u0441\u0442\u0440\u0435\u043a\u043e\u0437\u0430) \u043a Mazda 2, 2007\u0433.","timestamp":1773801546}
{"product_id":357974,"nameStatic":"\u041d\u0430\u0442\u044f\u0436\u0438\u0442\u0435\u043b\u044c \u0440\u0435\u043c\u043d\u044f \u0433\u0435\u043d\u0435\u0440\u0430\u0442\u043e\u0440\u0430 \u043a Opel Meriva, 2005\u0433.","timestamp":1773801666}
{"product_id":209420,"nameStatic":"\u0417\u0430\u043c\u043e\u043a \u0434\u0432\u0435\u0440\u0438 \u043f\u0435\u0440\u0435\u0434\u043d\u0435\u0439 \u043f\u0440\u0430\u0432\u043e\u0439 \u043a Toyota Camry, 2002\u0433.","timestamp":1773801671}
{"product_id":126329,"nameStatic":"\u041f\u043e\u0440\u0448\u0435\u043d\u044c \u043a Volvo V40, 2002\u0433.","timestamp":1773801787}
{"product_id":183339,"nameStatic":"\u041f\u0440\u0443\u0436\u0438\u043d\u0430 \u043f\u0435\u0440\u0435\u0434\u043d\u044f\u044f \u043a Peugeot 405, 1993\u0433.","timestamp":1773801860}
{"product_id":204888,"nameStatic":"\u0420\u0435\u043b\u0435 (\u043f\u0440\u043e\u0447\u0438\u0435) \u043a Hyundai XG, 2001\u0433.","timestamp":1773801860}
{"product_id":218188,"nameStatic":"\u0417\u0430\u043c\u043e\u043a \u0434\u0432\u0435\u0440\u0438 \u0441\u0434\u0432\u0438\u0436\u043d\u043e\u0439 \u043a Chrysler Voyager, 1998\u0433.","timestamp":1773801860}
{"product_id":133345,"nameStatic":"\u041a\u043e\u043b\u043b\u0435\u043a\u0442\u043e\u0440 \u0432\u043f\u0443\u0441\u043a\u043d\u043e\u0439 \u043a Suzuki Alto, 2009\u0433.","timestamp":1773801914}
{"product_id":211686,"nameStatic":"\u0417\u0430\u043c\u043e\u043a \u0431\u0430\u0433\u0430\u0436\u043d\u0438\u043a\u0430 \u043a Chevrolet Matiz, 2005\u0433.","timestamp":1773801914}
{"product_id":162602,"nameStatic":"\u041f\u0435\u0440\u0435\u043a\u043b\u044e\u0447\u0430\u0442\u0435\u043b\u044c \u043f\u043e\u0434\u0440\u0443\u043b\u0435\u0432\u043e\u0439 (\u0441\u0442\u0440\u0435\u043a\u043e\u0437\u0430) \u043a Fiat Multipla, 2007\u0433.","timestamp":1773801914}
{"product_id":296345,"nameStatic":"\u041a\u041f\u041f \u0430\u0432\u0442\u043e\u043c\u0430\u0442\u0438\u0447\u0435\u0441\u043a\u0430\u044f (\u0410\u041a\u041f\u041f) \u043a SsangYong Korando, 2001\u0433.","timestamp":1773801916}
{"product_id":306828,"nameStatic":"\u0420\u0443\u0447\u043a\u0430 \u0432\u043d\u0443\u0442\u0440\u0435\u043d\u043d\u044f\u044f \u043f\u0435\u0440\u0435\u0434\u043d\u044f\u044f \u043f\u0440\u0430\u0432\u0430\u044f \u043a Dacia Logan, 2008\u0433.","timestamp":1773802161}
{"product_id":217444,"nameStatic":"\u0422\u044f\u0433\u0430 \u0440\u0435\u0430\u043a\u0442\u0438\u0432\u043d\u0430\u044f \u043a DAF XF, 2013\u0433.","timestamp":1773802226}
{"product_id":376981,"nameStatic":"\u0417\u0435\u0440\u043a\u0430\u043b\u043e \u043d\u0430\u0440\u0443\u0436\u043d\u043e\u0435 \u043b\u0435\u0432\u043e\u0435 \u043a Peugeot Expert, 2011\u0433.","timestamp":1773802286}
{"product_id":283674,"nameStatic":"\u0411\u0430\u043c\u043f\u0435\u0440 \u0437\u0430\u0434\u043d\u0438\u0439 \u043a Volkswagen Jetta, 2007\u0433.","timestamp":1773802409}
{"product_id":203663,"nameStatic":"\u041d\u0430\u043a\u043b\u0430\u0434\u043a\u0430 \u043d\u0430 \u043f\u043e\u0440\u043e\u0433 \u043a Porsche Boxster, 2004\u0433.","timestamp":1773802417}
{"product_id":297859,"nameStatic":"\u041f\u043e\u0434\u0434\u043e\u043d \u043a Volkswagen Golf, 2000\u0433.","timestamp":1773803142}
{"product_id":334751,"nameStatic":"\u041f\u043e\u0434\u0434\u043e\u043d \u043a Volkswagen Golf, 1999\u0433.","timestamp":1773803155}
{"product_id":88037,"nameStatic":"\u0411\u0430\u043c\u043f\u0435\u0440 \u0437\u0430\u0434\u043d\u0438\u0439 \u043a Seat Cordoba, 1996\u0433.","timestamp":1773804321}
{"product_id":254207,"nameStatic":"\u041d\u0430\u0441\u043e\u0441 \u0433\u0438\u0434\u0440\u043e\u0443\u0441\u0438\u043b\u0438\u0442\u0435\u043b\u044f \u0440\u0443\u043b\u044f \u043a Kia Spectra, 2003\u0433.","timestamp":1773804378}
{"product_id":359523,"nameStatic":"\u0411\u043b\u043e\u043a \u0441\u0447\u0438\u0442\u044b\u0432\u0430\u043d\u0438\u044f \u043a\u043b\u044e\u0447-\u043a\u0430\u0440\u0442\u044b \u043a Renault Laguna, 2008\u0433.","timestamp":1773804380}
{"product_id":362551,"nameStatic":"\u0428\u0443\u043c\u043e\u0438\u0437\u043e\u043b\u044f\u0446\u0438\u044f \u043a\u0430\u043f\u043e\u0442\u0430 \u043a Mercedes Sprinter, 2006\u0433.","timestamp":1773804437}
{"product_id":259028,"nameStatic":"\u041f\u0430\u0442\u0440\u0443\u0431\u043e\u043a \u0442\u0443\u0440\u0431\u0438\u043d\u044b \u043a Hyundai H1, 2001\u0433.","timestamp":1773804500}
{"product_id":246159,"nameStatic":"\u041c\u0430\u0441\u043b\u044f\u043d\u0430\u044f \u0442\u0440\u0443\u0431\u043a\u0430 \u0442\u0443\u0440\u0431\u0438\u043d\u044b \u043a Fiat Ducato, 2005\u0433.","timestamp":1773804501}
{"product_id":243616,"nameStatic":"\u0410\u043c\u043e\u0440\u0442\u0438\u0437\u0430\u0442\u043e\u0440 \u0437\u0430\u0434\u043d\u0438\u0439 \u043a Lada Kalina, 2005\u0433.","timestamp":1773804569}
{"product_id":176396,"nameStatic":"\u041f\u043e\u0434\u0443\u0448\u043a\u0430 \u043a\u0440\u0435\u043f\u043b\u0435\u043d\u0438\u044f \u041a\u041f\u041f \u043a Kia Carens, 2007\u0433.","timestamp":1773804569}
{"product_id":173063,"nameStatic":"\u041e\u0433\u0440\u0430\u043d\u0438\u0447\u0438\u0442\u0435\u043b\u044c \u043e\u0442\u043a\u0440\u044b\u0432\u0430\u043d\u0438\u044f \u0434\u0432\u0435\u0440\u0438 \u043a Renault Kangoo, 2011\u0433.","timestamp":1773804573}
{"product_id":102178,"nameStatic":"\u0421\u0442\u0430\u0431\u0438\u043b\u0438\u0437\u0430\u0442\u043e\u0440 \u043f\u043e\u0434\u0432\u0435\u0441\u043a\u0438 (\u043f\u043e\u043f\u0435\u0440\u0435\u0447\u043d\u043e\u0439 \u0443\u0441\u0442\u043e\u0439\u0447\u0438\u0432\u043e\u0441\u0442\u0438) \u043a Peugeot 607, 2003\u0433.","timestamp":1773804624}
{"product_id":321850,"nameStatic":"\u0421\u0442\u0435\u043a\u043b\u043e \u0434\u0432\u0435\u0440\u0438 \u043f\u0435\u0440\u0435\u0434\u043d\u0435\u0439 \u043f\u0440\u0430\u0432\u043e\u0439 \u043a Honda FR-V, 2005\u0433.","timestamp":1773804624}
{"product_id":269395,"nameStatic":"\u0417\u0435\u0440\u043a\u0430\u043b\u043e \u043d\u0430\u0440\u0443\u0436\u043d\u043e\u0435 \u043b\u0435\u0432\u043e\u0435 \u043a Hyundai Coupe, 2005\u0433.","timestamp":1773804625}
{"product_id":220431,"nameStatic":"\u041c\u043e\u043b\u0434\u0438\u043d\u0433 \u0434\u0432\u0435\u0440\u0438 \u043f\u0435\u0440\u0435\u0434\u043d\u0435\u0439 \u043f\u0440\u0430\u0432\u043e\u0439 \u043a Peugeot Boxer, 2008\u0433.","timestamp":1773804626}
{"product_id":350732,"nameStatic":"\u0422\u0443\u0440\u0431\u0438\u043d\u0430 \u043a BMW 6 F06\/F12\/F13, 2015\u0433.","timestamp":1773804633}
{"product_id":375543,"nameStatic":"\u0411\u043b\u043e\u043a \u0443\u043f\u0440\u0430\u0432\u043b\u0435\u043d\u0438\u044f \u0434\u0432\u0435\u0440\u0438 \u043f\u0435\u0440\u0435\u0434\u043d\u0435\u0439 \u043f\u0440\u0430\u0432\u043e\u0439 \u043a BMW 5 E60\/E61, 2004\u0433.","timestamp":1773804745}
{"product_id":358168,"nameStatic":"\u0414\u0435\u0444\u043b\u0435\u043a\u0442\u043e\u0440 (\u043e\u0431\u0442\u0435\u043a\u0430\u0442\u0435\u043b\u044c) \u043a\u0430\u0431\u0438\u043d\u044b \u043a Renault Premium, 2004\u0433.","timestamp":1773804746}
{"product_id":335054,"nameStatic":"\u0420\u0443\u043b\u0435\u0432\u0430\u044f \u0440\u0435\u0439\u043a\u0430 \u043a Volkswagen Polo, 2002\u0433.","timestamp":1773804747}
{"product_id":116971,"nameStatic":"\u0420\u0435\u043c\u0435\u043d\u044c \u0431\u0435\u0437\u043e\u043f\u0430\u0441\u043d\u043e\u0441\u0442\u0438 \u0437\u0430\u0434\u043d\u0438\u0439 \u043f\u0440\u0430\u0432\u044b\u0439 \u043a Kia Rio, 2013\u0433.","timestamp":1773804814}
{"product_id":363936,"nameStatic":"\u0414\u0432\u0435\u0440\u044c \u0437\u0430\u0434\u043d\u044f\u044f \u043f\u0440\u0430\u0432\u0430\u044f \u043a Audi A6, 2001\u0433.","timestamp":1773804819}
{"product_id":243518,"nameStatic":"\u0411\u043b\u043e\u043a ABS \u043a Nissan Note, 2006\u0433.","timestamp":1773804870}
{"product_id":326241,"nameStatic":"\u0422\u0440\u0443\u0431\u043a\u0430 \u0442\u043e\u043f\u043b\u0438\u0432\u043d\u0430\u044f \u043a Mitsubishi Pajero, 1995\u0433.","timestamp":1773804931}
{"product_id":89666,"nameStatic":"\u0424\u043e\u043d\u0430\u0440\u044c \u0437\u0430\u0434\u043d\u0438\u0439 \u043b\u0435\u0432\u044b\u0439 \u043a Mercedes E W211, 2005\u0433.","timestamp":1773804935}
{"product_id":145662,"nameStatic":"\u041a\u041f\u041f \u043c\u0435\u0445\u0430\u043d\u0438\u0447\u0435\u0441\u043a\u0430\u044f (\u041c\u041a\u041f\u041f) \u043a Honda Civic, 2005\u0433.","timestamp":1773804936}
{"product_id":349830,"nameStatic":"\u0413\u0435\u043d\u0435\u0440\u0430\u0442\u043e\u0440 \u043a Smart Fortwo, 2005\u0433.","timestamp":1773804940}
{"product_id":249242,"nameStatic":"\u0410\u043c\u043e\u0440\u0442\u0438\u0437\u0430\u0442\u043e\u0440 \u0437\u0430\u0434\u043d\u0438\u0439 \u043a Fiat Albea, 2008\u0433.","timestamp":1773804994}
{"product_id":210624,"nameStatic":"\u0417\u0430\u043c\u043e\u043a \u0437\u0430\u0436\u0438\u0433\u0430\u043d\u0438\u044f \u043a Nissan Note, 2006\u0433.","timestamp":1773805116}
{"product_id":95149,"nameStatic":"\u0424\u043e\u043d\u0430\u0440\u044c \u0437\u0430\u0434\u043d\u0438\u0439 \u043f\u0440\u0430\u0432\u044b\u0439 \u043a Kia Ceed, 2008\u0433.","timestamp":1773805247}
{"product_id":327396,"nameStatic":"\u041a\u043e\u0440\u043f\u0443\u0441 \u0442\u0435\u0440\u043c\u043e\u0441\u0442\u0430\u0442\u0430 \u043a Opel Movano, 2004\u0433.","timestamp":1773805306}
{"product_id":325916,"nameStatic":"\u041f\u043e\u0434\u0443\u0448\u043a\u0430 \u0431\u0435\u0437\u043e\u043f\u0430\u0441\u043d\u043e\u0441\u0442\u0438 \u0432\u043e\u0434\u0438\u0442\u0435\u043b\u044f \u043a Renault Symbol, 2004\u0433.","timestamp":1773805376}
{"product_id":233930,"nameStatic":"\u0414\u0438\u0444\u0444\u0443\u0437\u043e\u0440 \u0432\u0435\u043d\u0442\u0438\u043b\u044f\u0442\u043e\u0440\u0430 \u043a Citroen Xantia, 1996\u0433.","timestamp":1773805499}
{"product_id":151057,"nameStatic":"\u0417\u0430\u043c\u043e\u043a \u0437\u0430\u0436\u0438\u0433\u0430\u043d\u0438\u044f \u043a Chevrolet Aveo, 2009\u0433.","timestamp":1773805557}
{"product_id":351516,"nameStatic":"\u0422\u0443\u0440\u0431\u0438\u043d\u0430 \u043a LDV Maxus, 2006\u0433.","timestamp":1773805751}
{"product_id":348938,"nameStatic":"\u0411\u043b\u043e\u043a \u0443\u043f\u0440\u0430\u0432\u043b\u0435\u043d\u0438\u044f \u043f\u0435\u0447\u043a\u0438\/\u043a\u043b\u0438\u043c\u0430\u0442-\u043a\u043e\u043d\u0442\u0440\u043e\u043b\u044f \u043a Mercedes E W210, 1996\u0433.","timestamp":1773806445}
{"product_id":371327,"nameStatic":"\u0414\u0432\u0438\u0433\u0430\u0442\u0435\u043b\u044c \u043a Skoda Fabia, 2001\u0433.","timestamp":1773807367}
{"product_id":102401,"nameStatic":"\u041f\u043e\u043b\u0443\u043e\u0441\u044c \u043f\u0435\u0440\u0435\u0434\u043d\u044f\u044f \u043f\u0440\u0430\u0432\u0430\u044f (\u043f\u0440\u0438\u0432\u043e\u0434\u043d\u043e\u0439 \u0432\u0430\u043b, \u0428\u0420\u0423\u0421) \u043a Kia Rio, 2006\u0433.","timestamp":1773808241}
{"product_id":357796,"nameStatic":"\u0428\u043a\u0438\u0432 \u043f\u043e\u043c\u043f\u044b \u043a Renault Scenic, 2001\u0433.","timestamp":1773808256}
{"product_id":133290,"nameStatic":"\u041f\u043e\u043b\u0443\u043e\u0441\u044c \u043f\u0435\u0440\u0435\u0434\u043d\u044f\u044f \u043f\u0440\u0430\u0432\u0430\u044f (\u043f\u0440\u0438\u0432\u043e\u0434\u043d\u043e\u0439 \u0432\u0430\u043b, \u0428\u0420\u0423\u0421) \u043a Kia Rio, 2006\u0433.","timestamp":1773808265}
{"product_id":169159,"nameStatic":"\u041f\u043e\u043b\u0443\u043e\u0441\u044c \u043f\u0435\u0440\u0435\u0434\u043d\u044f\u044f \u043f\u0440\u0430\u0432\u0430\u044f (\u043f\u0440\u0438\u0432\u043e\u0434\u043d\u043e\u0439 \u0432\u0430\u043b, \u0428\u0420\u0423\u0421) \u043a Kia Rio, 2006\u0433.","timestamp":1773808286}
{"product_id":250731,"nameStatic":"\u0414\u0435\u043a\u043e\u0440\u0430\u0442\u0438\u0432\u043d\u0430\u044f \u043a\u0440\u044b\u0448\u043a\u0430 \u0434\u0432\u0438\u0433\u0430\u0442\u0435\u043b\u044f \u043a Alfa Romeo 147, 2005\u0433.","timestamp":1773808377}
{"product_id":169379,"nameStatic":"\u0429\u0435\u0442\u043a\u043e\u0434\u0435\u0440\u0436\u0430\u0442\u0435\u043b\u044c (\u043f\u043e\u0432\u043e\u0434\u043e\u043a \u0441\u0442\u0435\u043a\u043b\u043e\u043e\u0447\u0438\u0441\u0442\u0438\u0442\u0435\u043b\u044f, \u0434\u0432\u043e\u0440\u043d\u0438\u043a) \u043a Geely MK Cross, 2009\u0433.","timestamp":1773808384}
{"product_id":380315,"nameStatic":"\u041a\u0440\u044b\u0448\u043a\u0430 \u0431\u0430\u0433\u0430\u0436\u043d\u0438\u043a\u0430 (\u0434\u0432\u0435\u0440\u044c 3-5) \u043a Opel Zafira, 2007\u0433.","timestamp":1773808432}
{"product_id":362314,"nameStatic":"\u041a\u0440\u043e\u043d\u0448\u0442\u0435\u0439\u043d \u043a\u0440\u0435\u043f\u043b\u0435\u043d\u0438\u044f \u0431\u0430\u043c\u043f\u0435\u0440\u0430 \u0437\u0430\u0434\u043d\u0435\u0433\u043e \u043a Ford S-Max, 2007\u0433.","timestamp":1773808629}
{"product_id":375424,"nameStatic":"\u041a\u043d\u043e\u043f\u043a\u0430 \u043e\u0442\u043a\u0440\u044b\u0442\u0438\u044f \u0431\u0430\u0433\u0430\u0436\u043d\u0438\u043a\u0430 \u043a Opel Zafira, 2003\u0433.","timestamp":1773808631}
{"product_id":226359,"nameStatic":"\u0411\u043b\u043e\u043a \u0443\u043f\u0440\u0430\u0432\u043b\u0435\u043d\u0438\u044f (\u0434\u0440\u0443\u0433\u0438\u0435) \u043a Suzuki XL7, 2004\u0433.","timestamp":1773808761}
{"product_id":352404,"nameStatic":"\u0414\u0432\u0438\u0433\u0430\u0442\u0435\u043b\u044c \u043a Volvo S40, 2000\u0433.","timestamp":1773808851}
{"product_id":276863,"nameStatic":"\u041d\u0430\u0441\u043e\u0441 \u0432\u0430\u043a\u0443\u0443\u043c\u043d\u044b\u0439 \u043a Hyundai Getz, 2008\u0433.","timestamp":1773809087}
{"product_id":186810,"nameStatic":"\u0421\u0442\u0435\u043a\u043b\u043e\u043f\u043e\u0434\u044a\u0435\u043c\u043d\u0438\u043a \u043f\u0435\u0440\u0435\u0434\u043d\u0438\u0439 \u043b\u0435\u0432\u044b\u0439 \u043a Fiat Punto, 2000\u0433.","timestamp":1773809143}
{"product_id":377049,"nameStatic":"\u0411\u0430\u043c\u043f\u0435\u0440 \u043f\u0435\u0440\u0435\u0434\u043d\u0438\u0439 \u043a Volkswagen LT, 1999\u0433.","timestamp":1773809154}
{"product_id":95529,"nameStatic":"\u0420\u0443\u043b\u0435\u0432\u043e\u0439 \u043a\u0430\u0440\u0434\u0430\u043d\u0447\u0438\u043a \u043a Volvo V40, 1998\u0433.","timestamp":1773809390}
{"product_id":107807,"nameStatic":"\u041f\u0435\u0434\u0430\u043b\u044c \u0433\u0430\u0437\u0430 \u043a Nissan NV200, 2012\u0433.","timestamp":1773809459}
{"product_id":127850,"nameStatic":"\u041a\u043d\u043e\u043f\u043a\u0430 \u0441\u0442\u0435\u043a\u043b\u043e\u043f\u043e\u0434\u044a\u0435\u043c\u043d\u0438\u043a\u0430 \u043a Opel Zafira, 2001\u0433.","timestamp":1773809461}
{"product_id":365140,"nameStatic":"\u041f\u0440\u0443\u0436\u0438\u043d\u0430 \u043f\u0435\u0440\u0435\u0434\u043d\u044f\u044f \u043a Ford Mondeo, 1997\u0433.","timestamp":1773809518}
{"product_id":145446,"nameStatic":"\u041a\u0430\u0442\u0443\u0448\u043a\u0430 \u0437\u0430\u0436\u0438\u0433\u0430\u043d\u0438\u044f \u043a Mitsubishi Colt, 2007\u0433.","timestamp":1773809576}
{"product_id":372802,"nameStatic":"\u0424\u0430\u0440\u0430 \u043f\u0440\u043e\u0442\u0438\u0432\u043e\u0442\u0443\u043c\u0430\u043d\u043d\u0430\u044f \u043f\u0440\u0430\u0432\u0430\u044f \u043a Volvo V50, 2010\u0433.","timestamp":1773809583}
{"product_id":231420,"nameStatic":"\u0411\u0430\u043c\u043f\u0435\u0440 \u043f\u0435\u0440\u0435\u0434\u043d\u0438\u0439 \u043a Volkswagen Jetta, 2008\u0433.","timestamp":1773809640}
{"product_id":212044,"nameStatic":"\u0421\u0442\u0435\u043a\u043b\u043e\u043f\u043e\u0434\u044a\u0435\u043c\u043d\u0438\u043a \u0437\u0430\u0434\u043d\u0438\u0439 \u043b\u0435\u0432\u044b\u0439 \u043a Volkswagen Jetta, 2006\u0433.","timestamp":1773809643}
{"product_id":260752,"nameStatic":"\u0420\u0430\u043c\u043a\u0430 \u043f\u043e\u0434 \u043c\u0430\u0433\u043d\u0438\u0442\u043e\u043b\u0443 \u043a Citroen C3 Picasso, 2009\u0433.","timestamp":1773809644}
{"product_id":357366,"nameStatic":"\u041a\u043e\u043c\u043f\u043b\u0435\u043a\u0442 \u0441\u0446\u0435\u043f\u043b\u0435\u043d\u0438\u044f \u043a Volkswagen Touran, 2003\u0433.","timestamp":1773809645}
{"product_id":317825,"nameStatic":"\u0420\u0443\u0447\u043a\u0430 \u043d\u0430\u0440\u0443\u0436\u043d\u0430\u044f \u043f\u0435\u0440\u0435\u0434\u043d\u044f\u044f \u043b\u0435\u0432\u0430\u044f \u043a Suzuki Swift, 2021\u0433.","timestamp":1773809646}
{"product_id":108115,"nameStatic":"\u041f\u0430\u0442\u0440\u0443\u0431\u043e\u043a \u0442\u0443\u0440\u0431\u0438\u043d\u044b \u043a Peugeot 607, 2004\u0433.","timestamp":1773809698}
{"product_id":259744,"nameStatic":"\u0414\u0432\u0435\u0440\u044c \u0437\u0430\u0434\u043d\u044f\u044f \u043f\u0440\u0430\u0432\u0430\u044f \u043a Lexus RX, 2003\u0433.","timestamp":1773809699}
{"product_id":239781,"nameStatic":"\u0411\u043b\u043e\u043a \u043f\u0440\u0435\u0434\u043e\u0445\u0440\u0430\u043d\u0438\u0442\u0435\u043b\u0435\u0439 \u043a Rover 400, 1998\u0433.","timestamp":1773809699}
{"product_id":374682,"nameStatic":"\u041c\u043e\u0442\u043e\u0440\u0447\u0438\u043a \u043f\u0435\u0447\u043a\u0438 \u043a Ford Transit, 2005\u0433.","timestamp":1773809702}
{"product_id":376588,"nameStatic":"\u0420\u0435\u0434\u0443\u043a\u0442\u043e\u0440 \u0437\u0430\u0434\u043d\u0435\u0433\u043e \u043c\u043e\u0441\u0442\u0430 \u043a Audi A5, 2022\u0433.","timestamp":1773809702}
{"product_id":331634,"nameStatic":"\u0421\u0443\u043f\u043f\u043e\u0440\u0442 \u0437\u0430\u0434\u043d\u0438\u0439 \u043b\u0435\u0432\u044b\u0439 \u043a Hyundai Santamo, 1999\u0433.","timestamp":1773809761}
{"product_id":242431,"nameStatic":"\u0420\u0443\u0447\u043a\u0430 \u0432\u043d\u0443\u0442\u0440\u0435\u043d\u043d\u044f\u044f \u0437\u0430\u0434\u043d\u044f\u044f \u043f\u0440\u0430\u0432\u0430\u044f \u043a Citroen Berlingo, 2009\u0433.","timestamp":1773809761}
{"product_id":363189,"nameStatic":"\u0424\u043e\u043d\u0430\u0440\u044c \u043a\u0440\u044b\u0448\u043a\u0438 \u0431\u0430\u0433\u0430\u0436\u043d\u0438\u043a\u0430 \u043b\u0435\u0432\u044b\u0439 \u043a Mercedes E W211, 2006\u0433.","timestamp":1773809762}
{"product_id":117658,"nameStatic":"\u041d\u0430\u0441\u043e\u0441 \u0432\u0430\u043a\u0443\u0443\u043c\u043d\u044b\u0439 \u043a Fiat Doblo, 2005\u0433.","timestamp":1773809766}
{"product_id":370665,"nameStatic":"\u0420\u043e\u043b\u0438\u043a \u0434\u0432\u0435\u0440\u0438 \u0441\u0434\u0432\u0438\u0436\u043d\u043e\u0439 \u043a Fiat Ducato, 2003\u0433.","timestamp":1773809833}
{"product_id":364702,"nameStatic":"\u041c\u043e\u043d\u0438\u0442\u043e\u0440 \u043a BMW M4 F82\/F83, 2015\u0433.","timestamp":1773809834}
{"product_id":206355,"nameStatic":"\u0418\u043d\u0442\u0435\u0440\u043a\u0443\u043b\u0435\u0440 \u043a Mercedes CLK W209, 2007\u0433.","timestamp":1773809884}
{"product_id":262917,"nameStatic":"\u041f\u043e\u0440\u0448\u0435\u043d\u044c \u043a Audi A6, 2010\u0433.","timestamp":1773809886}
{"product_id":143564,"nameStatic":"\u0423\u0441\u0438\u043b\u0438\u0442\u0435\u043b\u044c \u0431\u0430\u043c\u043f\u0435\u0440\u0430 \u043f\u0435\u0440\u0435\u0434\u043d\u0435\u0433\u043e \u043a Toyota Corolla Verso, 2005\u0433.","timestamp":1773809949}
{"product_id":218655,"nameStatic":"\u0424\u0430\u0440\u0430 \u043f\u0440\u0430\u0432\u0430\u044f \u043a Daewoo Matiz, 2005\u0433.","timestamp":1773809949}
{"product_id":372504,"nameStatic":"\u0417\u0430\u0449\u0438\u0442\u0430 \u0430\u0440\u043e\u043a \u043f\u0435\u0440\u0435\u0434\u043d\u044f\u044f \u043b\u0435\u0432\u0430\u044f (\u043f\u043e\u0434\u043a\u0440\u044b\u043b\u043e\u043a) \u043a Ford S-Max, 2008\u0433.","timestamp":1773809952}
{"product_id":371226,"nameStatic":"\u041f\u0440\u0443\u0436\u0438\u043d\u0430 \u0437\u0430\u0434\u043d\u044f\u044f \u043a BMW 3 F30\/F31\/GT F34, 2018\u0433.","timestamp":1773810012}
{"product_id":287098,"nameStatic":"\u0417\u0430\u043c\u043e\u043a \u0434\u0432\u0435\u0440\u0438 \u043f\u0435\u0440\u0435\u0434\u043d\u0435\u0439 \u043f\u0440\u0430\u0432\u043e\u0439 \u043a Audi A6, 2012\u0433.","timestamp":1773810012}
{"product_id":328907,"nameStatic":"\u0417\u0435\u0440\u043a\u0430\u043b\u043e \u043d\u0430\u0440\u0443\u0436\u043d\u043e\u0435 \u043f\u0440\u0430\u0432\u043e\u0435 \u043a Fiat Panda, 2012\u0433.","timestamp":1773810014}
{"product_id":296773,"nameStatic":"\u041f\u043e\u0440\u0448\u0435\u043d\u044c \u043a Toyota Avensis, 2008\u0433.","timestamp":1773810015}
{"product_id":373124,"nameStatic":"\u0411\u0430\u043c\u043f\u0435\u0440 \u043f\u0435\u0440\u0435\u0434\u043d\u0438\u0439 \u043a Audi A4, 2000\u0433.","timestamp":1773810016}
{"product_id":368237,"nameStatic":"\u041a\u043b\u0430\u043f\u0430\u043d \u044d\u043b\u0435\u043a\u0442\u0440\u043e\u043c\u0430\u0433\u043d\u0438\u0442\u043d\u044b\u0439 \u043a Renault Laguna, 2004\u0433.","timestamp":1773810017}
{"product_id":259874,"nameStatic":"\u0411\u043b\u043e\u043a \u0443\u043f\u0440\u0430\u0432\u043b\u0435\u043d\u0438\u044f \u0434\u0432\u0438\u0433\u0430\u0442\u0435\u043b\u0435\u043c \u043a Hafei Princip, 2007\u0433.","timestamp":1773810017}
{"product_id":317858,"nameStatic":"\u0417\u0430\u043c\u043e\u043a \u0440\u0443\u043b\u0435\u0432\u043e\u0439 \u043a\u043e\u043b\u043e\u043d\u043a\u0438 \u043a Renault Laguna, 2010\u0433.","timestamp":1773810067}
{"product_id":255059,"nameStatic":"\u0411\u043b\u043e\u043a \u0443\u043f\u0440\u0430\u0432\u043b\u0435\u043d\u0438\u044f \u0446\u0435\u043d\u0442\u0440\u0430\u043b\u044c\u043d\u044b\u043c \u0437\u0430\u043c\u043a\u043e\u043c \u043a Chevrolet Lacetti, 2005\u0433.","timestamp":1773810076}
{"product_id":274671,"nameStatic":"\u041f\u043e\u043b\u0443\u043e\u0441\u044c \u043f\u0435\u0440\u0435\u0434\u043d\u044f\u044f \u043f\u0440\u0430\u0432\u0430\u044f (\u043f\u0440\u0438\u0432\u043e\u0434\u043d\u043e\u0439 \u0432\u0430\u043b, \u0428\u0420\u0423\u0421) \u043a Mazda 6, 2002\u0433.","timestamp":1773810129}
{"product_id":163280,"nameStatic":"\u0420\u0435\u043c\u0435\u043d\u044c \u0431\u0435\u0437\u043e\u043f\u0430\u0441\u043d\u043e\u0441\u0442\u0438 \u0437\u0430\u0434\u043d\u0438\u0439 \u043f\u0440\u0430\u0432\u044b\u0439 \u043a Toyota Prius, 2007\u0433.","timestamp":1773810131}
{"product_id":328183,"nameStatic":"\u0428\u0442\u043e\u0440\u043a\u0430 \u0431\u0430\u0433\u0430\u0436\u043d\u0438\u043a\u0430 \u043a Skoda Octavia, 2004\u0433.","timestamp":1773810135}
{"product_id":171486,"nameStatic":"\u0421\u0442\u0435\u043a\u043b\u043e\u043f\u043e\u0434\u044a\u0435\u043c\u043d\u0438\u043a \u043f\u0435\u0440\u0435\u0434\u043d\u0438\u0439 \u043f\u0440\u0430\u0432\u044b\u0439 \u043a Smart Fortwo, 2008\u0433.","timestamp":1773810137}
{"product_id":284274,"nameStatic":"\u0421\u0442\u0443\u043f\u0438\u0446\u0430 \u043f\u0435\u0440\u0435\u0434\u043d\u044f\u044f \u043f\u0440\u0430\u0432\u0430\u044f \u043a Lada Vesta, 2019\u0433.","timestamp":1773810254}
{"product_id":297119,"nameStatic":"\u0424\u043e\u043d\u0430\u0440\u044c \u0437\u0430\u0434\u043d\u0438\u0439 \u043b\u0435\u0432\u044b\u0439 \u043a Nissan Terrano, 2000\u0433.","timestamp":1773810261}
{"product_id":306972,"nameStatic":"\u0421\u0442\u0443\u043f\u0438\u0446\u0430 \u0437\u0430\u0434\u043d\u044f\u044f \u043a Schmitz SKO-24, 2022\u0433.","timestamp":1773811392}
{"product_id":306973,"nameStatic":"\u0413\u0430\u0439\u043a\u0430 \u043a\u043e\u043b\u0435\u0441\u043d\u0430\u044f \u043a Schmitz SKO-24, 2022\u0433.","timestamp":1773811514}
{"product_id":306972,"nameStatic":"\u0421\u0442\u0443\u043f\u0438\u0446\u0430 \u0437\u0430\u0434\u043d\u044f\u044f \u043a Schmitz SKO-24, 2022\u0433.","timestamp":1773811524}
{"product_id":306974,"nameStatic":"\u0414\u0438\u0441\u043a \u0442\u043e\u0440\u043c\u043e\u0437\u043d\u043e\u0439 \u0437\u0430\u0434\u043d\u0438\u0439 \u043a Schmitz SKO-24, 2022\u0433.","timestamp":1773811554}
{"product_id":204300,"nameStatic":"\u0411\u043b\u043e\u043a \u0443\u043f\u0440\u0430\u0432\u043b\u0435\u043d\u0438\u044f \u043f\u0435\u0447\u043a\u0438\/\u043a\u043b\u0438\u043c\u0430\u0442-\u043a\u043e\u043d\u0442\u0440\u043e\u043b\u044f \u043a Geely Emgrand EC7, 2012\u0433.","timestamp":1773811690}
{"product_id":345868,"nameStatic":"\u0414\u0432\u0435\u0440\u044c \u0441\u0434\u0432\u0438\u0436\u043d\u0430\u044f \u043f\u0440\u0430\u0432\u0430\u044f \u043a Peugeot Boxer, 2008\u0433.","timestamp":1773811781}
{"product_id":248801,"nameStatic":"\u041f\u0440\u0438\u0446\u0435\u043f\u043d\u043e\u0435 \u0443\u0441\u0442\u0440\u043e\u0439\u0441\u0442\u0432\u043e (\u0444\u0430\u0440\u043a\u043e\u043f) \u043a Nissan Vanette, 1998\u0433.","timestamp":1773811888}
{"product_id":272132,"nameStatic":"\u0414\u0432\u0435\u0440\u044c \u0441\u0434\u0432\u0438\u0436\u043d\u0430\u044f \u043f\u0440\u0430\u0432\u0430\u044f \u043a Peugeot Boxer, 2002\u0433.","timestamp":1773812011}
{"product_id":164236,"nameStatic":"\u041f\u0430\u0442\u0440\u0443\u0431\u043e\u043a (\u0442\u0440\u0443\u0431\u043e\u043f\u0440\u043e\u0432\u043e\u0434, \u0448\u043b\u0430\u043d\u0433) \u043a Hyundai Veloster, 2011\u0433.","timestamp":1773812060}
{"product_id":364328,"nameStatic":"\u041a\u043d\u043e\u043f\u043a\u0430 \u0441\u0442\u0435\u043a\u043b\u043e\u043f\u043e\u0434\u044a\u0435\u043c\u043d\u0438\u043a\u0430 \u043f\u0435\u0440\u0435\u0434\u043d\u0435\u0433\u043e \u043f\u0440\u0430\u0432\u043e\u0433\u043e \u043a SsangYong Rexton, 2006\u0433.","timestamp":1773812117}
{"product_id":310738,"nameStatic":"\u041c\u0435\u0445\u0430\u043d\u0438\u0437\u043c \u0441\u0442\u0435\u043a\u043b\u043e\u043e\u0447\u0438\u0441\u0442\u0438\u0442\u0435\u043b\u044f (\u0442\u0440\u0430\u043f\u0435\u0446\u0438\u044f \u0434\u0432\u043e\u0440\u043d\u0438\u043a\u043e\u0432) \u043a Citroen Berlingo, 2006\u0433.","timestamp":1773812119}
{"product_id":96520,"nameStatic":"\u0423\u0441 \u043f\u043e\u0434 \u0444\u043e\u043d\u0430\u0440\u044c \u043b\u0435\u0432\u044b\u0439 \u043a Volkswagen Sharan, 2001\u0433.","timestamp":1773812303}
{"product_id":382636,"nameStatic":"\u041a\u0440\u044b\u0448\u043a\u0430 \u0431\u0430\u0433\u0430\u0436\u043d\u0438\u043a\u0430 (\u0434\u0432\u0435\u0440\u044c 3-5) \u043a Ford Galaxy, 2003\u0433.","timestamp":1773812313}
{"product_id":363162,"nameStatic":"\u041a\u0440\u044b\u0448\u043a\u0430 \u0431\u0430\u0433\u0430\u0436\u043d\u0438\u043a\u0430 (\u0434\u0432\u0435\u0440\u044c 3-5) \u043a Ford Galaxy, 2003\u0433.","timestamp":1773812345}
{"product_id":372051,"nameStatic":"\u041a\u043d\u043e\u043f\u043a\u0430 \u0440\u0443\u0447\u043d\u043e\u0433\u043e \u0442\u043e\u0440\u043c\u043e\u0437\u0430 (\u0440\u0443\u0447\u043d\u0438\u043a\u0430) \u043a Geely Atlas, 2020\u0433.","timestamp":1773812364}
{"product_id":144609,"nameStatic":"\u0420\u0435\u0433\u0443\u043b\u044f\u0442\u043e\u0440 \u0434\u043e\u0440\u043e\u0436\u043d\u043e\u0433\u043e \u043f\u0440\u043e\u0441\u0432\u0435\u0442\u0430 \u043f\u0435\u0440\u0435\u0434\u043d\u0438\u0439 \u043a Citroen XM, 1996\u0433.","timestamp":1773812425}
{"product_id":372051,"nameStatic":"\u041a\u043d\u043e\u043f\u043a\u0430 \u0440\u0443\u0447\u043d\u043e\u0433\u043e \u0442\u043e\u0440\u043c\u043e\u0437\u0430 (\u0440\u0443\u0447\u043d\u0438\u043a\u0430) \u043a Geely Atlas, 2020\u0433.","timestamp":1773812430}
{"product_id":375998,"nameStatic":"\u041c\u0430\u0441\u043b\u044f\u043d\u0430\u044f \u0442\u0440\u0443\u0431\u043a\u0430 \u0442\u0443\u0440\u0431\u0438\u043d\u044b \u043a Ford Transit, 2012\u0433.","timestamp":1773812487}
{"product_id":377333,"nameStatic":"\u0424\u0430\u0440\u0430 \u043f\u0440\u043e\u0442\u0438\u0432\u043e\u0442\u0443\u043c\u0430\u043d\u043d\u0430\u044f \u043b\u0435\u0432\u0430\u044f \u043a Opel Corsa, 2013\u0433.","timestamp":1773812487}
{"product_id":89974,"nameStatic":"\u0429\u0438\u0442\u043e\u043a \u043f\u0440\u0438\u0431\u043e\u0440\u043e\u0432 (\u043f\u0440\u0438\u0431\u043e\u0440\u043d\u0430\u044f \u043f\u0430\u043d\u0435\u043b\u044c) \u043a Peugeot Expert, 2007\u0433.","timestamp":1773812487}
{"product_id":121496,"nameStatic":"\u0422\u0435\u043f\u043b\u043e\u043e\u0431\u043c\u0435\u043d\u043d\u0438\u043a \u043c\u0430\u0441\u043b\u044f\u043d\u043e\u0433\u043e \u0444\u0438\u043b\u044c\u0442\u0440\u0430 \u043a Citroen C8, 2004\u0433.","timestamp":1773812490}
{"product_id":372051,"nameStatic":"\u041a\u043d\u043e\u043f\u043a\u0430 \u0440\u0443\u0447\u043d\u043e\u0433\u043e \u0442\u043e\u0440\u043c\u043e\u0437\u0430 (\u0440\u0443\u0447\u043d\u0438\u043a\u0430) \u043a Geely Atlas, 2020\u0433.","timestamp":1773812490}
{"product_id":178434,"nameStatic":"\u041a\u0440\u043e\u043d\u0448\u0442\u0435\u0439\u043d \u043a\u0440\u0435\u043f\u043b\u0435\u043d\u0438\u044f \u0431\u0430\u043c\u043f\u0435\u0440\u0430 \u0437\u0430\u0434\u043d\u0435\u0433\u043e \u043a Peugeot 5008, 2010\u0433.","timestamp":1773812677}
{"product_id":231691,"nameStatic":"\u0420\u0435\u0434\u0443\u043a\u0442\u043e\u0440 \u043f\u0435\u0440\u0435\u0434\u043d\u0435\u0433\u043e \u043c\u043e\u0441\u0442\u0430 \u043a Hyundai Tucson, 2008\u0433.","timestamp":1773812687}
{"product_id":179792,"nameStatic":"\u0420\u0443\u0447\u043a\u0430 \u043d\u0430\u0440\u0443\u0436\u043d\u0430\u044f \u0437\u0430\u0434\u043d\u044f\u044f \u043f\u0440\u0430\u0432\u0430\u044f \u043a Chrysler Voyager, 2005\u0433.","timestamp":1773812733}
{"product_id":113654,"nameStatic":"\u0420\u0430\u0434\u0438\u0430\u0442\u043e\u0440 (\u043e\u0441\u043d\u043e\u0432\u043d\u043e\u0439) \u043a Hyundai H1, 2006\u0433.","timestamp":1773812736}
{"product_id":260447,"nameStatic":"\u0414\u0432\u0438\u0433\u0430\u0442\u0435\u043b\u044c \u043a Mitsubishi Fuso Canter, 2001\u0433.","timestamp":1773812842}
{"product_id":246879,"nameStatic":"\u041d\u0430\u0441\u043e\u0441 \u0433\u0438\u0434\u0440\u043e\u0443\u0441\u0438\u043b\u0438\u0442\u0435\u043b\u044f \u0440\u0443\u043b\u044f \u043a Nissan Vanette, 1998\u0433.","timestamp":1773812920}
{"product_id":318593,"nameStatic":"\u0422\u043e\u043f\u043b\u0438\u0432\u043d\u0430\u044f \u0440\u0430\u043c\u043f\u0430 \u043a Chery A13, 2013\u0433.","timestamp":1773812922}
{"product_id":104718,"nameStatic":"\u0417\u0430\u043c\u043e\u043a \u0434\u0432\u0435\u0440\u0438 \u0437\u0430\u0434\u043d\u0435\u0439 \u043b\u0435\u0432\u043e\u0439 \u043a Mazda MPV, 2002\u0433.","timestamp":1773812926}
{"product_id":371377,"nameStatic":"\u0424\u043e\u0440\u0441\u0443\u043d\u043a\u0430 \u043a Ford Focus, 2002\u0433.","timestamp":1773812926}
{"product_id":259343,"nameStatic":"\u0421\u0442\u0430\u0440\u0442\u0435\u0440 \u043a Hafei Princip, 2007\u0433.","timestamp":1773813043}
{"product_id":221202,"nameStatic":"\u0420\u0443\u043b\u044c \u043a Fiat Grande Punto, 2009\u0433.","timestamp":1773813047}
{"product_id":266999,"nameStatic":"\u0411\u0430\u0447\u043e\u043a \u043e\u043c\u044b\u0432\u0430\u0442\u0435\u043b\u044f \u043a Dodge Caravan, 1997\u0433.","timestamp":1773813110}
{"product_id":126279,"nameStatic":"\u0421\u0443\u043f\u043f\u043e\u0440\u0442 \u043f\u0435\u0440\u0435\u0434\u043d\u0438\u0439 \u043f\u0440\u0430\u0432\u044b\u0439 \u043a Volkswagen Golf, 2006\u0433.","timestamp":1773813110}
{"product_id":143393,"nameStatic":"\u041f\u0435\u0442\u043b\u044f \u043a\u0430\u043f\u043e\u0442\u0430 \u043f\u0440\u0430\u0432\u0430\u044f \u043a Citroen Berlingo, 1999\u0433.","timestamp":1773813112}
{"product_id":177180,"nameStatic":"\u0414\u043d\u0435\u0432\u043d\u044b\u0435 \u0445\u043e\u0434\u043e\u0432\u044b\u0435 \u043e\u0433\u043d\u0438 \u043f\u0440\u0430\u0432\u044b\u0435 \u043a DAF LF, 2004\u0433.","timestamp":1773813163}
{"product_id":286460,"nameStatic":"\u041f\u0430\u0442\u0440\u0443\u0431\u043e\u043a \u0438\u043d\u0442\u0435\u0440\u043a\u0443\u043b\u0435\u0440\u0430 \u043a Audi A4, 2006\u0433.","timestamp":1773813167}
{"product_id":290656,"nameStatic":"\u041a\u0440\u043e\u043d\u0448\u0442\u0435\u0439\u043d \u043f\u043e\u043b\u0443\u043e\u0441\u0438 \u043a Peugeot Boxer, 2004\u0433.","timestamp":1773813168}
{"product_id":255861,"nameStatic":"\u041e\u0431\u0448\u0438\u0432\u043a\u0430 \u0434\u0432\u0435\u0440\u0438 \u0437\u0430\u0434\u043d\u0435\u0439 \u043f\u0440\u0430\u0432\u043e\u0439 (\u0434\u0432\u0435\u0440\u043d\u0430\u044f \u043a\u0430\u0440\u0442\u0430) \u043a Ford Fiesta, 2009\u0433.","timestamp":1773813169}
{"product_id":345654,"nameStatic":"\u0417\u0435\u0440\u043a\u0430\u043b\u043e \u043d\u0430\u0440\u0443\u0436\u043d\u043e\u0435 \u043b\u0435\u0432\u043e\u0435 \u043a \u0423\u0410\u0417 3160, 2005\u0433.","timestamp":1773813229}
{"product_id":341530,"nameStatic":"\u0428\u043a\u0438\u0432 \u043a\u043e\u043b\u0435\u043d\u0432\u0430\u043b\u0430 \u043a Nissan Vanette, 1996\u0433.","timestamp":1773813230}
{"product_id":292420,"nameStatic":"\u0424\u0430\u0440\u0430 \u043f\u0440\u0430\u0432\u0430\u044f \u043a Volkswagen Lupo, 2003\u0433.","timestamp":1773813230}
{"product_id":184706,"nameStatic":"\u041a\u0430\u0442\u0443\u0448\u043a\u0430 \u0437\u0430\u0436\u0438\u0433\u0430\u043d\u0438\u044f \u043a Kia Optima, 2016\u0433.","timestamp":1773813234}
{"product_id":381624,"nameStatic":"\u041f\u0430\u0440\u043a\u0442\u0440\u043e\u043d\u0438\u043a \u043f\u0435\u0440\u0435\u0434\u043d\u0438\u0439 \u043a Peugeot 308, 2022\u0433.","timestamp":1773813295}
{"product_id":368932,"nameStatic":"\u0414\u0430\u0442\u0447\u0438\u043a \u0434\u0430\u0432\u043b\u0435\u043d\u0438\u044f \u0442\u043e\u043f\u043b\u0438\u0432\u0430 \u043a Iveco Daily, 2003\u0433.","timestamp":1773813295}
{"product_id":375125,"nameStatic":"\u0420\u0435\u043b\u0435 \u0432\u0435\u043d\u0442\u0438\u043b\u044f\u0442\u043e\u0440\u0430 \u043a Fiat Ducato, 2022\u0433.","timestamp":1773813295}
{"product_id":369533,"nameStatic":"\u0420\u0430\u0434\u0438\u0430\u0442\u043e\u0440 (\u043e\u0441\u043d\u043e\u0432\u043d\u043e\u0439) \u043a Mercedes S W220, 2004\u0433.","timestamp":1773813295}
{"product_id":277758,"nameStatic":"\u041a\u043e\u043c\u043f\u0440\u0435\u0441\u0441\u043e\u0440 \u043a\u043e\u043d\u0434\u0438\u0446\u0438\u043e\u043d\u0435\u0440\u0430 \u043a Kia Venga, 2010\u0433.","timestamp":1773813357}
{"product_id":143609,"nameStatic":"\u0423\u0441\u0438\u043b\u0438\u0442\u0435\u043b\u044c \u0431\u0430\u043c\u043f\u0435\u0440\u0430 \u043f\u0435\u0440\u0435\u0434\u043d\u0435\u0433\u043e \u043a Volvo S40, 2005\u0433.","timestamp":1773813358}
{"product_id":366537,"nameStatic":"\u041a\u041f\u041f \u0430\u0432\u0442\u043e\u043c\u0430\u0442\u0438\u0447\u0435\u0441\u043a\u0430\u044f (\u0410\u041a\u041f\u041f) \u043a BMW 5 E60\/E61, 2008\u0433.","timestamp":1773813362}
{"product_id":162555,"nameStatic":"\u0420\u0443\u0447\u043a\u0430 \u043d\u0430\u0440\u0443\u0436\u043d\u0430\u044f \u0437\u0430\u0434\u043d\u044f\u044f \u043b\u0435\u0432\u0430\u044f \u043a Citroen DS4, 2011\u0433.","timestamp":1773813418}
{"product_id":329448,"nameStatic":"\u0413\u043e\u043b\u043e\u0432\u043a\u0430 \u0431\u043b\u043e\u043a\u0430 \u0446\u0438\u043b\u0438\u043d\u0434\u0440\u043e\u0432 \u043a Opel Vivaro, 2008\u0433.","timestamp":1773813480}
{"product_id":372168,"nameStatic":"\u0420\u0443\u0447\u043a\u0430 \u043d\u0430\u0440\u0443\u0436\u043d\u0430\u044f \u0440\u0430\u0441\u043f\u0430\u0448\u043d\u043e\u0439 \u0434\u0432\u0435\u0440\u0438 \u043f\u0440\u0430\u0432\u043e\u0439 \u043a Citroen Jumper, 2008\u0433.","timestamp":1773813540}
{"product_id":345502,"nameStatic":"\u0429\u0435\u0442\u043a\u043e\u0434\u0435\u0440\u0436\u0430\u0442\u0435\u043b\u044c \u0437\u0430\u0434\u043d\u0438\u0439 \u043a Skoda Octavia, 2005\u0433.","timestamp":1773813540}
{"product_id":312689,"nameStatic":"\u0420\u0430\u0434\u0438\u0430\u0442\u043e\u0440 (\u043e\u0441\u043d\u043e\u0432\u043d\u043e\u0439) \u043a LDV Maxus, 2006\u0433.","timestamp":1773813542}
{"product_id":361440,"nameStatic":"\u0411\u043b\u043e\u043a \u0443\u043f\u0440\u0430\u0432\u043b\u0435\u043d\u0438\u044f \u0434\u0432\u0438\u0433\u0430\u0442\u0435\u043b\u0435\u043c \u043a Mercedes E W211, 2002\u0433.","timestamp":1773813545}
{"product_id":318682,"nameStatic":"\u041a\u043e\u043c\u043f\u043b\u0435\u043a\u0442 \u0441\u0446\u0435\u043f\u043b\u0435\u043d\u0438\u044f \u043a Suzuki Swift, 2021\u0433.","timestamp":1773813598}
{"product_id":346298,"nameStatic":"\u041f\u0440\u043e\u0432\u043e\u0434\u043a\u0430 (\u043f\u043b\u0430\u043d\u043a\u0430) \u0441\u0432\u0435\u0447\u0435\u0439 \u043d\u0430\u043a\u0430\u043b\u0430 \u043a Ford Transit, 2019\u0433.","timestamp":1773813875}
{"product_id":207756,"nameStatic":"\u041c\u0430\u0433\u043d\u0438\u0442\u043e\u043b\u0430 \u043a SsangYong Musso, 2003\u0433.","timestamp":1773813972}
{"product_id":364821,"nameStatic":"\u0424\u0430\u0440\u0430 \u043f\u0440\u0430\u0432\u0430\u044f \u043a Lada Niva Travel, 2023\u0433.","timestamp":1773814132}
{"product_id":352738,"nameStatic":"\u0421\u043a\u043e\u0431\u0430 (\u043a\u0440\u043e\u043d\u0448\u0442\u0435\u0439\u043d) \u043a\u0440\u0435\u043f\u043b\u0435\u043d\u0438\u044f \u0444\u043e\u0440\u0441\u0443\u043d\u043a\u0438 \u043a Opel Astra, 2007\u0433.","timestamp":1773814283}
{"product_id":382518,"nameStatic":"\u041a\u043e\u043c\u043f\u0440\u0435\u0441\u0441\u043e\u0440 \u043a\u043e\u043d\u0434\u0438\u0446\u0438\u043e\u043d\u0435\u0440\u0430 \u043a Volkswagen Sharan, 2001\u0433.","timestamp":1773814428}
{"product_id":357750,"nameStatic":"\u041e\u043f\u043e\u0440\u043d\u0430\u044f \u043f\u043b\u043e\u0449\u0430\u0434\u043a\u0430 \u0434\u043b\u044f \u043d\u043e\u0433\u0438 \u043a Renault Premium, 2004\u0433.","timestamp":1773814532}
{"product_id":347842,"nameStatic":"\u041d\u0430\u0441\u043e\u0441 \u0433\u0438\u0434\u0440\u043e\u0443\u0441\u0438\u043b\u0438\u0442\u0435\u043b\u044f \u0440\u0443\u043b\u044f \u043a Mazda 6, 2004\u0433.","timestamp":1773814685}
{"product_id":371657,"nameStatic":"\u041a\u041f\u041f \u043c\u0435\u0445\u0430\u043d\u0438\u0447\u0435\u0441\u043a\u0430\u044f (\u041c\u041a\u041f\u041f) \u043a Fiat Punto, 2003\u0433.","timestamp":1773815264}
{"product_id":381327,"nameStatic":"\u041a\u041f\u041f \u043c\u0435\u0445\u0430\u043d\u0438\u0447\u0435\u0441\u043a\u0430\u044f (\u041c\u041a\u041f\u041f) \u043a Volkswagen Passat, 1998\u0433.","timestamp":1773815266}
{"product_id":343633,"nameStatic":"\u041a\u0440\u043e\u043d\u0448\u0442\u0435\u0439\u043d \u043a\u0440\u0435\u043f\u043b\u0435\u043d\u0438\u044f \u0431\u0430\u043c\u043f\u0435\u0440\u0430 \u043f\u0435\u0440\u0435\u0434\u043d\u0435\u0433\u043e \u043a Ford S-Max, 2007\u0433.","timestamp":1773815510}
{"product_id":382381,"nameStatic":"\u041a\u041f\u041f \u043c\u0435\u0445\u0430\u043d\u0438\u0447\u0435\u0441\u043a\u0430\u044f (\u041c\u041a\u041f\u041f) \u043a Volkswagen Golf, 2006\u0433.","timestamp":1773815620}
{"product_id":244577,"nameStatic":"\u0411\u043b\u043e\u043a ABS \u043a Seat Altea, 2003\u0433.","timestamp":1773815626}
{"product_id":318274,"nameStatic":"\u0420\u0443\u0447\u043a\u0430 \u043d\u0430\u0440\u0443\u0436\u043d\u0430\u044f \u043f\u0435\u0440\u0435\u0434\u043d\u044f\u044f \u043f\u0440\u0430\u0432\u0430\u044f \u043a Audi A6, 2007\u0433.","timestamp":1773815628}
{"product_id":382381,"nameStatic":"\u041a\u041f\u041f \u043c\u0435\u0445\u0430\u043d\u0438\u0447\u0435\u0441\u043a\u0430\u044f (\u041c\u041a\u041f\u041f) \u043a Volkswagen Golf, 2006\u0433.","timestamp":1773815656}
{"product_id":381650,"nameStatic":"\u041a\u041f\u041f \u043c\u0435\u0445\u0430\u043d\u0438\u0447\u0435\u0441\u043a\u0430\u044f (\u041c\u041a\u041f\u041f) \u043a Volkswagen Golf, 2006\u0433.","timestamp":1773815673}
{"product_id":381634,"nameStatic":"\u041a\u041f\u041f \u043c\u0435\u0445\u0430\u043d\u0438\u0447\u0435\u0441\u043a\u0430\u044f (\u041c\u041a\u041f\u041f) \u043a Volkswagen Golf, 2009\u0433.","timestamp":1773815703}
{"product_id":381459,"nameStatic":"\u041a\u041f\u041f \u043c\u0435\u0445\u0430\u043d\u0438\u0447\u0435\u0441\u043a\u0430\u044f (\u041c\u041a\u041f\u041f) \u043a Volkswagen Golf, 2002\u0433.","timestamp":1773815737}
{"product_id":125437,"nameStatic":"\u0422\u043e\u043f\u043b\u0438\u0432\u043d\u0430\u044f \u0440\u0430\u043c\u043f\u0430 \u043a Chrysler PT-Cruiser, 2003\u0433.","timestamp":1773815748}
{"product_id":381446,"nameStatic":"\u041a\u041f\u041f \u043c\u0435\u0445\u0430\u043d\u0438\u0447\u0435\u0441\u043a\u0430\u044f (\u041c\u041a\u041f\u041f) \u043a Volkswagen Golf, 2006\u0433.","timestamp":1773815761}
{"product_id":377200,"nameStatic":"\u041a\u041f\u041f \u043c\u0435\u0445\u0430\u043d\u0438\u0447\u0435\u0441\u043a\u0430\u044f (\u041c\u041a\u041f\u041f) \u043a Volkswagen Passat, 2007\u0433.","timestamp":1773815792}
{"product_id":380171,"nameStatic":"\u0421\u0442\u0430\u0440\u0442\u0435\u0440 \u043a Volkswagen Transporter, 2000\u0433.","timestamp":1773815793}
{"product_id":292043,"nameStatic":"\u0420\u0443\u0447\u043a\u0430 \u043d\u0430\u0440\u0443\u0436\u043d\u0430\u044f \u043f\u0435\u0440\u0435\u0434\u043d\u044f\u044f \u043b\u0435\u0432\u0430\u044f \u043a Toyota Auris, 2011\u0433.","timestamp":1773815815}
{"product_id":126821,"nameStatic":"\u041f\u043e\u0440\u0448\u0435\u043d\u044c \u043a Opel Combo, 2005\u0433.","timestamp":1773815816}
{"product_id":198143,"nameStatic":"\u0421\u0442\u0430\u0440\u0442\u0435\u0440 \u043a Volvo V40, 1998\u0433.","timestamp":1773815818}
{"product_id":371651,"nameStatic":"\u041a\u041f\u041f \u043c\u0435\u0445\u0430\u043d\u0438\u0447\u0435\u0441\u043a\u0430\u044f (\u041c\u041a\u041f\u041f) \u043a Volkswagen Polo, 2006\u0433.","timestamp":1773815866}
{"product_id":243886,"nameStatic":"\u0411\u043b\u043e\u043a ABS \u043a Mercedes C W203, 2001\u0433.","timestamp":1773815877}
{"product_id":144735,"nameStatic":"\u0422\u0440\u0443\u0431\u0430 \u0438\u043d\u0442\u0435\u0440\u043a\u0443\u043b\u0435\u0440\u0430 \u043a Chrysler Voyager, 2005\u0433.","timestamp":1773815879}
{"product_id":126664,"nameStatic":"\u041a\u043d\u043e\u043f\u043a\u0430 \u0441\u0442\u0435\u043a\u043b\u043e\u043f\u043e\u0434\u044a\u0435\u043c\u043d\u0438\u043a\u0430 \u043a Mercedes E W210, 2002\u0433.","timestamp":1773815880}
{"product_id":312789,"nameStatic":"\u0418\u043d\u0442\u0435\u0440\u043a\u0443\u043b\u0435\u0440 \u043a Kia Ceed, 2010\u0433.","timestamp":1773815880}
{"product_id":371631,"nameStatic":"\u041a\u041f\u041f \u043c\u0435\u0445\u0430\u043d\u0438\u0447\u0435\u0441\u043a\u0430\u044f (\u041c\u041a\u041f\u041f) \u043a Volkswagen Golf, 2001\u0433.","timestamp":1773815884}
{"product_id":146560,"nameStatic":"\u0417\u0430\u043c\u043e\u043a \u0440\u0443\u043b\u0435\u0432\u043e\u0439 \u043a\u043e\u043b\u043e\u043d\u043a\u0438 \u043a Dodge Caravan, 2007\u0433.","timestamp":1773816001}
{"product_id":227100,"nameStatic":"\u041a\u043e\u043b\u043f\u0430\u043a \u043a\u043e\u043b\u0435\u0441\u043d\u044b\u0439 \u043a Ford Escape, 2004\u0433.","timestamp":1773816002}
{"product_id":203968,"nameStatic":"\u041f\u0435\u0440\u0435\u043a\u043b\u044e\u0447\u0430\u0442\u0435\u043b\u044c \u0434\u0432\u043e\u0440\u043d\u0438\u043a\u043e\u0432 \u043a Geely SC7, 2014\u0433.","timestamp":1773816061}
{"product_id":95022,"nameStatic":"\u0421\u0442\u0435\u043a\u043b\u043e\u043f\u043e\u0434\u044a\u0435\u043c\u043d\u0438\u043a \u044d\u043b\u0435\u043a\u0442\u0440\u0438\u0447\u0435\u0441\u043a\u0438\u0439 \u043f\u0435\u0440\u0435\u0434\u043d\u0438\u0439 \u043f\u0440\u0430\u0432\u044b\u0439 \u043a Fiat Ducato, 2008\u0433.","timestamp":1773816063}
{"product_id":353709,"nameStatic":"\u041a\u043e\u043b\u043f\u0430\u043a \u043a\u043e\u043b\u0435\u0441\u043d\u044b\u0439 \u043a Fiat Ducato, 2009\u0433.","timestamp":1773816134}
{"product_id":356221,"nameStatic":"\u041d\u0430\u0442\u044f\u0436\u0438\u0442\u0435\u043b\u044c \u0440\u0435\u043c\u043d\u044f \u0433\u0435\u043d\u0435\u0440\u0430\u0442\u043e\u0440\u0430 \u043a Volvo V50, 2009\u0433.","timestamp":1773816184}
{"product_id":369380,"nameStatic":"\u0414\u0432\u0435\u0440\u044c \u043f\u0435\u0440\u0435\u0434\u043d\u044f\u044f \u043b\u0435\u0432\u0430\u044f \u043a Mercedes Vito W639, 2007\u0433.","timestamp":1773816186}
{"product_id":360103,"nameStatic":"\u0428\u043a\u0438\u0432 \u043a\u043e\u043b\u0435\u043d\u0432\u0430\u043b\u0430 \u043a Peugeot 806, 1998\u0433.","timestamp":1773816242}
{"product_id":376180,"nameStatic":"\u041a\u041f\u041f \u043c\u0435\u0445\u0430\u043d\u0438\u0447\u0435\u0441\u043a\u0430\u044f (\u041c\u041a\u041f\u041f) \u043a Opel Vivaro, 2008\u0433.","timestamp":1773816272}
{"product_id":378985,"nameStatic":"\u0414\u0430\u0442\u0447\u0438\u043a \u0434\u0430\u0432\u043b\u0435\u043d\u0438\u044f \u0442\u043e\u043f\u043b\u0438\u0432\u0430 \u043a Ford Focus, 2008\u0433.","timestamp":1773816354}
{"product_id":314148,"nameStatic":"\u0417\u0435\u0440\u043a\u0430\u043b\u043e \u043d\u0430\u0440\u0443\u0436\u043d\u043e\u0435 \u043b\u0435\u0432\u043e\u0435 \u043a Volkswagen Jetta, 2010\u0433.","timestamp":1773816368}
{"product_id":359503,"nameStatic":"\u0417\u0430\u043c\u043e\u043a \u0431\u0430\u0433\u0430\u0436\u043d\u0438\u043a\u0430 \u043a Skoda Fabia, 2005\u0433.","timestamp":1773816376}
{"product_id":358817,"nameStatic":"\u041a\u041f\u041f \u043c\u0435\u0445\u0430\u043d\u0438\u0447\u0435\u0441\u043a\u0430\u044f (\u041c\u041a\u041f\u041f) \u043a Mercedes E W123, 1984\u0433.","timestamp":1773816426}
{"product_id":375719,"nameStatic":"\u0411\u0430\u043b\u043a\u0430 \u043f\u043e\u0434\u0432\u0435\u0441\u043a\u0438 \u0437\u0430\u0434\u043d\u044f\u044f \u043a Alfa Romeo 159, 2009\u0433.","timestamp":1773816430}
{"product_id":364872,"nameStatic":"\u0411\u043b\u043e\u043a \u0443\u043f\u0440\u0430\u0432\u043b\u0435\u043d\u0438\u044f \u0434\u0432\u0438\u0433\u0430\u0442\u0435\u043b\u0435\u043c \u043a Peugeot 406, 1997\u0433.","timestamp":1773816432}
{"product_id":314949,"nameStatic":"\u0421\u0442\u0443\u043f\u0438\u0446\u0430 \u043f\u0435\u0440\u0435\u0434\u043d\u044f\u044f \u043f\u0440\u0430\u0432\u0430\u044f \u043a Lifan Solano, 2010\u0433.","timestamp":1773816435}
{"product_id":177758,"nameStatic":"\u041c\u043e\u0442\u043e\u0440\u0447\u0438\u043a \u043f\u0435\u0447\u043a\u0438 \u043a Citroen Jumpy, 2008\u0433.","timestamp":1773816450}
{"product_id":289249,"nameStatic":"\u0420\u0443\u043b\u0435\u0432\u043e\u0439 \u043a\u0430\u0440\u0434\u0430\u043d\u0447\u0438\u043a \u043a Lada Kalina, 2008\u0433.","timestamp":1773816494}
{"product_id":376414,"nameStatic":"\u041c\u0435\u0445\u0430\u043d\u0438\u0437\u043c \u0441\u0442\u0435\u043a\u043b\u043e\u043e\u0447\u0438\u0441\u0442\u0438\u0442\u0435\u043b\u044f (\u0442\u0440\u0430\u043f\u0435\u0446\u0438\u044f \u0434\u0432\u043e\u0440\u043d\u0438\u043a\u043e\u0432) \u043a Volvo V50, 2008\u0433.","timestamp":1773816497}
{"product_id":306359,"nameStatic":"\u0420\u0435\u0433\u0443\u043b\u044f\u0442\u043e\u0440 \u0434\u0430\u0432\u043b\u0435\u043d\u0438\u044f \u0442\u043e\u043f\u043b\u0438\u0432\u0430 \u043a Ford Focus, 2006\u0433.","timestamp":1773816499}
{"product_id":226328,"nameStatic":"\u041c\u043e\u0442\u043e\u0440\u0447\u0438\u043a \u0437\u0430\u0434\u043d\u0435\u0433\u043e \u0441\u0442\u0435\u043a\u043b\u043e\u043e\u0447\u0438\u0441\u0442\u0438\u0442\u0435\u043b\u044f (\u0434\u0432\u043e\u0440\u043d\u0438\u043a\u0430) \u043a Ford Focus, 2009\u0433.","timestamp":1773816511}
{"product_id":191449,"nameStatic":"\u0411\u043b\u043e\u043a ABS \u043a Daewoo Lanos, 2005\u0433.","timestamp":1773816557}
{"product_id":302767,"nameStatic":"\u0417\u0430\u043c\u043e\u043a \u0434\u0432\u0435\u0440\u0438 \u0437\u0430\u0434\u043d\u0435\u0439 \u043f\u0440\u0430\u0432\u043e\u0439 \u043a Skoda Superb, 2008\u0433.","timestamp":1773816558}
{"product_id":93368,"nameStatic":"\u041d\u0430\u043a\u043b\u0430\u0434\u043a\u0430 \u043f\u043e\u0434\u0441\u0432\u0435\u0442\u043a\u0438 \u043d\u043e\u043c\u0435\u0440\u0430 \u043a Nissan Almera, 2000\u0433.","timestamp":1773816561}
{"product_id":310058,"nameStatic":"\u0414\u0430\u0442\u0447\u0438\u043a \u043f\u0430\u0440\u043a\u0442\u0440\u043e\u043d\u0438\u043a\u0430 \u043a Ford Galaxy, 2001\u0433.","timestamp":1773816561}
{"product_id":328659,"nameStatic":"\u041f\u043e\u0440\u0448\u0435\u043d\u044c \u043a Audi Q7, 2015\u0433.","timestamp":1773816562}
{"product_id":329048,"nameStatic":"\u0421\u0443\u043f\u043f\u043e\u0440\u0442 \u0437\u0430\u0434\u043d\u0438\u0439 \u043f\u0440\u0430\u0432\u044b\u0439 \u043a Citroen C8, 2005\u0433.","timestamp":1773816621}
{"product_id":171373,"nameStatic":"\u0411\u043b\u043e\u043a \u043f\u0440\u0435\u0434\u043e\u0445\u0440\u0430\u043d\u0438\u0442\u0435\u043b\u0435\u0439 \u043a Kia Picanto, 2011\u0433.","timestamp":1773816622}
{"product_id":193929,"nameStatic":"\u041f\u0435\u0440\u0435\u043a\u043b\u044e\u0447\u0430\u0442\u0435\u043b\u044c \u0434\u0432\u043e\u0440\u043d\u0438\u043a\u043e\u0432 \u043a Geely SC7, 2014\u0433.","timestamp":1773816622}
{"product_id":100042,"nameStatic":"\u0422\u041d\u0412\u0414 \u043a Fiat Fiorino, 1998\u0433.","timestamp":1773816625}
{"product_id":104394,"nameStatic":"\u041c\u043e\u0442\u043e\u0440\u0447\u0438\u043a \u0437\u0430\u0434\u043d\u0435\u0433\u043e \u0441\u0442\u0435\u043a\u043b\u043e\u043e\u0447\u0438\u0441\u0442\u0438\u0442\u0435\u043b\u044f (\u0434\u0432\u043e\u0440\u043d\u0438\u043a\u0430) \u043a Ford Focus, 2009\u0433.","timestamp":1773816627}
{"product_id":104400,"nameStatic":"\u041c\u043e\u0442\u043e\u0440\u0447\u0438\u043a \u0437\u0430\u0434\u043d\u0435\u0433\u043e \u0441\u0442\u0435\u043a\u043b\u043e\u043e\u0447\u0438\u0441\u0442\u0438\u0442\u0435\u043b\u044f (\u0434\u0432\u043e\u0440\u043d\u0438\u043a\u0430) \u043a Ford Focus, 2008\u0433.","timestamp":1773816659}
{"product_id":228350,"nameStatic":"\u0417\u0435\u0440\u043a\u0430\u043b\u043e \u043d\u0430\u0440\u0443\u0436\u043d\u043e\u0435 \u043f\u0440\u0430\u0432\u043e\u0435 \u043a Ford Escort, 1997\u0433.","timestamp":1773816675}
{"product_id":94773,"nameStatic":"\u0411\u0430\u043b\u043a\u0430 \u043f\u043e\u0434\u0432\u0435\u0441\u043a\u0438 \u0437\u0430\u0434\u043d\u044f\u044f \u043a Audi A6, 1995\u0433.","timestamp":1773816675}
{"product_id":293567,"nameStatic":"\u0422\u0443\u0440\u0431\u0438\u043d\u0430 \u043a Volvo S60, 2005\u0433.","timestamp":1773816680}
{"product_id":335774,"nameStatic":"\u0411\u043b\u043e\u043a \u0443\u043f\u0440\u0430\u0432\u043b\u0435\u043d\u0438\u044f \u0431\u0435\u0441\u043a\u043b\u044e\u0447\u0435\u0432\u044b\u043c \u0434\u043e\u0441\u0442\u0443\u043f\u043e\u043c \u043a Land-Rover Range Rover, 2023\u0433.","timestamp":1773816681}
{"product_id":182980,"nameStatic":"\u041c\u0435\u0445\u0430\u043d\u0438\u0437\u043c \u0441\u0442\u0435\u043a\u043b\u043e\u043e\u0447\u0438\u0441\u0442\u0438\u0442\u0435\u043b\u044f (\u0442\u0440\u0430\u043f\u0435\u0446\u0438\u044f \u0434\u0432\u043e\u0440\u043d\u0438\u043a\u043e\u0432) \u043a Mini Cooper, 2007\u0433.","timestamp":1773816685}
{"product_id":148672,"nameStatic":"\u0424\u043e\u0440\u0441\u0443\u043d\u043a\u0430 \u043a Toyota Yaris, 2001\u0433.","timestamp":1773816737}
{"product_id":122150,"nameStatic":"\u0420\u0435\u043b\u0435 \u0431\u0435\u043d\u0437\u043e\u043d\u0430\u0441\u043e\u0441\u0430 \u043a Citroen Evasion, 1998\u0433.","timestamp":1773816738}
{"product_id":325157,"nameStatic":"\u041a\u041f\u041f \u043c\u0435\u0445\u0430\u043d\u0438\u0447\u0435\u0441\u043a\u0430\u044f (\u041c\u041a\u041f\u041f) \u043a Renault Safrane, 1994\u0433.","timestamp":1773816739}
{"product_id":370067,"nameStatic":"\u0411\u043b\u043e\u043a \u043a\u043e\u043c\u0444\u043e\u0440\u0442\u0430 \u043a Volkswagen Transporter, 2005\u0433.","timestamp":1773816739}
{"product_id":226328,"nameStatic":"\u041c\u043e\u0442\u043e\u0440\u0447\u0438\u043a \u0437\u0430\u0434\u043d\u0435\u0433\u043e \u0441\u0442\u0435\u043a\u043b\u043e\u043e\u0447\u0438\u0441\u0442\u0438\u0442\u0435\u043b\u044f (\u0434\u0432\u043e\u0440\u043d\u0438\u043a\u0430) \u043a Ford Focus, 2009\u0433.","timestamp":1773816743}
{"product_id":375307,"nameStatic":"\u0421\u0442\u0430\u0440\u0442\u0435\u0440 \u043a Mercedes A W168, 2001\u0433.","timestamp":1773816772}
{"product_id":97722,"nameStatic":"\u041f\u0435\u0434\u0430\u043b\u044c \u0433\u0430\u0437\u0430 \u043a Peugeot Partner, 2007\u0433.","timestamp":1773816799}
{"product_id":186880,"nameStatic":"\u0411\u043b\u043e\u043a ABS \u043a Jeep Grand Cherokee, 2002\u0433.","timestamp":1773816803}
{"product_id":177829,"nameStatic":"\u041a\u043e\u043b\u043b\u0435\u043a\u0442\u043e\u0440 \u0432\u044b\u043f\u0443\u0441\u043a\u043d\u043e\u0439 \u043a \u0417\u0410\u0417 Forza, 2013\u0433.","timestamp":1773816867}
{"product_id":231038,"nameStatic":"\u0421\u0442\u0435\u043a\u043b\u043e \u043a\u0443\u0437\u043e\u0432\u043d\u043e\u0435 \u0431\u043e\u043a\u043e\u0432\u043e\u0435 \u043f\u0440\u0430\u0432\u043e\u0435 \u043a Hyundai Tucson, 2008\u0433.","timestamp":1773816923}
{"product_id":233680,"nameStatic":"\u0411\u0430\u0447\u043e\u043a \u0440\u0430\u0441\u0448\u0438\u0440\u0438\u0442\u0435\u043b\u044c\u043d\u044b\u0439 \u043a Daewoo Nexia, 2002\u0433.","timestamp":1773816923}
{"product_id":375307,"nameStatic":"\u0421\u0442\u0430\u0440\u0442\u0435\u0440 \u043a Mercedes A W168, 2001\u0433.","timestamp":1773816977}
{"product_id":341280,"nameStatic":"\u041b\u044f\u043c\u0431\u0434\u0430-\u0437\u043e\u043d\u0434 \u043a Daihatsu Terios, 2003\u0433.","timestamp":1773816986}
{"product_id":321644,"nameStatic":"\u0417\u0430\u043c\u043e\u043a \u0437\u0430\u0436\u0438\u0433\u0430\u043d\u0438\u044f \u043a Chevrolet Aveo, 2009\u0433.","timestamp":1773816987}
{"product_id":266572,"nameStatic":"\u041f\u043e\u043b\u0443\u043e\u0441\u044c \u0437\u0430\u0434\u043d\u044f\u044f (\u043f\u0440\u0438\u0432\u043e\u0434\u043d\u043e\u0439 \u0432\u0430\u043b, \u0428\u0420\u0423\u0421) \u043a Hyundai Santa Fe, 2003\u0433.","timestamp":1773816988}
{"product_id":309971,"nameStatic":"\u0424\u0430\u0440\u0430 \u043f\u0440\u043e\u0442\u0438\u0432\u043e\u0442\u0443\u043c\u0430\u043d\u043d\u0430\u044f \u043b\u0435\u0432\u0430\u044f \u043a Jaguar S-Type, 2004\u0433.","timestamp":1773817049}
{"product_id":324213,"nameStatic":"\u0417\u0435\u0440\u043a\u0430\u043b\u043e \u043d\u0430\u0440\u0443\u0436\u043d\u043e\u0435 \u043f\u0440\u0430\u0432\u043e\u0435 \u043a Volkswagen Jetta, 2007\u0433.","timestamp":1773817050}
{"product_id":368815,"nameStatic":"\u0411\u043b\u043e\u043a \u0443\u043f\u0440\u0430\u0432\u043b\u0435\u043d\u0438\u044f \u043f\u0435\u0447\u043a\u0438\/\u043a\u043b\u0438\u043c\u0430\u0442-\u043a\u043e\u043d\u0442\u0440\u043e\u043b\u044f \u043a Renault Master, 2005\u0433.","timestamp":1773817052}
{"product_id":348273,"nameStatic":"\u041a\u0430\u043f\u043e\u0442 \u043a Volvo S40, 2007\u0433.","timestamp":1773817054}
{"product_id":208382,"nameStatic":"\u0420\u044b\u0447\u0430\u0433 \u0437\u0430\u0434\u043d\u0438\u0439 \u043b\u0435\u0432\u044b\u0439 \u043a Kia Optima, 2016\u0433.","timestamp":1773817054}
{"product_id":227499,"nameStatic":"\u0414\u0435\u0444\u043b\u0435\u043a\u0442\u043e\u0440 \u043e\u0431\u0434\u0443\u0432\u0430 \u0441\u0430\u043b\u043e\u043d\u0430 \u043a Geely Emgrand X7, 2017\u0433.","timestamp":1773817109}
{"product_id":365729,"nameStatic":"\u041f\u0440\u0443\u0436\u0438\u043d\u0430 \u043f\u0435\u0440\u0435\u0434\u043d\u044f\u044f \u043a Audi A6, 2001\u0433.","timestamp":1773817110}
{"product_id":370378,"nameStatic":"\u0420\u0443\u043b\u044c \u043a Audi A5, 2020\u0433.","timestamp":1773817112}
{"product_id":357814,"nameStatic":"\u0423\u0441 \u043f\u043e\u0434 \u0444\u0430\u0440\u0443 \u043b\u0435\u0432\u044b\u0439 \u043a Opel Zafira, 2002\u0433.","timestamp":1773817113}
{"product_id":375307,"nameStatic":"\u0421\u0442\u0430\u0440\u0442\u0435\u0440 \u043a Mercedes A W168, 2001\u0433.","timestamp":1773817180}
{"product_id":375307,"nameStatic":"\u0421\u0442\u0430\u0440\u0442\u0435\u0440 \u043a Mercedes A W168, 2001\u0433.","timestamp":1773817254}
{"product_id":375307,"nameStatic":"\u0421\u0442\u0430\u0440\u0442\u0435\u0440 \u043a Mercedes A W168, 2001\u0433.","timestamp":1773817265}
{"product_id":375307,"nameStatic":"\u0421\u0442\u0430\u0440\u0442\u0435\u0440 \u043a Mercedes A W168, 2001\u0433.","timestamp":1773817278}
{"product_id":375307,"nameStatic":"\u0421\u0442\u0430\u0440\u0442\u0435\u0440 \u043a Mercedes A W168, 2001\u0433.","timestamp":1773817290}
{"product_id":375307,"nameStatic":"\u0421\u0442\u0430\u0440\u0442\u0435\u0440 \u043a Mercedes A W168, 2001\u0433.","timestamp":1773817361}
{"product_id":375307,"nameStatic":"\u0421\u0442\u0430\u0440\u0442\u0435\u0440 \u043a Mercedes A W168, 2001\u0433.","timestamp":1773817402}
{"product_id":370921,"nameStatic":"\u0420\u0435\u043b\u0435 \u0432\u0442\u044f\u0433\u0438\u0432\u0430\u044e\u0449\u0435\u0435 \u0441\u0442\u0430\u0440\u0442\u0435\u0440\u0430 \u043a Mercedes A W168, 2001\u0433.","timestamp":1773817425}
{"product_id":211722,"nameStatic":"\u041c\u043e\u0442\u043e\u0440\u0447\u0438\u043a \u0437\u0430\u0434\u043d\u0435\u0433\u043e \u0441\u0442\u0435\u043a\u043b\u043e\u043e\u0447\u0438\u0441\u0442\u0438\u0442\u0435\u043b\u044f (\u0434\u0432\u043e\u0440\u043d\u0438\u043a\u0430) \u043a Ford Focus, 2010\u0433.","timestamp":1773817515}
{"product_id":226328,"nameStatic":"\u041c\u043e\u0442\u043e\u0440\u0447\u0438\u043a \u0437\u0430\u0434\u043d\u0435\u0433\u043e \u0441\u0442\u0435\u043a\u043b\u043e\u043e\u0447\u0438\u0441\u0442\u0438\u0442\u0435\u043b\u044f (\u0434\u0432\u043e\u0440\u043d\u0438\u043a\u0430) \u043a Ford Focus, 2009\u0433.","timestamp":1773817762}
{"product_id":367862,"nameStatic":"\u0414\u0430\u0442\u0447\u0438\u043a \u0430\u0431\u0441\u043e\u043b\u044e\u0442\u043d\u043e\u0433\u043e \u0434\u0430\u0432\u043b\u0435\u043d\u0438\u044f \u043a Peugeot 3008, 2021\u0433.","timestamp":1773817782}
{"product_id":371872,"nameStatic":"\u041a\u043e\u043c\u043f\u0440\u0435\u0441\u0441\u043e\u0440 \u043a\u043e\u043d\u0434\u0438\u0446\u0438\u043e\u043d\u0435\u0440\u0430 \u043a Audi A4, 2001\u0433.","timestamp":1773818249}
{"product_id":382751,"nameStatic":"\u0428\u043a\u0438\u0432 \u043a\u043e\u043b\u0435\u043d\u0432\u0430\u043b\u0430 \u043a BMW 5 E60\/E61, 2006\u0433.","timestamp":1773818369}
{"product_id":382747,"nameStatic":"\u0428\u043a\u0438\u0432 \u043a\u043e\u043b\u0435\u043d\u0432\u0430\u043b\u0430 \u043a BMW 5 E60\/E61, 2006\u0433.","timestamp":1773818400}
{"product_id":382751,"nameStatic":"\u0428\u043a\u0438\u0432 \u043a\u043e\u043b\u0435\u043d\u0432\u0430\u043b\u0430 \u043a BMW 5 E60\/E61, 2006\u0433.","timestamp":1773818464}
{"product_id":226328,"nameStatic":"\u041c\u043e\u0442\u043e\u0440\u0447\u0438\u043a \u0437\u0430\u0434\u043d\u0435\u0433\u043e \u0441\u0442\u0435\u043a\u043b\u043e\u043e\u0447\u0438\u0441\u0442\u0438\u0442\u0435\u043b\u044f (\u0434\u0432\u043e\u0440\u043d\u0438\u043a\u0430) \u043a Ford Focus, 2009\u0433.","timestamp":1773819082}
{"product_id":203040,"nameStatic":"\u0411\u043b\u043e\u043a \u0443\u043f\u0440\u0430\u0432\u043b\u0435\u043d\u0438\u044f (\u0434\u0440\u0443\u0433\u0438\u0435) \u043a Mercedes E W210, 1999\u0433.","timestamp":1773819128}
{"product_id":203196,"nameStatic":"\u041a\u0440\u044b\u0448\u0430 \u043a Geely SC7, 2014\u0433.","timestamp":1773819135}
{"product_id":291828,"nameStatic":"\u041c\u0435\u0445\u0430\u043d\u0438\u0437\u043c \u0441\u0442\u0435\u043a\u043b\u043e\u043e\u0447\u0438\u0441\u0442\u0438\u0442\u0435\u043b\u044f (\u0442\u0440\u0430\u043f\u0435\u0446\u0438\u044f \u0434\u0432\u043e\u0440\u043d\u0438\u043a\u043e\u0432) \u043a Daewoo Matiz, 2000\u0433.","timestamp":1773819201}
{"product_id":248803,"nameStatic":"\u041f\u0440\u0438\u0446\u0435\u043f\u043d\u043e\u0435 \u0443\u0441\u0442\u0440\u043e\u0439\u0441\u0442\u0432\u043e (\u0444\u0430\u0440\u043a\u043e\u043f) \u043a Mercedes E W124, 1989\u0433.","timestamp":1773819206}
{"product_id":226328,"nameStatic":"\u041c\u043e\u0442\u043e\u0440\u0447\u0438\u043a \u0437\u0430\u0434\u043d\u0435\u0433\u043e \u0441\u0442\u0435\u043a\u043b\u043e\u043e\u0447\u0438\u0441\u0442\u0438\u0442\u0435\u043b\u044f (\u0434\u0432\u043e\u0440\u043d\u0438\u043a\u0430) \u043a Ford Focus, 2009\u0433.","timestamp":1773819213}
{"product_id":373840,"nameStatic":"\u0429\u0438\u0442\u043e\u043a \u043f\u0440\u0438\u0431\u043e\u0440\u043e\u0432 (\u043f\u0440\u0438\u0431\u043e\u0440\u043d\u0430\u044f \u043f\u0430\u043d\u0435\u043b\u044c) \u043a Audi A6, 2005\u0433.","timestamp":1773819312}
{"product_id":185269,"nameStatic":"\u0429\u0435\u0442\u043a\u043e\u0434\u0435\u0440\u0436\u0430\u0442\u0435\u043b\u044c (\u043f\u043e\u0432\u043e\u0434\u043e\u043a \u0441\u0442\u0435\u043a\u043b\u043e\u043e\u0447\u0438\u0441\u0442\u0438\u0442\u0435\u043b\u044f, \u0434\u0432\u043e\u0440\u043d\u0438\u043a) \u043a Lada Granta, 2019\u0433.","timestamp":1773819318}
{"product_id":334966,"nameStatic":"\u0411\u043b\u043e\u043a \u0443\u043f\u0440\u0430\u0432\u043b\u0435\u043d\u0438\u044f \u0441\u0442\u0435\u043a\u043b\u043e\u043f\u043e\u0434\u044a\u0435\u043c\u043d\u0438\u043a\u0430\u043c\u0438 \u043a BMW 7 E65\/E66, 2003\u0433.","timestamp":1773819320}
{"product_id":296033,"nameStatic":"\u0411\u043b\u043e\u043a \u043a\u043e\u043c\u0444\u043e\u0440\u0442\u0430 \u043a Hyundai i20, 2012\u0433.","timestamp":1773819380}
{"product_id":310376,"nameStatic":"\u041b\u044f\u043c\u0431\u0434\u0430-\u0437\u043e\u043d\u0434 \u043a Kia Sportage, 2018\u0433.","timestamp":1773819382}
{"product_id":290306,"nameStatic":"\u041a\u043e\u0440\u043f\u0443\u0441 \u0432\u043e\u0437\u0434\u0443\u0448\u043d\u043e\u0433\u043e \u0444\u0438\u043b\u044c\u0442\u0440\u0430 \u043a Hyundai XG, 2001\u0433.","timestamp":1773819442}
{"product_id":150114,"nameStatic":"\u0417\u0430\u0449\u0438\u0442\u0430 (\u043a\u043e\u0436\u0443\u0445) \u0440\u0435\u043c\u043d\u044f \u0413\u0420\u041c \u043a Peugeot 307, 2006\u0433.","timestamp":1773819507}
{"product_id":298842,"nameStatic":"\u041a\u0430\u0442\u0443\u0448\u043a\u0430 \u0437\u0430\u0436\u0438\u0433\u0430\u043d\u0438\u044f \u043a Opel Meriva, 2007\u0433.","timestamp":1773819508}
{"product_id":381459,"nameStatic":"\u041a\u041f\u041f \u043c\u0435\u0445\u0430\u043d\u0438\u0447\u0435\u0441\u043a\u0430\u044f (\u041c\u041a\u041f\u041f) \u043a Volkswagen Golf, 2002\u0433.","timestamp":1773819549}
{"product_id":348514,"nameStatic":"\u041f\u0435\u0440\u0435\u0434\u043d\u044f\u044f \u043f\u0430\u043d\u0435\u043b\u044c \u043a\u0440\u0435\u043f\u043b\u0435\u043d\u0438\u044f \u043e\u0431\u043b\u0438\u0446\u043e\u0432\u043a\u0438 (\u0442\u0435\u043b\u0435\u0432\u0438\u0437\u043e\u0440) \u043a BMW 5 E60\/E61, 2007\u0433.","timestamp":1773819685}
{"product_id":239373,"nameStatic":"\u0411\u043b\u043e\u043a \u043f\u0440\u0435\u0434\u043e\u0445\u0440\u0430\u043d\u0438\u0442\u0435\u043b\u0435\u0439 \u043a Nissan Maxima, 1998\u0433.","timestamp":1773819745}
{"product_id":97712,"nameStatic":"\u041f\u0435\u0434\u0430\u043b\u044c \u0433\u0430\u0437\u0430 \u043a Peugeot Partner, 2010\u0433.","timestamp":1773819810}
{"product_id":337486,"nameStatic":"\u041c\u0435\u0445\u0430\u043d\u0438\u0437\u043c \u0441\u0442\u0435\u043a\u043b\u043e\u043e\u0447\u0438\u0441\u0442\u0438\u0442\u0435\u043b\u044f (\u0442\u0440\u0430\u043f\u0435\u0446\u0438\u044f \u0434\u0432\u043e\u0440\u043d\u0438\u043a\u043e\u0432) \u043a \u0413\u0430\u0437 \u0413\u0430\u0437\u0435\u043b\u044c, 2004\u0433.","timestamp":1773819811}
{"product_id":222037,"nameStatic":"\u041d\u0430\u043a\u043b\u0430\u0434\u043a\u0430 \u043f\u043e\u0434 \u0444\u043e\u043d\u0430\u0440\u044c \u043f\u0440\u0430\u0432\u044b\u0439 \u043a Volkswagen Sharan, 2005\u0433.","timestamp":1773819811}
{"product_id":226328,"nameStatic":"\u041c\u043e\u0442\u043e\u0440\u0447\u0438\u043a \u0437\u0430\u0434\u043d\u0435\u0433\u043e \u0441\u0442\u0435\u043a\u043b\u043e\u043e\u0447\u0438\u0441\u0442\u0438\u0442\u0435\u043b\u044f (\u0434\u0432\u043e\u0440\u043d\u0438\u043a\u0430) \u043a Ford Focus, 2009\u0433.","timestamp":1773819857}
{"product_id":377535,"nameStatic":"\u0424\u0430\u0440\u0430 \u043f\u0440\u043e\u0442\u0438\u0432\u043e\u0442\u0443\u043c\u0430\u043d\u043d\u0430\u044f \u043f\u0440\u0430\u0432\u0430\u044f \u043a Mercedes C W203, 2005\u0433.","timestamp":1773819871}
{"product_id":372051,"nameStatic":"\u041a\u043d\u043e\u043f\u043a\u0430 \u0440\u0443\u0447\u043d\u043e\u0433\u043e \u0442\u043e\u0440\u043c\u043e\u0437\u0430 (\u0440\u0443\u0447\u043d\u0438\u043a\u0430) \u043a Geely Atlas, 2020\u0433.","timestamp":1773819904}
{"product_id":155647,"nameStatic":"\u0420\u0443\u0447\u043a\u0430 \u0432\u043d\u0443\u0442\u0440\u0435\u043d\u043d\u044f\u044f \u0437\u0430\u0434\u043d\u044f\u044f \u043f\u0440\u0430\u0432\u0430\u044f \u043a Ford C-Max, 2005\u0433.","timestamp":1773819932}
{"product_id":311119,"nameStatic":"\u0410\u043c\u043e\u0440\u0442\u0438\u0437\u0430\u0442\u043e\u0440 \u0437\u0430\u0434\u043d\u0438\u0439 \u043a Fiat Stilo, 2002\u0433.","timestamp":1773819933}
{"product_id":262761,"nameStatic":"\u0411\u043b\u043e\u043a ABS \u043a Suzuki Wagon R, 2000\u0433.","timestamp":1773819998}
{"product_id":276346,"nameStatic":"\u0410\u043c\u043e\u0440\u0442\u0438\u0437\u0430\u0442\u043e\u0440 \u043f\u0435\u0440\u0435\u0434\u043d\u0438\u0439 \u043f\u0440\u0430\u0432\u044b\u0439 \u043a Mitsubishi Lancer, 2004\u0433.","timestamp":1773820002}
{"product_id":211673,"nameStatic":"\u0411\u043b\u043e\u043a AirBag \u043a BMW 1 E87\/E81\/E82\/E88, 2007\u0433.","timestamp":1773820007}
{"product_id":321381,"nameStatic":"\u0417\u0430\u043c\u043e\u043a \u0434\u0432\u0435\u0440\u0438 \u043f\u0435\u0440\u0435\u0434\u043d\u0435\u0439 \u043f\u0440\u0430\u0432\u043e\u0439 \u043a Audi A3, 2004\u0433.","timestamp":1773820055}
{"product_id":351670,"nameStatic":"\u0424\u043e\u0440\u0441\u0443\u043d\u043a\u0430 \u043a Renault Midlum, 2001\u0433.","timestamp":1773820058}
{"product_id":184934,"nameStatic":"\u041e\u0431\u0448\u0438\u0432\u043a\u0430 \u0434\u0432\u0435\u0440\u0438 \u0437\u0430\u0434\u043d\u0435\u0439 \u043f\u0440\u0430\u0432\u043e\u0439 (\u0434\u0432\u0435\u0440\u043d\u0430\u044f \u043a\u0430\u0440\u0442\u0430) \u043a Kia Optima, 2016\u0433.","timestamp":1773820060}
{"product_id":369455,"nameStatic":"\u0421\u0442\u0435\u043a\u043b\u043e\u043f\u043e\u0434\u044a\u0435\u043c\u043d\u0438\u043a \u044d\u043b\u0435\u043a\u0442\u0440\u0438\u0447\u0435\u0441\u043a\u0438\u0439 \u0437\u0430\u0434\u043d\u0438\u0439 \u043b\u0435\u0432\u044b\u0439 \u043a Ford Focus, 2012\u0433.","timestamp":1773820124}
{"product_id":304086,"nameStatic":"\u041f\u043e\u0440\u0448\u0435\u043d\u044c \u043a Land-Rover Discovery, 2000\u0433.","timestamp":1773820125}
{"product_id":305525,"nameStatic":"\u0411\u043b\u043e\u043a \u0443\u043f\u0440\u0430\u0432\u043b\u0435\u043d\u0438\u044f \u0434\u0432\u0438\u0433\u0430\u0442\u0435\u043b\u0435\u043c \u043a Jaguar S-Type, 2004\u0433.","timestamp":1773820131}
{"product_id":187492,"nameStatic":"\u0424\u043e\u043d\u0430\u0440\u044c \u0437\u0430\u0434\u043d\u0438\u0439 \u043f\u0440\u0430\u0432\u044b\u0439 \u043a Honda FR-V, 2006\u0433.","timestamp":1773820178}
{"product_id":209822,"nameStatic":"\u0414\u0438\u0441\u043a \u0442\u043e\u0440\u043c\u043e\u0437\u043d\u043e\u0439 \u0437\u0430\u0434\u043d\u0438\u0439 \u043a Toyota Solara, 2005\u0433.","timestamp":1773820180}
{"product_id":191856,"nameStatic":"\u0429\u0438\u0442\u043e\u043a \u043f\u0440\u0438\u0431\u043e\u0440\u043e\u0432 (\u043f\u0440\u0438\u0431\u043e\u0440\u043d\u0430\u044f \u043f\u0430\u043d\u0435\u043b\u044c) \u043a Nissan Pixo, 2010\u0433.","timestamp":1773820180}
{"product_id":93562,"nameStatic":"\u041c\u0435\u0445\u0430\u043d\u0438\u0437\u043c \u0441\u0442\u0435\u043a\u043b\u043e\u043e\u0447\u0438\u0441\u0442\u0438\u0442\u0435\u043b\u044f (\u0442\u0440\u0430\u043f\u0435\u0446\u0438\u044f \u0434\u0432\u043e\u0440\u043d\u0438\u043a\u043e\u0432) \u043a Renault Modus, 2005\u0433.","timestamp":1773820181}
{"product_id":168603,"nameStatic":"\u041f\u0440\u043e\u0432\u043e\u0434\u043a\u0430 (\u043f\u043b\u0430\u043d\u043a\u0430) \u0441\u0432\u0435\u0447\u0435\u0439 \u043d\u0430\u043a\u0430\u043b\u0430 \u043a Citroen Berlingo, 2007\u0433.","timestamp":1773820242}
{"product_id":311711,"nameStatic":"\u0420\u0430\u0434\u0438\u0430\u0442\u043e\u0440 (\u043e\u0441\u043d\u043e\u0432\u043d\u043e\u0439) \u043a Citroen C1, 2015\u0433.","timestamp":1773820244}
{"product_id":301166,"nameStatic":"\u041a\u0440\u043e\u043d\u0448\u0442\u0435\u0439\u043d \u043a\u0440\u0435\u043f\u043b\u0435\u043d\u0438\u044f \u0431\u0430\u043c\u043f\u0435\u0440\u0430 \u0437\u0430\u0434\u043d\u0435\u0433\u043e \u043a Audi A6, 2012\u0433.","timestamp":1773820244}
{"product_id":374093,"nameStatic":"\u041f\u0430\u0442\u0440\u0443\u0431\u043e\u043a \u0442\u0443\u0440\u0431\u0438\u043d\u044b \u043a Renault Scenic, 2001\u0433.","timestamp":1773820292}
{"product_id":179578,"nameStatic":"\u0411\u043b\u043e\u043a \u0443\u043f\u0440\u0430\u0432\u043b\u0435\u043d\u0438\u044f \u043f\u0435\u0447\u043a\u0438\/\u043a\u043b\u0438\u043c\u0430\u0442-\u043a\u043e\u043d\u0442\u0440\u043e\u043b\u044f \u043a Toyota iQ, 2009\u0433.","timestamp":1773820304}
{"product_id":189478,"nameStatic":"\u0420\u0443\u0447\u043a\u0430 \u043d\u0430\u0440\u0443\u0436\u043d\u0430\u044f \u043f\u0435\u0440\u0435\u0434\u043d\u044f\u044f \u043b\u0435\u0432\u0430\u044f \u043a Honda FR-V, 2007\u0433.","timestamp":1773820310}
{"product_id":96378,"nameStatic":"\u0420\u0443\u043b\u0435\u0432\u043e\u0439 \u043a\u0430\u0440\u0434\u0430\u043d\u0447\u0438\u043a \u043a Fiat Doblo, 2001\u0433.","timestamp":1773820366}
{"product_id":374065,"nameStatic":"\u0413\u0435\u043d\u0435\u0440\u0430\u0442\u043e\u0440 \u043a Dacia Logan, 2010\u0433.","timestamp":1773820368}
{"product_id":225461,"nameStatic":"\u0424\u043e\u0440\u0441\u0443\u043d\u043a\u0430 \u043a Kia Picanto, 2007\u0433.","timestamp":1773820373}
{"product_id":373779,"nameStatic":"\u041e\u043f\u043e\u0440\u0430 \u0430\u043c\u043e\u0440\u0442\u0438\u0437\u0430\u0442\u043e\u0440\u0430 \u0432\u0435\u0440\u0445\u043d\u044f\u044f (\u0447\u0430\u0448\u043a\u0430) \u043a Chrysler Grand Voyager, 2004\u0433.","timestamp":1773820390}
{"product_id":99093,"nameStatic":"\u0424\u043e\u043d\u0430\u0440\u044c \u0437\u0430\u0434\u043d\u0438\u0439 \u043b\u0435\u0432\u044b\u0439 \u043a Ford Fusion, 2005\u0433.","timestamp":1773820427}
{"product_id":239768,"nameStatic":"\u0424\u043e\u043d\u0430\u0440\u044c \u0437\u0430\u0434\u043d\u0438\u0439 \u043b\u0435\u0432\u044b\u0439 \u043a Rover 400, 1998\u0433.","timestamp":1773820429}
{"product_id":141452,"nameStatic":"\u0420\u0443\u0447\u043a\u0430 \u043a\u0440\u044b\u0448\u043a\u0438 \u0431\u0430\u0433\u0430\u0436\u043d\u0438\u043a\u0430 \u043a Hyundai i20, 2009\u0433.","timestamp":1773820432}
{"product_id":217298,"nameStatic":"\u0414\u0430\u0442\u0447\u0438\u043a \u043f\u0430\u0440\u043a\u0442\u0440\u043e\u043d\u0438\u043a\u0430 \u043a Citroen C4, 2005\u0433.","timestamp":1773820487}
{"product_id":200537,"nameStatic":"\u0420\u0443\u0447\u043a\u0430 \u043d\u0430\u0440\u0443\u0436\u043d\u0430\u044f \u043f\u0435\u0440\u0435\u0434\u043d\u044f\u044f \u043b\u0435\u0432\u0430\u044f \u043a Suzuki Swift, 2012\u0433.","timestamp":1773820490}
{"product_id":189986,"nameStatic":"\u0420\u0443\u0447\u043a\u0430 \u043d\u0430\u0440\u0443\u0436\u043d\u0430\u044f \u0441\u0434\u0432\u0438\u0436\u043d\u043e\u0439 \u0434\u0432\u0435\u0440\u0438 \u043b\u0435\u0432\u043e\u0439 \u043a Chrysler Voyager, 2006\u0433.","timestamp":1773820494}
{"product_id":279981,"nameStatic":"\u041f\u0430\u0442\u0440\u0443\u0431\u043e\u043a \u043e\u0442\u043e\u043f\u0438\u0442\u0435\u043b\u044f (\u043f\u0435\u0447\u043a\u0438) \u043a Opel Sintra, 1998\u0433.","timestamp":1773820495}
{"product_id":163811,"nameStatic":"\u0421\u0442\u0435\u043a\u043b\u043e \u0434\u0432\u0435\u0440\u0438 \u043f\u0435\u0440\u0435\u0434\u043d\u0435\u0439 \u043f\u0440\u0430\u0432\u043e\u0439 \u043a Chevrolet Aveo, 2007\u0433.","timestamp":1773820495}
{"product_id":286402,"nameStatic":"\u0424\u043e\u043d\u0430\u0440\u044c \u043a\u0440\u044b\u0448\u043a\u0438 \u0431\u0430\u0433\u0430\u0436\u043d\u0438\u043a\u0430 \u043f\u0440\u0430\u0432\u044b\u0439 \u043a Seat Leon, 2003\u0433.","timestamp":1773820496}
{"product_id":287136,"nameStatic":"\u0420\u0443\u0447\u043a\u0430 \u043d\u0430\u0440\u0443\u0436\u043d\u0430\u044f \u043f\u0435\u0440\u0435\u0434\u043d\u044f\u044f \u043f\u0440\u0430\u0432\u0430\u044f \u043a Audi A6, 2003\u0433.","timestamp":1773820498}
{"product_id":377393,"nameStatic":"\u0420\u0435\u0448\u0435\u0442\u043a\u0430 \u0440\u0430\u0434\u0438\u0430\u0442\u043e\u0440\u0430 \u043a Opel Vivaro, 2008\u0433.","timestamp":1773820555}
{"product_id":351919,"nameStatic":"\u0428\u043b\u0430\u043d\u0433 \u0433\u0438\u0434\u0440\u043e\u0443\u0441\u0438\u043b\u0438\u0442\u0435\u043b\u044f \u043a Volkswagen Passat, 1999\u0433.","timestamp":1773820557}
{"product_id":372051,"nameStatic":"\u041a\u043d\u043e\u043f\u043a\u0430 \u0440\u0443\u0447\u043d\u043e\u0433\u043e \u0442\u043e\u0440\u043c\u043e\u0437\u0430 (\u0440\u0443\u0447\u043d\u0438\u043a\u0430) \u043a Geely Atlas, 2020\u0433.","timestamp":1773820570}
{"product_id":361282,"nameStatic":"\u041f\u0440\u0443\u0436\u0438\u043d\u0430 \u043f\u0435\u0440\u0435\u0434\u043d\u044f\u044f \u043a BMW 3 G20\/G21, 2020\u0433.","timestamp":1773820613}
{"product_id":124615,"nameStatic":"\u041a\u043b\u0430\u043f\u0430\u043d EGR \u043a Mazda MPV, 2000\u0433.","timestamp":1773820613}
{"product_id":280830,"nameStatic":"\u041a\u0430\u043f\u043e\u0442 \u043a Ford Escort, 1999\u0433.","timestamp":1773820673}
{"product_id":343327,"nameStatic":"\u0426\u0438\u043b\u0438\u043d\u0434\u0440 \u043f\u043e\u0434\u044a\u0451\u043c\u0430 \u043a\u0430\u0431\u0438\u043d\u044b \u043a MAN TGL, 2006\u0433.","timestamp":1773820677}
{"product_id":338288,"nameStatic":"\u0422\u0440\u043e\u0441 \u043e\u0442\u043e\u043f\u0438\u0442\u0435\u043b\u044f (\u043f\u0435\u0447\u043a\u0438) \u043a Renault Duster, 2017\u0433.","timestamp":1773820679}
{"product_id":86247,"nameStatic":"\u041c\u0430\u0441\u043b\u044f\u043d\u0430\u044f \u0442\u0440\u0443\u0431\u043a\u0430 \u0442\u0443\u0440\u0431\u0438\u043d\u044b \u043a Audi A3, 1999\u0433.","timestamp":1773820680}
{"product_id":227544,"nameStatic":"\u0417\u0430\u043c\u043e\u043a \u0434\u0432\u0435\u0440\u0438 \u0437\u0430\u0434\u043d\u0435\u0439 \u043f\u0440\u0430\u0432\u043e\u0439 \u043a Audi A6, 1994\u0433.","timestamp":1773820680}
{"product_id":374057,"nameStatic":"\u0420\u0430\u043c\u043a\u0430 \u043f\u043e\u0434 \u043c\u0430\u0433\u043d\u0438\u0442\u043e\u043b\u0443 \u043a Peugeot 607, 2008\u0433.","timestamp":1773820681}
{"product_id":349471,"nameStatic":"\u0417\u0430\u043c\u043e\u043a \u0437\u0430\u0436\u0438\u0433\u0430\u043d\u0438\u044f \u043a Lada Granta, 2019\u0433.","timestamp":1773820735}
{"product_id":225350,"nameStatic":"\u0424\u043e\u0440\u0441\u0443\u043d\u043a\u0430 \u043a Mazda 3, 2006\u0433.","timestamp":1773820736}
{"product_id":345432,"nameStatic":"\u0413\u0435\u043d\u0435\u0440\u0430\u0442\u043e\u0440 \u043a Volvo S40, 2007\u0433.","timestamp":1773820736}
{"product_id":369729,"nameStatic":"\u0421\u043f\u043e\u0439\u043b\u0435\u0440 \u043a Chrysler Voyager, 2010\u0433.","timestamp":1773820740}
{"product_id":371872,"nameStatic":"\u041a\u043e\u043c\u043f\u0440\u0435\u0441\u0441\u043e\u0440 \u043a\u043e\u043d\u0434\u0438\u0446\u0438\u043e\u043d\u0435\u0440\u0430 \u043a Audi A4, 2001\u0433.","timestamp":1773821176}
{"product_id":374751,"nameStatic":"\u041a\u043e\u043c\u043f\u0440\u0435\u0441\u0441\u043e\u0440 \u043a\u043e\u043d\u0434\u0438\u0446\u0438\u043e\u043d\u0435\u0440\u0430 \u043a Volkswagen Sharan, 2003\u0433.","timestamp":1773821395}
{"product_id":336789,"nameStatic":"\u0421\u0442\u0443\u043f\u0438\u0446\u0430 \u043f\u0435\u0440\u0435\u0434\u043d\u044f\u044f \u043f\u0440\u0430\u0432\u0430\u044f \u043a Hyundai Galloper, 1999\u0433.","timestamp":1773821537}
{"product_id":357665,"nameStatic":"\u041c\u043e\u0442\u043e\u0440\u0447\u0438\u043a \u0441\u0442\u0435\u043a\u043b\u043e\u043f\u043e\u0434\u044a\u0435\u043c\u043d\u0438\u043a\u0430 \u043f\u0435\u0440\u0435\u0434\u043d\u0438\u0439 \u043b\u0435\u0432\u044b\u0439 \u043a Audi A3, 2009\u0433.","timestamp":1773821997}
{"product_id":353556,"nameStatic":"\u0414\u0432\u0438\u0433\u0430\u0442\u0435\u043b\u044c \u043a BMW 5 E60\/E61, 2008\u0433.","timestamp":1773822040}
{"product_id":375887,"nameStatic":"\u0424\u043e\u043d\u0430\u0440\u044c \u0437\u0430\u0434\u043d\u0438\u0439 \u043f\u0440\u0430\u0432\u044b\u0439 \u043a Renault Trafic, 2010\u0433.","timestamp":1773822194}
{"product_id":383009,"nameStatic":"\u0412\u0435\u043d\u0442\u0438\u043b\u044f\u0442\u043e\u0440 \u0440\u0430\u0434\u0438\u0430\u0442\u043e\u0440\u0430 \u043a Renault Grand Scenic, 2009\u0433.","timestamp":1773822399}
{"product_id":383007,"nameStatic":"\u041c\u043e\u0442\u043e\u0440\u0447\u0438\u043a \u043f\u0435\u0447\u043a\u0438 \u043a Fiat Scudo, 2007\u0433.","timestamp":1773822422}
{"product_id":383002,"nameStatic":"\u041c\u043e\u0442\u043e\u0440\u0447\u0438\u043a \u043f\u0435\u0447\u043a\u0438 \u043a Citroen Jumpy, 2008\u0433.","timestamp":1773822474}
{"product_id":378703,"nameStatic":"\u0414\u0432\u0438\u0433\u0430\u0442\u0435\u043b\u044c \u043a BMW 5 E60\/E61, 2004\u0433.","timestamp":1773822475}
{"product_id":300182,"nameStatic":"\u0428\u0442\u0430\u043d\u0433\u0430 \u0442\u043e\u043b\u043a\u0430\u0442\u0435\u043b\u044f \u043a Chrysler Voyager, 1997\u0433.","timestamp":1773822482}
{"product_id":382998,"nameStatic":"\u041c\u043e\u0442\u043e\u0440\u0447\u0438\u043a \u043f\u0435\u0447\u043a\u0438 \u043a Citroen Jumpy, 2008\u0433.","timestamp":1773822570}
{"product_id":382999,"nameStatic":"\u041c\u043e\u0442\u043e\u0440\u0447\u0438\u043a \u043f\u0435\u0447\u043a\u0438 \u043a Fiat Scudo, 2008\u0433.","timestamp":1773822704}
{"product_id":362314,"nameStatic":"\u041a\u0440\u043e\u043d\u0448\u0442\u0435\u0439\u043d \u043a\u0440\u0435\u043f\u043b\u0435\u043d\u0438\u044f \u0431\u0430\u043c\u043f\u0435\u0440\u0430 \u0437\u0430\u0434\u043d\u0435\u0433\u043e \u043a Ford S-Max, 2007\u0433.","timestamp":1773822750}
{"product_id":377000,"nameStatic":"\u042e\u0431\u043a\u0430 \u0431\u0430\u043c\u043f\u0435\u0440\u0430 \u043f\u0435\u0440\u0435\u0434\u043d\u0435\u0433\u043e \u043a Citroen C5, 2006\u0433.","timestamp":1773822780}
{"product_id":150935,"nameStatic":"\u0422\u0440\u0443\u0431\u043a\u0430 \u0441\u0438\u0441\u0442\u0435\u043c\u044b \u0440\u0435\u0446\u0438\u0440\u043a\u0443\u043b\u044f\u0446\u0438\u0438 EGR \u043a Ford Galaxy, 2004\u0433.","timestamp":1773822883}
{"product_id":258568,"nameStatic":"\u0423\u0441\u0438\u043b\u0438\u0442\u0435\u043b\u044c \u0431\u0430\u043c\u043f\u0435\u0440\u0430 \u043f\u0435\u0440\u0435\u0434\u043d\u0435\u0433\u043e \u043a Volkswagen Passat, 2006\u0433.","timestamp":1773822951}
{"product_id":348175,"nameStatic":"\u041a\u0440\u044b\u0448\u043a\u0430 \u0431\u0430\u0433\u0430\u0436\u043d\u0438\u043a\u0430 (\u0434\u0432\u0435\u0440\u044c 3-5) \u043a Opel Corsa, 2008\u0433.","timestamp":1773822953}
{"product_id":211819,"nameStatic":"\u041a\u0440\u044b\u0448\u043a\u0430 \u0431\u0430\u0433\u0430\u0436\u043d\u0438\u043a\u0430 (\u0434\u0432\u0435\u0440\u044c 3-5) \u043a Opel Corsa, 2010\u0433.","timestamp":1773822995}
{"product_id":337378,"nameStatic":"\u0411\u0430\u043b\u043a\u0430 \u043f\u043e\u0434\u0432\u0435\u0441\u043a\u0438 \u0437\u0430\u0434\u043d\u044f\u044f \u043a Peugeot 406, 2001\u0433.","timestamp":1773823067}
{"product_id":363931,"nameStatic":"\u0414\u0432\u0435\u0440\u044c \u043f\u0435\u0440\u0435\u0434\u043d\u044f\u044f \u043b\u0435\u0432\u0430\u044f \u043a Dacia Logan MCV Stepway, 2014\u0433.","timestamp":1773823130}
{"product_id":328431,"nameStatic":"\u0411\u043b\u043e\u043a \u0443\u043f\u0440\u0430\u0432\u043b\u0435\u043d\u0438\u044f \u0410\u041a\u041f\u041f \u043a Volkswagen Crafter, 2009\u0433.","timestamp":1773823133}
{"product_id":140374,"nameStatic":"\u0412\u0430\u043a\u0443\u0443\u043c\u043d\u044b\u0439 \u0443\u0441\u0438\u043b\u0438\u0442\u0435\u043b\u044c \u0442\u043e\u0440\u043c\u043e\u0437\u043e\u0432 \u043a Seat Cordoba, 2007\u0433.","timestamp":1773823133}
{"product_id":378745,"nameStatic":"\u041a\u043e\u043c\u043f\u0440\u0435\u0441\u0441\u043e\u0440 \u043a\u043e\u043d\u0434\u0438\u0446\u0438\u043e\u043d\u0435\u0440\u0430 \u043a Renault Megane, 2010\u0433.","timestamp":1773823144}
{"product_id":367943,"nameStatic":"\u041a\u043e\u043c\u043f\u0440\u0435\u0441\u0441\u043e\u0440 \u043a\u043e\u043d\u0434\u0438\u0446\u0438\u043e\u043d\u0435\u0440\u0430 \u043a Renault Scenic, 2008\u0433.","timestamp":1773823188}
{"product_id":262605,"nameStatic":"\u0411\u043b\u043e\u043a ABS \u043a Suzuki Alto, 2009\u0433.","timestamp":1773823191}
{"product_id":316897,"nameStatic":"\u041a\u043e\u043c\u043f\u0440\u0435\u0441\u0441\u043e\u0440 \u043a\u043e\u043d\u0434\u0438\u0446\u0438\u043e\u043d\u0435\u0440\u0430 \u043a Renault Megane, 2004\u0433.","timestamp":1773823207}
{"product_id":316897,"nameStatic":"\u041a\u043e\u043c\u043f\u0440\u0435\u0441\u0441\u043e\u0440 \u043a\u043e\u043d\u0434\u0438\u0446\u0438\u043e\u043d\u0435\u0440\u0430 \u043a Renault Megane, 2004\u0433.","timestamp":1773823242}
{"product_id":371477,"nameStatic":"\u0413\u0435\u043d\u0435\u0440\u0430\u0442\u043e\u0440 \u043a Honda Accord, 1997\u0433.","timestamp":1773823248}
{"product_id":209999,"nameStatic":"\u0423\u0441\u0438\u043b\u0438\u0442\u0435\u043b\u044c \u0431\u0430\u043c\u043f\u0435\u0440\u0430 \u043f\u0435\u0440\u0435\u0434\u043d\u0435\u0433\u043e \u043a Hyundai i20, 2012\u0433.","timestamp":1773823250}
{"product_id":234158,"nameStatic":"\u0417\u0430\u0449\u0438\u0442\u0430 \u0434\u043d\u0438\u0449\u0430 \u043a Mercedes E W211, 2003\u0433.","timestamp":1773823255}
{"product_id":297769,"nameStatic":"\u041c\u043e\u0442\u043e\u0440\u0447\u0438\u043a \u043f\u0435\u0447\u043a\u0438 \u043a MAN TGL, 2006\u0433.","timestamp":1773823309}
{"product_id":240802,"nameStatic":"\u0414\u0430\u0442\u0447\u0438\u043a \u0434\u043e\u0436\u0434\u044f \u043a Mercedes CLS, 2012\u0433.","timestamp":1773823313}
{"product_id":261936,"nameStatic":"\u0411\u043b\u043e\u043a \u043f\u0440\u0435\u0434\u043e\u0445\u0440\u0430\u043d\u0438\u0442\u0435\u043b\u0435\u0439 \u043a Subaru Outback, 1998\u0433.","timestamp":1773823316}
{"product_id":371477,"nameStatic":"\u0413\u0435\u043d\u0435\u0440\u0430\u0442\u043e\u0440 \u043a Honda Accord, 1997\u0433.","timestamp":1773823340}
{"product_id":237769,"nameStatic":"\u0411\u043b\u043e\u043a ABS \u043a Chrysler Cirrus, 2000\u0433.","timestamp":1773823368}
{"product_id":283521,"nameStatic":"\u0411\u043b\u043e\u043a \u043f\u0440\u0435\u0434\u043e\u0445\u0440\u0430\u043d\u0438\u0442\u0435\u043b\u0435\u0439 \u043a Toyota Corolla Verso, 2003\u0433.","timestamp":1773823374}
{"product_id":371830,"nameStatic":"\u0414\u0430\u0442\u0447\u0438\u043a \u043f\u0430\u0440\u043a\u0442\u0440\u043e\u043d\u0438\u043a\u0430 \u043a Volkswagen Passat, 2007\u0433.","timestamp":1773823374}
{"product_id":86255,"nameStatic":"\u041c\u0430\u0441\u043b\u044f\u043d\u0430\u044f \u0442\u0440\u0443\u0431\u043a\u0430 \u0442\u0443\u0440\u0431\u0438\u043d\u044b \u043a Peugeot 406, 1998\u0433.","timestamp":1773823430}
{"product_id":375245,"nameStatic":"\u041a\u0430\u0442\u0443\u0448\u043a\u0430 \u0437\u0430\u0436\u0438\u0433\u0430\u043d\u0438\u044f \u043a Audi A3, 2006\u0433.","timestamp":1773823498}
{"product_id":155623,"nameStatic":"\u0420\u0435\u0433\u0443\u043b\u044f\u0442\u043e\u0440 \u0434\u0430\u0432\u043b\u0435\u043d\u0438\u044f \u0442\u043e\u043f\u043b\u0438\u0432\u0430 \u043a Opel Zafira, 2007\u0433.","timestamp":1773823504}
{"product_id":337378,"nameStatic":"\u0411\u0430\u043b\u043a\u0430 \u043f\u043e\u0434\u0432\u0435\u0441\u043a\u0438 \u0437\u0430\u0434\u043d\u044f\u044f \u043a Peugeot 406, 2001\u0433.","timestamp":1773823521}
{"product_id":226387,"nameStatic":"\u0413\u0430\u0437\u043e\u0432\u043e\u0435 \u043e\u0431\u043e\u0440\u0443\u0434\u043e\u0432\u0430\u043d\u0438\u0435 (\u043a\u043e\u043c\u043f\u043b\u0435\u043a\u0442) \u043a Suzuki XL7, 2004\u0433.","timestamp":1773823551}
{"product_id":352024,"nameStatic":"\u0420\u0443\u043b\u0435\u0432\u0430\u044f \u0440\u0435\u0439\u043a\u0430 \u043a Volvo V50, 2005\u0433.","timestamp":1773823552}
{"product_id":332721,"nameStatic":"\u0417\u0435\u0440\u043a\u0430\u043b\u043e \u043d\u0430\u0440\u0443\u0436\u043d\u043e\u0435 \u043f\u0440\u0430\u0432\u043e\u0435 \u043a BMW 7 E65\/E66, 2004\u0433.","timestamp":1773823610}
{"product_id":332721,"nameStatic":"\u0417\u0435\u0440\u043a\u0430\u043b\u043e \u043d\u0430\u0440\u0443\u0436\u043d\u043e\u0435 \u043f\u0440\u0430\u0432\u043e\u0435 \u043a BMW 7 E65\/E66, 2004\u0433.","timestamp":1773823647}
{"product_id":241673,"nameStatic":"\u041a\u043e\u043c\u043f\u043b\u0435\u043a\u0442 \u0441\u0446\u0435\u043f\u043b\u0435\u043d\u0438\u044f \u043a Audi A3, 2003\u0433.","timestamp":1773823682}
{"product_id":98859,"nameStatic":"\u041a\u0440\u044b\u0448\u043a\u0430 \u0431\u0430\u0433\u0430\u0436\u043d\u0438\u043a\u0430 (\u0434\u0432\u0435\u0440\u044c 3-5) \u043a Alfa Romeo Giulietta, 2011\u0433.","timestamp":1773823685}
{"product_id":194060,"nameStatic":"\u0420\u0443\u0447\u043a\u0430 \u043d\u0430\u0440\u0443\u0436\u043d\u0430\u044f \u0437\u0430\u0434\u043d\u044f\u044f \u043b\u0435\u0432\u0430\u044f \u043a Peugeot 308, 2014\u0433.","timestamp":1773823785}
{"product_id":260573,"nameStatic":"\u0414\u0432\u0435\u0440\u044c \u043f\u0435\u0440\u0435\u0434\u043d\u044f\u044f \u043f\u0440\u0430\u0432\u0430\u044f \u043a Volkswagen Jetta, 1987\u0433.","timestamp":1773823801}
{"product_id":194060,"nameStatic":"\u0420\u0443\u0447\u043a\u0430 \u043d\u0430\u0440\u0443\u0436\u043d\u0430\u044f \u0437\u0430\u0434\u043d\u044f\u044f \u043b\u0435\u0432\u0430\u044f \u043a Peugeot 308, 2014\u0433.","timestamp":1773823834}
{"product_id":199975,"nameStatic":"\u0411\u043b\u043e\u043a \u043f\u0440\u0435\u0434\u043e\u0445\u0440\u0430\u043d\u0438\u0442\u0435\u043b\u0435\u0439 \u043a Kia Ceed, 2007\u0433.","timestamp":1773823860}
{"product_id":116165,"nameStatic":"\u041f\u0430\u0442\u0440\u0443\u0431\u043e\u043a \u0438\u043d\u0442\u0435\u0440\u043a\u0443\u043b\u0435\u0440\u0430 \u043a Seat Ibiza, 2000\u0433.","timestamp":1773823861}
{"product_id":311712,"nameStatic":"\u0420\u0430\u0434\u0438\u0430\u0442\u043e\u0440 (\u043e\u0441\u043d\u043e\u0432\u043d\u043e\u0439) \u043a Peugeot 108, 2015\u0433.","timestamp":1773823920}
{"product_id":240833,"nameStatic":"\u041d\u0430\u0441\u043e\u0441 \u0433\u0438\u0434\u0440\u043e\u0443\u0441\u0438\u043b\u0438\u0442\u0435\u043b\u044f \u0440\u0443\u043b\u044f \u043a Faw Vita, 2008\u0433.","timestamp":1773823923}
{"product_id":329564,"nameStatic":"\u0411\u043b\u043e\u043a \u0443\u043f\u0440\u0430\u0432\u043b\u0435\u043d\u0438\u044f \u0432\u0435\u043d\u0442\u0438\u043b\u044f\u0442\u043e\u0440\u043e\u043c \u0440\u0430\u0434\u0438\u0430\u0442\u043e\u0440\u0430 \u043a Ford Focus, 2013\u0433.","timestamp":1773823924}
{"product_id":226328,"nameStatic":"\u041c\u043e\u0442\u043e\u0440\u0447\u0438\u043a \u0437\u0430\u0434\u043d\u0435\u0433\u043e \u0441\u0442\u0435\u043a\u043b\u043e\u043e\u0447\u0438\u0441\u0442\u0438\u0442\u0435\u043b\u044f (\u0434\u0432\u043e\u0440\u043d\u0438\u043a\u0430) \u043a Ford Focus, 2009\u0433.","timestamp":1773823975}
{"product_id":288245,"nameStatic":"\u0428\u0430\u0442\u0443\u043d \u043a Audi A4, 2010\u0433.","timestamp":1773823986}
{"product_id":187422,"nameStatic":"\u041a\u0443\u043b\u0438\u0441\u0430 \u043a Honda FR-V, 2008\u0433.","timestamp":1773824053}
{"product_id":197975,"nameStatic":"\u0411\u043b\u043e\u043a \u0443\u043f\u0440\u0430\u0432\u043b\u0435\u043d\u0438\u044f \u0434\u0432\u0438\u0433\u0430\u0442\u0435\u043b\u0435\u043c \u043a Ford C-Max, 2005\u0433.","timestamp":1773824109}
{"product_id":216551,"nameStatic":"\u041e\u0431\u0448\u0438\u0432\u043a\u0430 \u0434\u0432\u0435\u0440\u0438 \u043f\u0435\u0440\u0435\u0434\u043d\u0435\u0439 \u043b\u0435\u0432\u043e\u0439 (\u0434\u0432\u0435\u0440\u043d\u0430\u044f \u043a\u0430\u0440\u0442\u0430) \u043a Great-Wall Hover H3, 2011\u0433.","timestamp":1773824111}
{"product_id":343561,"nameStatic":"\u041f\u0430\u0442\u0440\u0443\u0431\u043e\u043a \u0432\u043f\u0443\u0441\u043a\u043d\u043e\u0433\u043e \u043a\u043e\u043b\u043b\u0435\u043a\u0442\u043e\u0440\u0430 \u043a Audi A4, 2000\u0433.","timestamp":1773824113}
{"product_id":350491,"nameStatic":"\u041a\u0430\u0440\u0434\u0430\u043d\u043d\u044b\u0439 \u0432\u0430\u043b \u043f\u0435\u0440\u0435\u0434\u043d\u0438\u0439 \u043a BMW X6 F16, 2016\u0433.","timestamp":1773824117}
{"product_id":268747,"nameStatic":"\u0421\u0442\u0435\u043a\u043b\u043e \u0434\u0432\u0435\u0440\u0438 \u043f\u0435\u0440\u0435\u0434\u043d\u0435\u0439 \u043b\u0435\u0432\u043e\u0439 \u043a Mitsubishi L400, 1998\u0433.","timestamp":1773824117}
{"product_id":206573,"nameStatic":"\u041f\u043e\u0434\u0443\u0448\u043a\u0430 \u0431\u0435\u0437\u043e\u043f\u0430\u0441\u043d\u043e\u0441\u0442\u0438 \u043f\u0430\u0441\u0441\u0430\u0436\u0438\u0440\u0430 \u043a Citroen XM, 1999\u0433.","timestamp":1773824118}
{"product_id":363048,"nameStatic":"\u0420\u0435\u0433\u0443\u043b\u044f\u0442\u043e\u0440 \u0434\u0430\u0432\u043b\u0435\u043d\u0438\u044f \u0442\u043e\u043f\u043b\u0438\u0432\u0430 \u043a Mercedes E W211, 2008\u0433.","timestamp":1773824179}
{"product_id":207557,"nameStatic":"\u0417\u0435\u0440\u043a\u0430\u043b\u043e \u043d\u0430\u0440\u0443\u0436\u043d\u043e\u0435 \u043f\u0440\u0430\u0432\u043e\u0435 \u043a Fiat Brava, 1997\u0433.","timestamp":1773824180}
{"product_id":323453,"nameStatic":"\u0421\u0443\u043f\u043f\u043e\u0440\u0442 \u0437\u0430\u0434\u043d\u0438\u0439 \u043b\u0435\u0432\u044b\u0439 \u043a Seat Toledo, 2002\u0433.","timestamp":1773824229}
{"product_id":234159,"nameStatic":"\u0417\u0430\u0449\u0438\u0442\u0430 \u0434\u043d\u0438\u0449\u0430 \u043a Mercedes E W211, 2003\u0433.","timestamp":1773824231}
{"product_id":235472,"nameStatic":"\u0421\u0442\u0435\u043a\u043b\u043e \u043b\u043e\u0431\u043e\u0432\u043e\u0435 \u043a Great-Wall Pegasus, 2007\u0433.","timestamp":1773824234}
{"product_id":104714,"nameStatic":"\u0417\u0435\u0440\u043a\u0430\u043b\u043e \u043d\u0430\u0440\u0443\u0436\u043d\u043e\u0435 \u043f\u0440\u0430\u0432\u043e\u0435 \u043a Mercedes CLK W209, 2002\u0433.","timestamp":1773824234}
{"product_id":248823,"nameStatic":"\u0421\u0442\u0435\u043a\u043b\u043e \u043a\u0443\u0437\u043e\u0432\u043d\u043e\u0435 \u0431\u043e\u043a\u043e\u0432\u043e\u0435 \u043f\u0440\u0430\u0432\u043e\u0435 \u043a Nissan Serena, 1996\u0433.","timestamp":1773824292}
{"product_id":212482,"nameStatic":"\u041d\u0430\u0441\u043e\u0441 \u0442\u043e\u043f\u043b\u0438\u0432\u043d\u044b\u0439 \u043a Suzuki Splash, 2010\u0433.","timestamp":1773824292}
{"product_id":271163,"nameStatic":"\u0420\u0443\u0447\u043a\u0430 \u043d\u0430\u0440\u0443\u0436\u043d\u0430\u044f \u043f\u0435\u0440\u0435\u0434\u043d\u044f\u044f \u043f\u0440\u0430\u0432\u0430\u044f \u043a Chevrolet Tahoe, 2001\u0433.","timestamp":1773824292}
{"product_id":321991,"nameStatic":"\u042e\u0431\u043a\u0430 \u0431\u0430\u043c\u043f\u0435\u0440\u0430 \u043f\u0435\u0440\u0435\u0434\u043d\u0435\u0433\u043e \u043a Volkswagen Golf, 2005\u0433.","timestamp":1773824296}
{"product_id":134153,"nameStatic":"\u041e\u043f\u043e\u0440\u0430 \u0430\u043c\u043e\u0440\u0442\u0438\u0437\u0430\u0442\u043e\u0440\u0430 \u0432\u0435\u0440\u0445\u043d\u044f\u044f (\u0447\u0430\u0448\u043a\u0430) \u043a Audi A6, 2000\u0433.","timestamp":1773824299}
{"product_id":224177,"nameStatic":"\u0417\u0430\u043c\u043e\u043a \u0434\u0432\u0435\u0440\u0438 \u043f\u0435\u0440\u0435\u0434\u043d\u0435\u0439 \u043f\u0440\u0430\u0432\u043e\u0439 \u043a Dodge Intrepid, 2000\u0433.","timestamp":1773824358}
{"product_id":178506,"nameStatic":"\u0424\u043e\u0440\u0441\u0443\u043d\u043a\u0430 \u043a Hyundai i10, 2013\u0433.","timestamp":1773824359}
{"product_id":331504,"nameStatic":"\u0411\u0430\u043c\u043f\u0435\u0440 \u043f\u0435\u0440\u0435\u0434\u043d\u0438\u0439 \u043a Hyundai Santamo, 1999\u0433.","timestamp":1773824368}
{"product_id":180578,"nameStatic":"\u0420\u0443\u0447\u043a\u0430 \u043d\u0430\u0440\u0443\u0436\u043d\u0430\u044f \u043f\u0435\u0440\u0435\u0434\u043d\u044f\u044f \u043f\u0440\u0430\u0432\u0430\u044f \u043a Mercedes Vito W639, 2003\u0433.","timestamp":1773824414}
{"product_id":347740,"nameStatic":"\u041f\u0430\u043d\u0435\u043b\u044c \u043f\u0435\u0440\u0435\u0434\u043d\u044f\u044f \u0441\u0430\u043b\u043e\u043d\u0430 (\u0442\u043e\u0440\u043f\u0435\u0434\u043e) \u043a Chevrolet Lacetti, 2007\u0433.","timestamp":1773824415}
{"product_id":179862,"nameStatic":"\u0411\u043b\u043e\u043a \u0441\u0447\u0438\u0442\u044b\u0432\u0430\u043d\u0438\u044f \u043a\u043b\u044e\u0447-\u043a\u0430\u0440\u0442\u044b \u043a Renault Megane, 2003\u0433.","timestamp":1773824416}
{"product_id":213780,"nameStatic":"\u0421\u0443\u043f\u043f\u043e\u0440\u0442 \u0437\u0430\u0434\u043d\u0438\u0439 \u043b\u0435\u0432\u044b\u0439 \u043a Toyota Previa, 1998\u0433.","timestamp":1773824417}
{"product_id":90793,"nameStatic":"\u0417\u0435\u0440\u043a\u0430\u043b\u043e \u043d\u0430\u0440\u0443\u0436\u043d\u043e\u0435 \u043f\u0440\u0430\u0432\u043e\u0435 \u043a Nissan Primera, 2003\u0433.","timestamp":1773824417}
{"product_id":94907,"nameStatic":"\u0421\u0442\u0435\u043a\u043b\u043e\u043f\u043e\u0434\u044a\u0435\u043c\u043d\u0438\u043a \u044d\u043b\u0435\u043a\u0442\u0440\u0438\u0447\u0435\u0441\u043a\u0438\u0439 \u043f\u0435\u0440\u0435\u0434\u043d\u0438\u0439 \u043b\u0435\u0432\u044b\u0439 \u043a BMW 3 E90\/E91\/E92\/E93, 2005\u0433.","timestamp":1773824418}
{"product_id":343970,"nameStatic":"\u041f\u0440\u043e\u0432\u043e\u0434\u043a\u0430 \u0434\u0432\u0435\u0440\u0438 \u043f\u0435\u0440\u0435\u0434\u043d\u0435\u0439 \u043f\u0440\u0430\u0432\u043e\u0439 \u043a Seat Alhambra, 1999\u0433.","timestamp":1773824483}
{"product_id":269552,"nameStatic":"\u0414\u0438\u0441\u043a \u043b\u0438\u0442\u043e\u0439 \u043a Nissan Maxima, 1998\u0433.","timestamp":1773824520}
{"product_id":233037,"nameStatic":"\u0412\u0438\u0441\u043a\u043e\u043c\u0443\u0444\u0442\u0430 \u043a Nissan Vanette, 1998\u0433.","timestamp":1773824538}
{"product_id":114949,"nameStatic":"\u0417\u0430\u043c\u043e\u043a \u043a\u0430\u043f\u043e\u0442\u0430 \u043a Audi A4, 1999\u0433.","timestamp":1773824538}
{"product_id":194853,"nameStatic":"\u0424\u043b\u0430\u043d\u0435\u0446 (\u0442\u0440\u043e\u0439\u043d\u0438\u043a) \u0441\u0438\u0441\u0442\u0435\u043c\u044b \u043e\u0445\u043b\u0430\u0436\u0434\u0435\u043d\u0438\u044f \u043a Volkswagen Golf GTI, 2007\u0433.","timestamp":1773824543}
{"product_id":227683,"nameStatic":"\u041f\u0435\u0442\u043b\u044f \u043a\u0430\u043f\u043e\u0442\u0430 \u043f\u0440\u0430\u0432\u0430\u044f \u043a Fiat Ulysse, 1998\u0433.","timestamp":1773824601}
{"product_id":382998,"nameStatic":"\u041c\u043e\u0442\u043e\u0440\u0447\u0438\u043a \u043f\u0435\u0447\u043a\u0438 \u043a Citroen Jumpy, 2008\u0433.","timestamp":1773824796}
{"product_id":226328,"nameStatic":"\u041c\u043e\u0442\u043e\u0440\u0447\u0438\u043a \u0437\u0430\u0434\u043d\u0435\u0433\u043e \u0441\u0442\u0435\u043a\u043b\u043e\u043e\u0447\u0438\u0441\u0442\u0438\u0442\u0435\u043b\u044f (\u0434\u0432\u043e\u0440\u043d\u0438\u043a\u0430) \u043a Ford Focus, 2009\u0433.","timestamp":1773824980}
{"product_id":379429,"nameStatic":"\u0421\u0438\u0434\u0435\u043d\u044c\u0435 \u0437\u0430\u0434\u043d\u0435\u0435 \u043a Renault Espace, 2006\u0433.","timestamp":1773825164}
{"product_id":269552,"nameStatic":"\u0414\u0438\u0441\u043a \u043b\u0438\u0442\u043e\u0439 \u043a Nissan Maxima, 1998\u0433.","timestamp":1773825234}
{"product_id":336784,"nameStatic":"\u0424\u043e\u043d\u0430\u0440\u044c \u043f\u0440\u043e\u0442\u0438\u0432\u043e\u0442\u0443\u043c\u0430\u043d\u043d\u044b\u0439 \u043f\u0440\u0430\u0432\u044b\u0439 \u043a Land-Rover Range Rover, 2023\u0433.","timestamp":1773825613}
{"product_id":342912,"nameStatic":"\u0424\u043e\u043d\u0430\u0440\u044c \u043a\u0440\u044b\u0448\u043a\u0438 \u0431\u0430\u0433\u0430\u0436\u043d\u0438\u043a\u0430 \u043f\u0440\u0430\u0432\u044b\u0439 \u043a Ford Focus, 2011\u0433.","timestamp":1773825733}
{"product_id":338728,"nameStatic":"\u0413\u0435\u043d\u0435\u0440\u0430\u0442\u043e\u0440 \u043a Volkswagen Transporter, 2010\u0433.","timestamp":1773825791}
{"product_id":383009,"nameStatic":"\u0412\u0435\u043d\u0442\u0438\u043b\u044f\u0442\u043e\u0440 \u0440\u0430\u0434\u0438\u0430\u0442\u043e\u0440\u0430 \u043a Renault Grand Scenic, 2009\u0433.","timestamp":1773825826}
{"product_id":228153,"nameStatic":"\u0417\u0435\u0440\u043a\u0430\u043b\u043e \u043d\u0430\u0440\u0443\u0436\u043d\u043e\u0435 \u043b\u0435\u0432\u043e\u0435 \u043a Fiat Cinquecento, 1991\u0433.","timestamp":1773826084}
{"product_id":336784,"nameStatic":"\u0424\u043e\u043d\u0430\u0440\u044c \u043f\u0440\u043e\u0442\u0438\u0432\u043e\u0442\u0443\u043c\u0430\u043d\u043d\u044b\u0439 \u043f\u0440\u0430\u0432\u044b\u0439 \u043a Land-Rover Range Rover, 2023\u0433.","timestamp":1773826118}
{"product_id":214718,"nameStatic":"\u041b\u044e\u043a \u043a Rover 600, 1996\u0433.","timestamp":1773826125}
{"product_id":243182,"nameStatic":"\u0421\u0443\u043f\u043f\u043e\u0440\u0442 \u043f\u0435\u0440\u0435\u0434\u043d\u0438\u0439 \u043f\u0440\u0430\u0432\u044b\u0439 \u043a Hyundai Sonata, 1998\u0433.","timestamp":1773826385}
{"product_id":230847,"nameStatic":"\u041a\u043d\u043e\u043f\u043a\u0438 \u0440\u0443\u043b\u044f \u043a Kia Optima, 2016\u0433.","timestamp":1773826444}
{"product_id":336646,"nameStatic":"\u0417\u0430\u0441\u043b\u043e\u043d\u043a\u0430 \u0434\u0440\u043e\u0441\u0441\u0435\u043b\u044c\u043d\u0430\u044f \u043a Toyota iQ, 2009\u0433.","timestamp":1773826448}
{"product_id":103601,"nameStatic":"\u0414\u0432\u0435\u0440\u044c \u043f\u0435\u0440\u0435\u0434\u043d\u044f\u044f \u043f\u0440\u0430\u0432\u0430\u044f \u043a Iveco Daily, 2001\u0433.","timestamp":1773826575}
{"product_id":330136,"nameStatic":"\u0424\u0430\u0440\u0430 \u043f\u0440\u043e\u0442\u0438\u0432\u043e\u0442\u0443\u043c\u0430\u043d\u043d\u0430\u044f \u043b\u0435\u0432\u0430\u044f \u043a Ford Focus, 2012\u0433.","timestamp":1773826622}
{"product_id":226052,"nameStatic":"\u041a\u043d\u043e\u043f\u043a\u0430 \u0430\u0432\u0430\u0440\u0438\u0439\u043d\u043e\u0439 \u0441\u0438\u0433\u043d\u0430\u043b\u0438\u0437\u0430\u0446\u0438\u0438 \u043a Hyundai Sonata, 2001\u0433.","timestamp":1773826688}
{"product_id":360897,"nameStatic":"\u041a\u041f\u041f \u043c\u0435\u0445\u0430\u043d\u0438\u0447\u0435\u0441\u043a\u0430\u044f (\u041c\u041a\u041f\u041f) \u043a Iveco Daily, 2003\u0433.","timestamp":1773826688}
{"product_id":329952,"nameStatic":"\u041a\u043b\u0430\u043f\u0430\u043d EGR \u043a Jaguar S-Type, 2006\u0433.","timestamp":1773826690}
{"product_id":217180,"nameStatic":"\u0414\u043e\u0436\u0434\u0435\u0432\u0438\u043a \u043a Fiat Ulysse, 1997\u0433.","timestamp":1773826822}
{"product_id":218485,"nameStatic":"\u0421\u0442\u0435\u043a\u043b\u043e\u043f\u043e\u0434\u044a\u0435\u043c\u043d\u0438\u043a \u044d\u043b\u0435\u043a\u0442\u0440\u0438\u0447\u0435\u0441\u043a\u0438\u0439 \u043f\u0435\u0440\u0435\u0434\u043d\u0438\u0439 \u043b\u0435\u0432\u044b\u0439 \u043a Citroen Xantia, 1997\u0433.","timestamp":1773826876}
{"product_id":269552,"nameStatic":"\u0414\u0438\u0441\u043a \u043b\u0438\u0442\u043e\u0439 \u043a Nissan Maxima, 1998\u0433.","timestamp":1773826918}
{"product_id":269552,"nameStatic":"\u0414\u0438\u0441\u043a \u043b\u0438\u0442\u043e\u0439 \u043a Nissan Maxima, 1998\u0433.","timestamp":1773827002}
{"product_id":373678,"nameStatic":"\u041e\u043f\u043e\u0440\u0430 \u0430\u043c\u043e\u0440\u0442\u0438\u0437\u0430\u0442\u043e\u0440\u0430 \u0432\u0435\u0440\u0445\u043d\u044f\u044f (\u0447\u0430\u0448\u043a\u0430) \u043a Audi A4, 2021\u0433.","timestamp":1773827083}
{"product_id":358318,"nameStatic":"\u0413\u0435\u043d\u0435\u0440\u0430\u0442\u043e\u0440 \u043a Kia Ceed, 2008\u0433.","timestamp":1773827123}
{"product_id":98015,"nameStatic":"\u0411\u043b\u043e\u043a \u0443\u043f\u0440\u0430\u0432\u043b\u0435\u043d\u0438\u044f \u0432\u0435\u043d\u0442\u0438\u043b\u044f\u0442\u043e\u0440\u043e\u043c \u0440\u0430\u0434\u0438\u0430\u0442\u043e\u0440\u0430 \u043a Fiat Scudo, 2008\u0433.","timestamp":1773827124}
{"product_id":229550,"nameStatic":"\u0411\u043b\u043e\u043a \u0443\u043f\u0440\u0430\u0432\u043b\u0435\u043d\u0438\u044f (\u0434\u0440\u0443\u0433\u0438\u0435) \u043a Nissan X-Trail, 2004\u0433.","timestamp":1773827127}
{"product_id":336144,"nameStatic":"\u0411\u043b\u043e\u043a \u0443\u043f\u0440\u0430\u0432\u043b\u0435\u043d\u0438\u044f \u0441\u0442\u0435\u043a\u043b\u043e\u043f\u043e\u0434\u044a\u0435\u043c\u043d\u0438\u043a\u0430\u043c\u0438 \u043a Skoda Superb, 2010\u0433.","timestamp":1773827183}
{"product_id":126954,"nameStatic":"\u041f\u043e\u0440\u0448\u0435\u043d\u044c \u043a Opel Astra, 1996\u0433.","timestamp":1773827189}
{"product_id":367947,"nameStatic":"\u0413\u0435\u043d\u0435\u0440\u0430\u0442\u043e\u0440 \u043a Renault Scenic, 2008\u0433.","timestamp":1773827243}
{"product_id":238586,"nameStatic":"\u041a\u043e\u043c\u043f\u043b\u0435\u043a\u0442 \u0441\u0446\u0435\u043f\u043b\u0435\u043d\u0438\u044f \u043a Great-Wall Pegasus, 2006\u0433.","timestamp":1773827245}
{"product_id":274779,"nameStatic":"\u041f\u0440\u043e\u0432\u043e\u0434\u043a\u0430 \u043a BMW X6, 2008\u0433.","timestamp":1773827248}
{"product_id":357530,"nameStatic":"\u041f\u043e\u0434\u0443\u0448\u043a\u0430 \u0431\u0435\u0437\u043e\u043f\u0430\u0441\u043d\u043e\u0441\u0442\u0438 \u043a\u043e\u043b\u0435\u043d\u043d\u0430\u044f \u043a Volkswagen Golf, 2011\u0433.","timestamp":1773827303}
{"product_id":268345,"nameStatic":"\u0414\u0432\u0435\u0440\u044c \u0441\u0434\u0432\u0438\u0436\u043d\u0430\u044f \u043f\u0440\u0430\u0432\u0430\u044f \u043a Mercedes Vito W638, 1999\u0433.","timestamp":1773827304}
{"product_id":142509,"nameStatic":"\u0420\u0443\u0447\u043a\u0430 \u0432\u043d\u0443\u0442\u0440\u0435\u043d\u043d\u044f\u044f \u0437\u0430\u0434\u043d\u044f\u044f \u043b\u0435\u0432\u0430\u044f \u043a BMW 5 E60\/E61, 2004\u0433.","timestamp":1773827305}
{"product_id":379003,"nameStatic":"\u041f\u0440\u0438\u0446\u0435\u043f\u043d\u043e\u0435 \u0443\u0441\u0442\u0440\u043e\u0439\u0441\u0442\u0432\u043e (\u0444\u0430\u0440\u043a\u043e\u043f) \u043a Volkswagen Transporter, 2000\u0433.","timestamp":1773827305}
{"product_id":305529,"nameStatic":"\u0422\u0443\u0440\u0431\u0438\u043d\u0430 \u043a Jaguar S-Type, 2004\u0433.","timestamp":1773827310}
{"product_id":307096,"nameStatic":"\u0411\u043b\u043e\u043a \u0443\u043f\u0440\u0430\u0432\u043b\u0435\u043d\u0438\u044f \u0441\u0432\u0435\u0442\u043e\u043c \u043a Mercedes E W211, 2004\u0433.","timestamp":1773827312}
{"product_id":373799,"nameStatic":"\u0420\u0443\u043b\u0435\u0432\u0430\u044f \u0440\u0435\u0439\u043a\u0430 \u043a Volkswagen Sharan, 2003\u0433.","timestamp":1773827369}
{"product_id":376022,"nameStatic":"\u0422\u041d\u0412\u0414 \u043a Peugeot 806, 2002\u0433.","timestamp":1773827378}
{"product_id":369726,"nameStatic":"\u041d\u0430\u043a\u043b\u0430\u0434\u043a\u0430 \u043f\u043e\u0434\u0441\u0432\u0435\u0442\u043a\u0438 \u043d\u043e\u043c\u0435\u0440\u0430 \u043a Chrysler Voyager, 2010\u0433.","timestamp":1773827423}
{"product_id":315293,"nameStatic":"\u0411\u0430\u043b\u043a\u0430 \u043f\u043e\u0434\u0432\u0435\u0441\u043a\u0438 \u0437\u0430\u0434\u043d\u044f\u044f \u043a Lifan Solano, 2010\u0433.","timestamp":1773827426}
{"product_id":128417,"nameStatic":"\u0411\u043b\u043e\u043a \u0443\u043f\u0440\u0430\u0432\u043b\u0435\u043d\u0438\u044f \u0441\u0442\u0435\u043a\u043b\u043e\u043f\u043e\u0434\u044a\u0435\u043c\u043d\u0438\u043a\u0430\u043c\u0438 \u043a Citroen Xsara, 1997\u0433.","timestamp":1773827430}
{"product_id":102987,"nameStatic":"\u0417\u0430\u043c\u043e\u043a \u0434\u0432\u0435\u0440\u0438 \u043f\u0435\u0440\u0435\u0434\u043d\u0435\u0439 \u043b\u0435\u0432\u043e\u0439 \u043a Opel Astra, 2004\u0433.","timestamp":1773827489}
{"product_id":286816,"nameStatic":"\u0420\u0443\u0447\u043a\u0430 \u043d\u0430\u0440\u0443\u0436\u043d\u0430\u044f \u043f\u0435\u0440\u0435\u0434\u043d\u044f\u044f \u043b\u0435\u0432\u0430\u044f \u043a Chevrolet Niva, 2007\u0433.","timestamp":1773827490}
{"product_id":244297,"nameStatic":"\u0411\u043b\u043e\u043a ABS \u043a Mercedes CLK W209, 2005\u0433.","timestamp":1773827491}
{"product_id":364747,"nameStatic":"\u0411\u043b\u043e\u043a \u0443\u043f\u0440\u0430\u0432\u043b\u0435\u043d\u0438\u044f \u0434\u0432\u0438\u0433\u0430\u0442\u0435\u043b\u0435\u043c \u043a Citroen C3, 2007\u0433.","timestamp":1773827491}
{"product_id":155816,"nameStatic":"\u0422\u041d\u0412\u0414 \u043a Alfa Romeo 159, 2007\u0433.","timestamp":1773827492}
{"product_id":371359,"nameStatic":"\u0414\u0438\u0441\u043a \u043b\u0438\u0442\u043e\u0439 \u043a BMW 3 F30\/F31\/GT F34, 2018\u0433.","timestamp":1773827548}
{"product_id":188764,"nameStatic":"\u041c\u043e\u0442\u043e\u0440\u0447\u0438\u043a \u043f\u0435\u0447\u043a\u0438 \u043a Skoda Roomster, 2006\u0433.","timestamp":1773827548}
{"product_id":150575,"nameStatic":"\u0411\u043b\u043e\u043a \u0443\u043f\u0440\u0430\u0432\u043b\u0435\u043d\u0438\u044f \u0434\u0432\u0438\u0433\u0430\u0442\u0435\u043b\u0435\u043c \u043a Nissan Pixo, 2009\u0433.","timestamp":1773827551}
{"product_id":377484,"nameStatic":"\u041a\u0440\u043e\u043d\u0448\u0442\u0435\u0439\u043d \u043a\u0440\u0435\u043f\u043b\u0435\u043d\u0438\u044f \u0431\u0430\u043c\u043f\u0435\u0440\u0430 \u043f\u0435\u0440\u0435\u0434\u043d\u0435\u0433\u043e \u043a Fiat Ducato, 2018\u0433.","timestamp":1773827551}
{"product_id":351455,"nameStatic":"\u041d\u0430\u0441\u043e\u0441 \u0442\u043e\u043f\u043b\u0438\u0432\u043d\u044b\u0439 \u0430\u0432\u0442\u043e\u043d\u043e\u043c\u043d\u043e\u0433\u043e \u043e\u0442\u043e\u043f\u0438\u0442\u0435\u043b\u044f \u043a Toyota Avensis, 2002\u0433.","timestamp":1773827553}
{"product_id":95855,"nameStatic":"\u0420\u0443\u043b\u0435\u0432\u043e\u0439 \u043a\u0430\u0440\u0434\u0430\u043d\u0447\u0438\u043a \u043a Volkswagen Golf, 2000\u0433.","timestamp":1773827613}
{"product_id":245683,"nameStatic":"\u0420\u0430\u043c\u043a\u0430 \u043a\u0430\u043f\u043e\u0442\u0430 \u043a Mercedes E W210, 2001\u0433.","timestamp":1773827618}
{"product_id":376472,"nameStatic":"\u0417\u0435\u0440\u043a\u0430\u043b\u043e \u043d\u0430\u0440\u0443\u0436\u043d\u043e\u0435 \u043b\u0435\u0432\u043e\u0435 \u043a Mercedes Vito W639, 2006\u0433.","timestamp":1773827623}
{"product_id":205819,"nameStatic":"\u041e\u0431\u0448\u0438\u0432\u043a\u0430 \u0431\u0430\u0433\u0430\u0436\u043d\u0438\u043a\u0430 \u043a Chevrolet Tahoe, 2002\u0433.","timestamp":1773827675}
{"product_id":315901,"nameStatic":"\u0417\u0430\u043c\u043e\u043a \u0434\u0432\u0435\u0440\u0438 \u043f\u0435\u0440\u0435\u0434\u043d\u0435\u0439 \u043b\u0435\u0432\u043e\u0439 \u043a BMW 5 E39, 2000\u0433.","timestamp":1773827679}
{"product_id":156198,"nameStatic":"\u0424\u043e\u043d\u0430\u0440\u044c \u0437\u0430\u0434\u043d\u0438\u0439 \u043b\u0435\u0432\u044b\u0439 \u043a Seat Toledo, 2005\u0433.","timestamp":1773827740}
{"product_id":130577,"nameStatic":"\u0414\u0438\u0441\u043a \u0441\u0446\u0435\u043f\u043b\u0435\u043d\u0438\u044f \u043a Chevrolet Kalos, 2004\u0433.","timestamp":1773827741}
{"product_id":322929,"nameStatic":"\u041a\u0440\u0435\u043f\u043b\u0435\u043d\u0438\u0435 \u0442\u043e\u043f\u043b\u0438\u0432\u043d\u043e\u0433\u043e \u0431\u0430\u043a\u0430 \u043a Lifan Solano, 2009\u0433.","timestamp":1773827803}
{"product_id":182485,"nameStatic":"\u0420\u0443\u0447\u043a\u0430 \u043d\u0430\u0440\u0443\u0436\u043d\u0430\u044f \u043f\u0435\u0440\u0435\u0434\u043d\u044f\u044f \u043b\u0435\u0432\u0430\u044f \u043a Chevrolet Spark, 2007\u0433.","timestamp":1773827854}
{"product_id":181814,"nameStatic":"\u0420\u0443\u0447\u043a\u0430 \u0432\u043d\u0443\u0442\u0440\u0435\u043d\u043d\u044f\u044f \u0437\u0430\u0434\u043d\u044f\u044f \u043b\u0435\u0432\u0430\u044f \u043a Nissan X-Trail, 2004\u0433.","timestamp":1773827855}
{"product_id":348375,"nameStatic":"\u0417\u0430\u043c\u043e\u043a \u0431\u0430\u0433\u0430\u0436\u043d\u0438\u043a\u0430 \u043a Audi 100, 1986\u0433.","timestamp":1773827856}
{"product_id":240736,"nameStatic":"\u0411\u043b\u043e\u043a \u0443\u043f\u0440\u0430\u0432\u043b\u0435\u043d\u0438\u044f \u0441\u0442\u0435\u043a\u043b\u043e\u043f\u043e\u0434\u044a\u0435\u043c\u043d\u0438\u043a\u0430\u043c\u0438 \u043a Renault Safrane, 1996\u0433.","timestamp":1773827862}
{"product_id":256017,"nameStatic":"\u041d\u0430\u0441\u043e\u0441 \u0433\u0438\u0434\u0440\u043e\u0443\u0441\u0438\u043b\u0438\u0442\u0435\u043b\u044f \u0440\u0443\u043b\u044f \u043a Chevrolet Aveo, 2005\u0433.","timestamp":1773827917}
{"product_id":340641,"nameStatic":"\u0414\u0430\u0442\u0447\u0438\u043a \u0434\u0430\u0432\u043b\u0435\u043d\u0438\u044f \u0442\u043e\u043f\u043b\u0438\u0432\u0430 \u043a Fiat Ducato, 2008\u0433.","timestamp":1773828097}
{"product_id":383017,"nameStatic":"\u041c\u043e\u0442\u043e\u0440\u0447\u0438\u043a \u043f\u0435\u0447\u043a\u0438 \u043a Citroen Jumpy, 2007\u0433.","timestamp":1773828267}
{"product_id":366262,"nameStatic":"\u0413\u043e\u043b\u043e\u0432\u043a\u0430 \u0431\u043b\u043e\u043a\u0430 \u0446\u0438\u043b\u0438\u043d\u0434\u0440\u043e\u0432 \u043a Citroen Jumper, 2019\u0433.","timestamp":1773828325}
{"product_id":371359,"nameStatic":"\u0414\u0438\u0441\u043a \u043b\u0438\u0442\u043e\u0439 \u043a BMW 3 F30\/F31\/GT F34, 2018\u0433.","timestamp":1773829291}
{"product_id":181001,"nameStatic":"\u041a\u0440\u043e\u043d\u0448\u0442\u0435\u0439\u043d \u043a\u0440\u0435\u043f\u043b\u0435\u043d\u0438\u044f \u0431\u0430\u043c\u043f\u0435\u0440\u0430 \u043f\u0435\u0440\u0435\u0434\u043d\u0435\u0433\u043e \u043a Citroen C4 Grand Picasso, 2006\u0433.","timestamp":1773829322}
{"product_id":288651,"nameStatic":"\u041e\u043f\u043e\u0440\u0430 \u0430\u043c\u043e\u0440\u0442\u0438\u0437\u0430\u0442\u043e\u0440\u0430 \u0432\u0435\u0440\u0445\u043d\u044f\u044f (\u0447\u0430\u0448\u043a\u0430) \u043a Chrysler Voyager, 1998\u0433.","timestamp":1773829923}
{"product_id":379206,"nameStatic":"\u0424\u043e\u043d\u0430\u0440\u044c \u0437\u0430\u0434\u043d\u0438\u0439 \u043f\u0440\u0430\u0432\u044b\u0439 \u043a Renault Trafic, 2003\u0433.","timestamp":1773830141}
{"product_id":112705,"nameStatic":"\u041f\u0435\u0442\u043b\u044f \u043a\u0440\u044b\u0448\u043a\u0438 \u0431\u0430\u0433\u0430\u0436\u043d\u0438\u043a\u0430 \u043a Volvo XC70, 2007\u0433.","timestamp":1773830154}
{"product_id":98313,"nameStatic":"\u0414\u0438\u0441\u043f\u043b\u0435\u0439 \u043a\u043e\u043c\u043f\u044c\u044e\u0442\u0435\u0440\u0430 \u043a Volvo XC70, 2012\u0433.","timestamp":1773830169}
{"product_id":345531,"nameStatic":"\u0424\u043e\u0440\u0441\u0443\u043d\u043a\u0430 \u043a Peugeot 308, 2011\u0433.","timestamp":1773830267}
{"product_id":275103,"nameStatic":"\u0420\u044b\u0447\u0430\u0433 \u043f\u0435\u0440\u0435\u0434\u043d\u0438\u0439 \u043f\u0440\u0430\u0432\u044b\u0439 \u043a BMW X6, 2008\u0433.","timestamp":1773830446}
{"product_id":198197,"nameStatic":"\u0421\u0442\u0435\u043a\u043b\u043e \u0434\u0432\u0435\u0440\u0438 \u0437\u0430\u0434\u043d\u0435\u0439 \u043f\u0440\u0430\u0432\u043e\u0439 \u043a Chevrolet Nubira, 2004\u0433.","timestamp":1773830451}
{"product_id":209300,"nameStatic":"\u041a\u0430\u0442\u0443\u0448\u043a\u0430 \u0437\u0430\u0436\u0438\u0433\u0430\u043d\u0438\u044f \u043a Mazda 2, 2007\u0433.","timestamp":1773830517}
{"product_id":111629,"nameStatic":"\u0422\u0440\u0443\u0431\u043a\u0430 \u043a\u043e\u043d\u0434\u0438\u0446\u0438\u043e\u043d\u0435\u0440\u0430 \u043a Hyundai Trajet, 2003\u0433.","timestamp":1773830520}
{"product_id":215028,"nameStatic":"\u0424\u043e\u043d\u0430\u0440\u044c \u0437\u0430\u0434\u043d\u0438\u0439 \u043f\u0440\u0430\u0432\u044b\u0439 \u043a Peugeot 306, 1994\u0433.","timestamp":1773830576}
{"product_id":248627,"nameStatic":"\u0420\u0443\u043b\u0435\u0432\u043e\u0439 \u043a\u0430\u0440\u0434\u0430\u043d\u0447\u0438\u043a \u043a Chrysler Voyager, 1999\u0433.","timestamp":1773830582}
{"product_id":377381,"nameStatic":"\u041a\u043b\u0430\u043f\u0430\u043d EGR \u043a Skoda Superb, 2006\u0433.","timestamp":1773830700}
{"product_id":205901,"nameStatic":"\u0422\u0440\u0443\u0431\u043a\u0430 \u043a\u043e\u043d\u0434\u0438\u0446\u0438\u043e\u043d\u0435\u0440\u0430 \u043a Citroen Evasion, 1998\u0433.","timestamp":1773830703}
                                                                                                                                                                                                                                                                     {"product_id":117551,"nameStatic":"\u041d\u0430\u0441\u043e\u0441 \u0432\u0430\u043a\u0443\u0443\u043c\u043d\u044b\u0439 \u043a Ford C-Max, 2005\u0433.","timestamp":1773830817}
{"product_id":375091,"nameStatic":"\u0428\u043b\u0435\u0439\u0444 \u0440\u0443\u043b\u044f \u043a Peugeot Boxer, 2013\u0433.","timestamp":1773830942}
{"product_id":328350,"nameStatic":"\u0414\u0430\u0442\u0447\u0438\u043a \u0434\u0430\u0432\u043b\u0435\u043d\u0438\u044f \u0442\u043e\u043f\u043b\u0438\u0432\u0430 \u043a Porsche Cayenne, 2015\u0433.","timestamp":1773830945}
{"product_id":340221,"nameStatic":"\u0420\u0430\u0441\u0445\u043e\u0434\u043e\u043c\u0435\u0440 \u0432\u043e\u0437\u0434\u0443\u0445\u0430 \u043a Audi A3, 2005\u0433.","timestamp":1773831131}
{"product_id":150965,"nameStatic":"\u041a\u043e\u0437\u044b\u0440\u0435\u043a \u0441\u043e\u043b\u043d\u0446\u0435\u0437\u0430\u0449\u0438\u0442\u043d\u044b\u0439 \u043a Hyundai Veloster, 2011\u0433.","timestamp":1773831133}
{"product_id":338279,"nameStatic":"\u041f\u0435\u0440\u0435\u043a\u043b\u044e\u0447\u0430\u0442\u0435\u043b\u044c \u043f\u043e\u0432\u043e\u0440\u043e\u0442\u043e\u0432 \u043a Renault Duster, 2017\u0433.","timestamp":1773831136}
{"product_id":374981,"nameStatic":"\u041c\u0435\u0445\u0430\u043d\u0438\u0437\u043c \u0441\u0442\u0435\u043a\u043b\u043e\u043e\u0447\u0438\u0441\u0442\u0438\u0442\u0435\u043b\u044f (\u0442\u0440\u0430\u043f\u0435\u0446\u0438\u044f \u0434\u0432\u043e\u0440\u043d\u0438\u043a\u043e\u0432) \u043a Ford Galaxy, 2003\u0433.","timestamp":1773831136}
{"product_id":377103,"nameStatic":"\u0411\u0430\u043c\u043f\u0435\u0440 \u043f\u0435\u0440\u0435\u0434\u043d\u0438\u0439 \u043a Renault Laguna, 2004\u0433.","timestamp":1773831139}
{"product_id":370439,"nameStatic":"\u0411\u043b\u043e\u043a \u0443\u043f\u0440\u0430\u0432\u043b\u0435\u043d\u0438\u044f \u0434\u0432\u0435\u0440\u0438 \u043f\u0435\u0440\u0435\u0434\u043d\u0435\u0439 \u043b\u0435\u0432\u043e\u0439 \u043a Audi A6, 2008\u0433.","timestamp":1773831197}
{"product_id":372813,"nameStatic":"\u0420\u0435\u0448\u0435\u0442\u043a\u0430 \u0440\u0430\u0434\u0438\u0430\u0442\u043e\u0440\u0430 \u043a Audi A3, 2009\u0433.","timestamp":1773831250}
{"product_id":313306,"nameStatic":"\u041f\u0435\u0440\u0435\u043a\u043b\u044e\u0447\u0430\u0442\u0435\u043b\u044c \u0441\u0432\u0435\u0442\u0430 \u043a Opel Insignia, 2011\u0433.","timestamp":1773831254}
{"product_id":372149,"nameStatic":"\u041a\u043e\u043c\u043f\u043b\u0435\u043a\u0442 \u0441\u0446\u0435\u043f\u043b\u0435\u043d\u0438\u044f \u043a Volkswagen Passat, 2002\u0433.","timestamp":1773831313}
{"product_id":368381,"nameStatic":"\u0411\u043b\u043e\u043a \u0443\u043f\u0440\u0430\u0432\u043b\u0435\u043d\u0438\u044f \u0441\u0442\u0435\u043a\u043b\u043e\u043f\u043e\u0434\u044a\u0435\u043c\u043d\u0438\u043a\u0430\u043c\u0438 \u043a Mazda 6, 2003\u0433.","timestamp":1773831318}
{"product_id":244367,"nameStatic":"\u0421\u0443\u043f\u043f\u043e\u0440\u0442 \u043f\u0435\u0440\u0435\u0434\u043d\u0438\u0439 \u043f\u0440\u0430\u0432\u044b\u0439 \u043a Mitsubishi Mirage, 1997\u0433.","timestamp":1773831369}
{"product_id":225422,"nameStatic":"\u0411\u043b\u043e\u043a \u043f\u0440\u0435\u0434\u043e\u0445\u0440\u0430\u043d\u0438\u0442\u0435\u043b\u0435\u0439 \u043a Kia Picanto, 2007\u0433.","timestamp":1773831369}
{"product_id":276583,"nameStatic":"\u0411\u0430\u043c\u043f\u0435\u0440 \u0437\u0430\u0434\u043d\u0438\u0439 \u043a Nissan Qashqai, 2007\u0433.","timestamp":1773831370}
{"product_id":154724,"nameStatic":"\u041a\u0430\u0442\u0443\u0448\u043a\u0430 \u0437\u0430\u0436\u0438\u0433\u0430\u043d\u0438\u044f \u043a Mitsubishi Colt, 2006\u0433.","timestamp":1773831370}
{"product_id":277188,"nameStatic":"\u041d\u0430\u043a\u043b\u0430\u0434\u043a\u0430 \u043f\u043e\u0434 \u0444\u043e\u043d\u0430\u0440\u044c \u043f\u0440\u0430\u0432\u044b\u0439 \u043a Audi A3, 2000\u0433.","timestamp":1773831378}
{"product_id":377471,"nameStatic":"\u0417\u0430\u0449\u0438\u0442\u0430 (\u043a\u043e\u0436\u0443\u0445) \u0440\u0435\u043c\u043d\u044f \u0413\u0420\u041c \u043a Hyundai Trajet, 2004\u0433.","timestamp":1773831381}
{"product_id":362660,"nameStatic":"\u0421\u0442\u043e\u043f-\u0441\u0438\u0433\u043d\u0430\u043b \u043a Ford S-Max, 2007\u0433.","timestamp":1773831433}
{"product_id":318404,"nameStatic":"\u0421\u0442\u0435\u043a\u043b\u043e\u043f\u043e\u0434\u044a\u0435\u043c\u043d\u0438\u043a \u044d\u043b\u0435\u043a\u0442\u0440\u0438\u0447\u0435\u0441\u043a\u0438\u0439 \u043f\u0435\u0440\u0435\u0434\u043d\u0438\u0439 \u043b\u0435\u0432\u044b\u0439 \u043a Mazda 323, 2001\u0433.","timestamp":1773831441}
{"product_id":182338,"nameStatic":"\u041c\u043e\u0442\u043e\u0440\u0447\u0438\u043a \u0437\u0430\u0434\u043d\u0435\u0433\u043e \u0441\u0442\u0435\u043a\u043b\u043e\u043e\u0447\u0438\u0441\u0442\u0438\u0442\u0435\u043b\u044f (\u0434\u0432\u043e\u0440\u043d\u0438\u043a\u0430) \u043a Seat Toledo, 2005\u0433.","timestamp":1773831491}
{"product_id":162481,"nameStatic":"\u041a\u043b\u0430\u043f\u0430\u043d\u043d\u0430\u044f \u043a\u0440\u044b\u0448\u043a\u0430 \u043a Audi A8, 2004\u0433.","timestamp":1773831500}
{"product_id":170238,"nameStatic":"\u041f\u0430\u0442\u0440\u0443\u0431\u043e\u043a \u0438\u043d\u0442\u0435\u0440\u043a\u0443\u043b\u0435\u0440\u0430 \u043a Mini Cooper, 2011\u0433.","timestamp":1773831554}
{"product_id":196160,"nameStatic":"\u0421\u0442\u0435\u043a\u043b\u043e\u043f\u043e\u0434\u044a\u0435\u043c\u043d\u0438\u043a \u044d\u043b\u0435\u043a\u0442\u0440\u0438\u0447\u0435\u0441\u043a\u0438\u0439 \u043f\u0435\u0440\u0435\u0434\u043d\u0438\u0439 \u043f\u0440\u0430\u0432\u044b\u0439 \u043a Chrysler Neon, 2002\u0433.","timestamp":1773831562}
{"product_id":354318,"nameStatic":"\u0424\u043e\u0440\u0441\u0443\u043d\u043a\u0430 \u043a LDV Maxus, 2006\u0433.","timestamp":1773831618}
{"product_id":326381,"nameStatic":"\u0417\u0430\u0441\u043b\u043e\u043d\u043a\u0430 \u0434\u0440\u043e\u0441\u0441\u0435\u043b\u044c\u043d\u0430\u044f \u043a Suzuki SX4, 2014\u0433.","timestamp":1773831620}
{"product_id":206793,"nameStatic":"\u0421\u0442\u0435\u043a\u043b\u043e \u0434\u0432\u0435\u0440\u0438 \u0437\u0430\u0434\u043d\u0435\u0439 \u043b\u0435\u0432\u043e\u0439 \u043a Fiat Ulysse, 1999\u0433.","timestamp":1773831621}
{"product_id":323045,"nameStatic":"\u0420\u0443\u043b\u0435\u0432\u0430\u044f \u0440\u0435\u0439\u043a\u0430 \u043a Citroen C3, 2010\u0433.","timestamp":1773831623}
{"product_id":357973,"nameStatic":"\u0428\u043a\u0438\u0432 \u043a\u043e\u043b\u0435\u043d\u0432\u0430\u043b\u0430 \u043a Opel Meriva, 2005\u0433.","timestamp":1773831626}
{"product_id":357982,"nameStatic":"\u0424\u043e\u0440\u0441\u0443\u043d\u043a\u0430 \u043a Opel Meriva, 2005\u0433.","timestamp":1773831678}
{"product_id":249080,"nameStatic":"\u0411\u043b\u043e\u043a \u0443\u043f\u0440\u0430\u0432\u043b\u0435\u043d\u0438\u044f \u0434\u0432\u0438\u0433\u0430\u0442\u0435\u043b\u0435\u043c \u043a Fiat Albea, 2008\u0433.","timestamp":1773831679}
{"product_id":195950,"nameStatic":"\u041d\u0430\u0441\u043e\u0441 \u0442\u043e\u043f\u043b\u0438\u0432\u043d\u044b\u0439 \u043a Citroen C-Elysee, 2012\u0433.","timestamp":1773831680}
{"product_id":284990,"nameStatic":"\u041c\u043e\u043b\u0434\u0438\u043d\u0433 \u0434\u0432\u0435\u0440\u0438 \u043f\u0435\u0440\u0435\u0434\u043d\u0435\u0439 \u043f\u0440\u0430\u0432\u043e\u0439 \u043a Audi A8, 2004\u0433.","timestamp":1773831687}
{"product_id":271860,"nameStatic":"\u0417\u0430\u043c\u043e\u043a \u0431\u0430\u0433\u0430\u0436\u043d\u0438\u043a\u0430 \u043a SsangYong Tivoli, 2016\u0433.","timestamp":1773831737}
{"product_id":254086,"nameStatic":"\u0421\u0442\u0435\u043a\u043b\u043e \u0434\u0432\u0435\u0440\u0438 \u0437\u0430\u0434\u043d\u0435\u0439 \u043f\u0440\u0430\u0432\u043e\u0439 \u043a Chery Tiggo, 2006\u0433.","timestamp":1773831737}
{"product_id":171576,"nameStatic":"\u0421\u0442\u0430\u0431\u0438\u043b\u0438\u0437\u0430\u0442\u043e\u0440 \u043f\u043e\u0434\u0432\u0435\u0441\u043a\u0438 (\u043f\u043e\u043f\u0435\u0440\u0435\u0447\u043d\u043e\u0439 \u0443\u0441\u0442\u043e\u0439\u0447\u0438\u0432\u043e\u0441\u0442\u0438) \u0437\u0430\u0434\u043d\u0438\u0439 \u043a Renault Scenic RX4, 2001\u0433.","timestamp":1773831953}
{"product_id":192878,"nameStatic":"\u0414\u0432\u0435\u0440\u044c \u0437\u0430\u0434\u043d\u044f\u044f \u043f\u0440\u0430\u0432\u0430\u044f \u043a Renault Megane, 2009\u0433.","timestamp":1773832125}
{"product_id":371703,"nameStatic":"\u041a\u0440\u044b\u0448\u043a\u0430 \u0431\u0430\u0433\u0430\u0436\u043d\u0438\u043a\u0430 (\u0434\u0432\u0435\u0440\u044c 3-5) \u043a Toyota Avensis, 2004\u0433.","timestamp":1773832385}
{"product_id":382126,"nameStatic":"\u0414\u0438\u0441\u043a \u0448\u0442\u0430\u043c\u043f\u043e\u0432\u0430\u043d\u043d\u044b\u0439 \u043a Volkswagen Sharan, 2000\u0433.","timestamp":1773832536}
{"product_id":379116,"nameStatic":"\u0414\u0438\u0441\u043a \u0448\u0442\u0430\u043c\u043f\u043e\u0432\u0430\u043d\u043d\u044b\u0439 \u043a Opel Movano, 2006\u0433.","timestamp":1773832586}
{"product_id":377420,"nameStatic":"\u0414\u0438\u0441\u043a \u0448\u0442\u0430\u043c\u043f\u043e\u0432\u0430\u043d\u043d\u044b\u0439 \u043a Iveco Daily, 2008\u0433.","timestamp":1773832643}
{"product_id":113504,"nameStatic":"\u0414\u0438\u0441\u043a \u0448\u0442\u0430\u043c\u043f\u043e\u0432\u0430\u043d\u043d\u044b\u0439 \u043a Volkswagen Transporter, 1982\u0433.","timestamp":1773832728}
{"product_id":379326,"nameStatic":"\u0414\u0432\u0435\u0440\u044c \u0437\u0430\u0434\u043d\u044f\u044f \u0440\u0430\u0441\u043f\u0430\u0448\u043d\u0430\u044f \u043b\u0435\u0432\u0430\u044f \u043a Peugeot Boxer, 2003\u0433.","timestamp":1773832802}
{"product_id":372022,"nameStatic":"\u041a\u0440\u043e\u043d\u0448\u0442\u0435\u0439\u043d \u0440\u0435\u0441\u0441\u043e\u0440\u044b \u043a Ford Transit, 2019\u0433.","timestamp":1773832841}
{"product_id":345841,"nameStatic":"\u0414\u0432\u0435\u0440\u044c \u0437\u0430\u0434\u043d\u044f\u044f \u0440\u0430\u0441\u043f\u0430\u0448\u043d\u0430\u044f \u043b\u0435\u0432\u0430\u044f \u043a Peugeot Boxer, 2001\u0433.","timestamp":1773832853}
{"product_id":348744,"nameStatic":"\u041f\u043e\u043b\u0443\u043e\u0441\u044c \u043f\u0435\u0440\u0435\u0434\u043d\u044f\u044f \u043b\u0435\u0432\u0430\u044f (\u043f\u0440\u0438\u0432\u043e\u0434\u043d\u043e\u0439 \u0432\u0430\u043b, \u0428\u0420\u0423\u0421) \u043a Geely Emgrand EC7, 2012\u0433.","timestamp":1773833289}
{"product_id":329894,"nameStatic":"\u0412\u0435\u043d\u0442\u0438\u043b\u044f\u0442\u043e\u0440 \u0440\u0430\u0434\u0438\u0430\u0442\u043e\u0440\u0430 \u043a Chrysler 300C, 2006\u0433.","timestamp":1773833344}
{"product_id":381485,"nameStatic":"\u0413\u0435\u043d\u0435\u0440\u0430\u0442\u043e\u0440 \u043a Renault Espace, 2003\u0433.","timestamp":1773833583}
{"product_id":205140,"nameStatic":"\u0421\u0442\u0435\u043a\u043b\u043e \u0434\u0432\u0435\u0440\u0438 \u043f\u0435\u0440\u0435\u0434\u043d\u0435\u0439 \u043f\u0440\u0430\u0432\u043e\u0439 \u043a Peugeot 206, 2004\u0433.","timestamp":1773833722}
{"product_id":374906,"nameStatic":"\u0424\u043e\u043d\u0430\u0440\u044c \u0441\u0430\u043b\u043e\u043d\u0430 (\u043f\u043b\u0430\u0444\u043e\u043d) \u043a BMW XM G09, 2024\u0433.","timestamp":1773833723}
{"product_id":221611,"nameStatic":"\u0411\u043b\u043e\u043a \u0443\u043f\u0440\u0430\u0432\u043b\u0435\u043d\u0438\u044f \u0434\u0432\u0438\u0433\u0430\u0442\u0435\u043b\u0435\u043c \u043a Hyundai Accent, 1996\u0433.","timestamp":1773833774}
{"product_id":372051,"nameStatic":"\u041a\u043d\u043e\u043f\u043a\u0430 \u0440\u0443\u0447\u043d\u043e\u0433\u043e \u0442\u043e\u0440\u043c\u043e\u0437\u0430 (\u0440\u0443\u0447\u043d\u0438\u043a\u0430) \u043a Geely Atlas, 2020\u0433.","timestamp":1773833832}
{"product_id":274715,"nameStatic":"\u041f\u043e\u043b\u0443\u043e\u0441\u044c \u043f\u0435\u0440\u0435\u0434\u043d\u044f\u044f \u043f\u0440\u0430\u0432\u0430\u044f (\u043f\u0440\u0438\u0432\u043e\u0434\u043d\u043e\u0439 \u0432\u0430\u043b, \u0428\u0420\u0423\u0421) \u043a Nissan X-Trail, 2008\u0433.","timestamp":1773833899}
{"product_id":251224,"nameStatic":"\u0411\u043b\u043e\u043a \u043f\u0440\u0435\u0434\u043e\u0445\u0440\u0430\u043d\u0438\u0442\u0435\u043b\u0435\u0439 \u043a Fiat Palio, 1998\u0433.","timestamp":1773833909}
{"product_id":341984,"nameStatic":"\u0424\u0430\u0440\u0430 \u043f\u0440\u0430\u0432\u0430\u044f \u043a Ford C-Max, 2008\u0433.","timestamp":1773833956}
{"product_id":337461,"nameStatic":"\u0421\u0442\u0435\u043a\u043b\u043e \u0434\u0432\u0435\u0440\u0438 \u0441\u0434\u0432\u0438\u0436\u043d\u043e\u0439 \u043a Chrysler Grand Voyager, 2003\u0433.","timestamp":1773833964}
{"product_id":116342,"nameStatic":"\u041f\u0430\u0442\u0440\u0443\u0431\u043e\u043a \u0438\u043d\u0442\u0435\u0440\u043a\u0443\u043b\u0435\u0440\u0430 \u043a Seat Ibiza, 2008\u0433.","timestamp":1773833967}
{"product_id":182419,"nameStatic":"\u0428\u0430\u0442\u0443\u043d \u043a Mercedes Sprinter, 2010\u0433.","timestamp":1773833992}
{"product_id":376299,"nameStatic":"\u0417\u0435\u0440\u043a\u0430\u043b\u043e \u043d\u0430\u0440\u0443\u0436\u043d\u043e\u0435 \u043f\u0440\u0430\u0432\u043e\u0435 \u043a Peugeot Expert, 1995\u0433.","timestamp":1773834078}
{"product_id":187754,"nameStatic":"\u0421\u0442\u0443\u043f\u0438\u0446\u0430 \u0437\u0430\u0434\u043d\u044f\u044f \u043a Opel Zafira, 2012\u0433.","timestamp":1773834139}
{"product_id":334049,"nameStatic":"\u0428\u043a\u0438\u0432 \u043a\u043e\u043b\u0435\u043d\u0432\u0430\u043b\u0430 \u043a Renault Kangoo, 1999\u0433.","timestamp":1773834151}
{"product_id":288607,"nameStatic":"\u0421\u0442\u0443\u043f\u0438\u0446\u0430 \u0437\u0430\u0434\u043d\u044f\u044f \u043a Opel Zafira, 2011\u0433.","timestamp":1773834159}
{"product_id":161629,"nameStatic":"\u041f\u0430\u0442\u0440\u0443\u0431\u043e\u043a \u0440\u0430\u0434\u0438\u0430\u0442\u043e\u0440\u0430 \u043a DAF LF, 2005\u0433.","timestamp":1773834203}
{"product_id":352456,"nameStatic":"\u0414\u0430\u0442\u0447\u0438\u043a \u043f\u043e\u043b\u043e\u0436\u0435\u043d\u0438\u044f \u043f\u0435\u0434\u0430\u043b\u0438 \u0433\u0430\u0437\u0430 \u043a Jeep Grand Cherokee, 2004\u0433.","timestamp":1773834226}
{"product_id":375169,"nameStatic":"\u041b\u044e\u0447\u043e\u043a \u0442\u043e\u043f\u043b\u0438\u0432\u043d\u043e\u0433\u043e \u0431\u0430\u043a\u0430 \u043a BMW XM G09, 2024\u0433.","timestamp":1773834264}
{"product_id":339169,"nameStatic":"\u0413\u0435\u043d\u0435\u0440\u0430\u0442\u043e\u0440 \u043a Opel Vectra, 2004\u0433.","timestamp":1773834329}
{"product_id":364743,"nameStatic":"\u0411\u043b\u043e\u043a \u0443\u043f\u0440\u0430\u0432\u043b\u0435\u043d\u0438\u044f \u0434\u0432\u0438\u0433\u0430\u0442\u0435\u043b\u0435\u043c \u043a Peugeot Expert, 2008\u0433.","timestamp":1773834333}
{"product_id":155818,"nameStatic":"\u041f\u0430\u0442\u0440\u0443\u0431\u043e\u043a \u0432\u043e\u0437\u0434\u0443\u0448\u043d\u043e\u0433\u043e \u0444\u0438\u043b\u044c\u0442\u0440\u0430 \u043a Opel Frontera, 1999\u0433.","timestamp":1773834389}
{"product_id":148061,"nameStatic":"\u0414\u0432\u0435\u0440\u044c \u0437\u0430\u0434\u043d\u044f\u044f \u043f\u0440\u0430\u0432\u0430\u044f \u043a Toyota Verso, 2010\u0433.","timestamp":1773834457}
{"product_id":214307,"nameStatic":"\u0422\u0440\u0443\u0431\u043a\u0430 \u043a\u043e\u043d\u0434\u0438\u0446\u0438\u043e\u043d\u0435\u0440\u0430 \u043a Chery Tiggo, 2006\u0433.","timestamp":1773834458}
{"product_id":196866,"nameStatic":"\u0411\u0430\u043b\u043a\u0430 \u043f\u043e\u0434\u0432\u0435\u0441\u043a\u0438 \u0437\u0430\u0434\u043d\u044f\u044f \u043a Ford Scorpio, 1995\u0433.","timestamp":1773834462}
{"product_id":369938,"nameStatic":"\u041f\u043e\u0440\u0448\u0435\u043d\u044c \u043a Citroen Jumper, 2010\u0433.","timestamp":1773834462}
{"product_id":302894,"nameStatic":"\u041a\u0440\u043e\u043d\u0448\u0442\u0435\u0439\u043d \u0434\u0432\u0438\u0433\u0430\u0442\u0435\u043b\u044f \u043a Suzuki Grand Vitara, 1999\u0433.","timestamp":1773834463}
{"product_id":96103,"nameStatic":"\u0420\u0443\u043b\u0435\u0432\u043e\u0439 \u043a\u0430\u0440\u0434\u0430\u043d\u0447\u0438\u043a \u043a Volkswagen Vento, 1995\u0433.","timestamp":1773834465}
{"product_id":362194,"nameStatic":"\u0414\u0432\u0438\u0433\u0430\u0442\u0435\u043b\u044c \u043a Renault Megane, 2006\u0433.","timestamp":1773834466}
{"product_id":331697,"nameStatic":"\u0427\u0435\u0442\u0432\u0435\u0440\u0442\u044c \u043f\u0435\u0440\u0435\u0434\u043d\u044f\u044f \u043b\u0435\u0432\u0430\u044f \u043a Geely Emgrand 7, 2020\u0433.","timestamp":1773834466}
{"product_id":267609,"nameStatic":"\u0414\u0438\u0441\u043a \u0442\u043e\u0440\u043c\u043e\u0437\u043d\u043e\u0439 \u0437\u0430\u0434\u043d\u0438\u0439 \u043a Audi A6, 2008\u0433.","timestamp":1773834517}
{"product_id":336027,"nameStatic":"\u0422\u0435\u043f\u043b\u043e\u0432\u043e\u0439 \u044d\u043a\u0440\u0430\u043d \u0433\u043b\u0443\u0448\u0438\u0442\u0435\u043b\u044f \u043a BMW 5 G30\/G31, 2017\u0433.","timestamp":1773834518}
{"product_id":226630,"nameStatic":"\u0417\u0430\u0434\u043d\u044f\u044f \u0447\u0430\u0441\u0442\u044c \u043a\u0443\u0437\u043e\u0432\u0430 (\u0442\u0430\u0437\u0438\u043a) \u043a Geely SC7, 2013\u0433.","timestamp":1773834518}
{"product_id":243854,"nameStatic":"\u041c\u0430\u0433\u043d\u0438\u0442\u043e\u043b\u0430 \u043a Suzuki Wagon R, 2000\u0433.","timestamp":1773834521}
{"product_id":375083,"nameStatic":"\u041c\u0435\u0445\u0430\u043d\u0438\u0437\u043c \u0441\u0442\u0435\u043a\u043b\u043e\u043e\u0447\u0438\u0441\u0442\u0438\u0442\u0435\u043b\u044f (\u0442\u0440\u0430\u043f\u0435\u0446\u0438\u044f \u0434\u0432\u043e\u0440\u043d\u0438\u043a\u043e\u0432) \u043a Seat Alhambra, 2003\u0433.","timestamp":1773834576}
{"product_id":373380,"nameStatic":"\u0421\u043e\u043f\u0440\u043e\u0442\u0438\u0432\u043b\u0435\u043d\u0438\u0435 \u043f\u0435\u0447\u043a\u0438 \u043a Opel Astra, 2007\u0433.","timestamp":1773834650}
{"product_id":216292,"nameStatic":"\u0414\u0430\u0442\u0447\u0438\u043a \u043f\u043e\u043b\u043e\u0436\u0435\u043d\u0438\u044f \u043f\u0435\u0434\u0430\u043b\u0438 \u0441\u0446\u0435\u043f\u043b\u0435\u043d\u0438\u044f \u043a Great-Wall Hover H3, 2011\u0433.","timestamp":1773834702}
{"product_id":313825,"nameStatic":"\u0424\u043e\u043d\u0430\u0440\u044c \u0437\u0430\u0434\u043d\u0438\u0439 \u043b\u0435\u0432\u044b\u0439 \u043a Volvo S80, 2008\u0433.","timestamp":1773834705}
{"product_id":212901,"nameStatic":"\u041a\u043d\u043e\u043f\u043a\u0430 \u0441\u0442\u0435\u043a\u043b\u043e\u043f\u043e\u0434\u044a\u0435\u043c\u043d\u0438\u043a\u0430 \u0437\u0430\u0434\u043d\u0435\u0433\u043e \u043f\u0440\u0430\u0432\u043e\u0433\u043e \u043a Nissan Primera, 2004\u0433.","timestamp":1773834706}
{"product_id":371904,"nameStatic":"\u041a\u043d\u043e\u043f\u043a\u0430 \u0441\u0442\u0435\u043a\u043b\u043e\u043f\u043e\u0434\u044a\u0435\u043c\u043d\u0438\u043a\u0430 \u043f\u0435\u0440\u0435\u0434\u043d\u0435\u0433\u043e \u043f\u0440\u0430\u0432\u043e\u0433\u043e \u043a Mercedes Vito W639, 2004\u0433.","timestamp":1773834707}
{"product_id":305155,"nameStatic":"\u0424\u043e\u0440\u0441\u0443\u043d\u043a\u0430 \u043a Volkswagen Touran, 2004\u0433.","timestamp":1773834727}
{"product_id":314777,"nameStatic":"\u0421\u0442\u043e\u043f-\u0441\u0438\u0433\u043d\u0430\u043b \u043a Hyundai i10, 2013\u0433.","timestamp":1773834759}
{"product_id":168791,"nameStatic":"\u0421\u0442\u0430\u0440\u0442\u0435\u0440 \u043a Renault Twingo, 2015\u0433.","timestamp":1773834763}
{"product_id":183865,"nameStatic":"\u041f\u043e\u0442\u043e\u043b\u043e\u043a \u043a Geely SC7, 2014\u0433.","timestamp":1773834764}
{"product_id":318761,"nameStatic":"\u0421\u043f\u043e\u0439\u043b\u0435\u0440 \u043a Citroen C4, 2016\u0433.","timestamp":1773834765}
{"product_id":277674,"nameStatic":"\u0420\u0443\u0447\u043a\u0430 \u043e\u0442\u043a\u0440\u044b\u0432\u0430\u043d\u0438\u044f \u0431\u0430\u0433\u0430\u0436\u043d\u0438\u043a\u0430 \u043a Kia Picanto, 2006\u0433.","timestamp":1773834829}
{"product_id":143637,"nameStatic":"\u0423\u0441\u0438\u043b\u0438\u0442\u0435\u043b\u044c \u0431\u0430\u043c\u043f\u0435\u0440\u0430 \u043f\u0435\u0440\u0435\u0434\u043d\u0435\u0433\u043e \u043a Chevrolet Matiz, 2005\u0433.","timestamp":1773834882}
{"product_id":200910,"nameStatic":"\u041a\u0430\u0442\u0443\u0448\u043a\u0430 \u0437\u0430\u0436\u0438\u0433\u0430\u043d\u0438\u044f \u043a Fiat Punto, 2005\u0433.","timestamp":1773834883}
{"product_id":243110,"nameStatic":"\u0426\u0438\u043b\u0438\u043d\u0434\u0440 \u0442\u043e\u0440\u043c\u043e\u0437\u043d\u043e\u0439 \u0433\u043b\u0430\u0432\u043d\u044b\u0439 \u043a Hyundai Sonata, 1998\u0433.","timestamp":1773834886}
{"product_id":214376,"nameStatic":"\u041f\u043e\u0434\u0443\u0448\u043a\u0430 \u043a\u0440\u0435\u043f\u043b\u0435\u043d\u0438\u044f \u0434\u0432\u0438\u0433\u0430\u0442\u0435\u043b\u044f \u043a Chery Tiggo, 2006\u0433.","timestamp":1773834888}
{"product_id":232734,"nameStatic":"\u041a\u0440\u044b\u043b\u043e \u0437\u0430\u0434\u043d\u0435\u0435 \u043f\u0440\u0430\u0432\u043e\u0435 \u043a Saturn Vue, 2002\u0433.","timestamp":1773834888}
{"product_id":238993,"nameStatic":"\u0411\u043b\u0435\u043d\u0434\u0430 \u043a Great-Wall Hover, 2007\u0433.","timestamp":1773834951}
{"product_id":282681,"nameStatic":"\u041a\u043e\u043c\u043f\u043b\u0435\u043a\u0442 \u0441\u0446\u0435\u043f\u043b\u0435\u043d\u0438\u044f \u043a Peugeot 605, 1994\u0433.","timestamp":1773834951}
{"product_id":376463,"nameStatic":"\u041c\u0435\u0445\u0430\u043d\u0438\u0437\u043c \u0441\u0442\u0435\u043a\u043b\u043e\u043e\u0447\u0438\u0441\u0442\u0438\u0442\u0435\u043b\u044f (\u0442\u0440\u0430\u043f\u0435\u0446\u0438\u044f \u0434\u0432\u043e\u0440\u043d\u0438\u043a\u043e\u0432) \u043a Alfa Romeo 159, 2008\u0433.","timestamp":1773834956}
{"product_id":93728,"nameStatic":"\u0411\u0430\u043b\u043a\u0430 \u043f\u043e\u0434\u0432\u0435\u0441\u043a\u0438 \u043f\u0435\u0440\u0435\u0434\u043d\u044f\u044f (\u043f\u043e\u0434\u0440\u0430\u043c\u043d\u0438\u043a) \u043a Mazda 3, 2005\u0433.","timestamp":1773834956}
{"product_id":233843,"nameStatic":"\u041a\u043e\u0440\u043f\u0443\u0441 \u0442\u043e\u043f\u043b\u0438\u0432\u043d\u043e\u0433\u043e \u0444\u0438\u043b\u044c\u0442\u0440\u0430 \u043a Citroen Berlingo, 2007\u0433.","timestamp":1773835010}
{"product_id":100284,"nameStatic":"\u041f\u0435\u0440\u0435\u043a\u043b\u044e\u0447\u0430\u0442\u0435\u043b\u044c \u043f\u043e\u0434\u0440\u0443\u043b\u0435\u0432\u043e\u0439 (\u0441\u0442\u0440\u0435\u043a\u043e\u0437\u0430) \u043a Skoda Fabia, 2004\u0433.","timestamp":1773835010}
{"product_id":121515,"nameStatic":"\u0422\u0440\u0443\u0431\u043a\u0430 \u043a\u043e\u043d\u0434\u0438\u0446\u0438\u043e\u043d\u0435\u0440\u0430 \u043a Mazda 2, 2007\u0433.","timestamp":1773835011}
{"product_id":227741,"nameStatic":"\u0410\u043c\u043e\u0440\u0442\u0438\u0437\u0430\u0442\u043e\u0440 \u043a\u0440\u044b\u0448\u043a\u0438 \u0431\u0430\u0433\u0430\u0436\u043d\u0438\u043a\u0430 (3-5 \u0434\u0432\u0435\u0440\u0438) \u043a Geely Emgrand X7, 2017\u0433.","timestamp":1773835012}
{"product_id":180582,"nameStatic":"\u0420\u0443\u0447\u043a\u0430 \u043d\u0430\u0440\u0443\u0436\u043d\u0430\u044f \u043f\u0435\u0440\u0435\u0434\u043d\u044f\u044f \u043f\u0440\u0430\u0432\u0430\u044f \u043a Mercedes Vito W639, 2003\u0433.","timestamp":1773835071}
{"product_id":110396,"nameStatic":"\u0420\u0443\u0447\u043a\u0430 \u043d\u0430\u0440\u0443\u0436\u043d\u0430\u044f \u043f\u0435\u0440\u0435\u0434\u043d\u044f\u044f \u043f\u0440\u0430\u0432\u0430\u044f \u043a Honda Accord, 1996\u0433.","timestamp":1773835072}
{"product_id":105682,"nameStatic":"\u0429\u0435\u0442\u043a\u043e\u0434\u0435\u0440\u0436\u0430\u0442\u0435\u043b\u044c \u0437\u0430\u0434\u043d\u0438\u0439 \u043a Volkswagen Golf, 1999\u0433.","timestamp":1773835073}
{"product_id":278339,"nameStatic":"\u0410\u043c\u043e\u0440\u0442\u0438\u0437\u0430\u0442\u043e\u0440 \u043a\u0430\u0431\u0438\u043d\u044b \u043a Iveco Stralis, 2005\u0433.","timestamp":1773835074}
{"product_id":296619,"nameStatic":"\u041f\u043e\u043b\u0443\u043e\u0441\u044c \u043f\u0435\u0440\u0435\u0434\u043d\u044f\u044f \u043f\u0440\u0430\u0432\u0430\u044f (\u043f\u0440\u0438\u0432\u043e\u0434\u043d\u043e\u0439 \u0432\u0430\u043b, \u0428\u0420\u0423\u0421) \u043a Volvo S60, 2005\u0433.","timestamp":1773835127}
{"product_id":338183,"nameStatic":"\u0420\u0430\u0434\u0438\u0430\u0442\u043e\u0440 (\u043e\u0441\u043d\u043e\u0432\u043d\u043e\u0439) \u043a Great-Wall Hover, 2008\u0433.","timestamp":1773835127}
{"product_id":352456,"nameStatic":"\u0414\u0430\u0442\u0447\u0438\u043a \u043f\u043e\u043b\u043e\u0436\u0435\u043d\u0438\u044f \u043f\u0435\u0434\u0430\u043b\u0438 \u0433\u0430\u0437\u0430 \u043a Jeep Grand Cherokee, 2004\u0433.","timestamp":1773835528}
{"product_id":352456,"nameStatic":"\u0414\u0430\u0442\u0447\u0438\u043a \u043f\u043e\u043b\u043e\u0436\u0435\u043d\u0438\u044f \u043f\u0435\u0434\u0430\u043b\u0438 \u0433\u0430\u0437\u0430 \u043a Jeep Grand Cherokee, 2004\u0433.","timestamp":1773835575}
{"product_id":383047,"nameStatic":"\u041a\u0440\u044b\u043b\u043e \u043f\u0435\u0440\u0435\u0434\u043d\u0435\u0435 \u043b\u0435\u0432\u043e\u0435 \u043a Opel Corsa, 2008\u0433.","timestamp":1773835716}
{"product_id":275110,"nameStatic":"\u0417\u0435\u0440\u043a\u0430\u043b\u043e \u043d\u0430\u0440\u0443\u0436\u043d\u043e\u0435 \u043f\u0440\u0430\u0432\u043e\u0435 \u043a Kia Cerato, 2006\u0433.","timestamp":1773836334}
{"product_id":382786,"nameStatic":"\u0421\u0443\u043f\u043f\u043e\u0440\u0442 \u0437\u0430\u0434\u043d\u0438\u0439 \u043f\u0440\u0430\u0432\u044b\u0439 \u043a Volkswagen Sharan, 2003\u0433.","timestamp":1773836526}
{"product_id":372156,"nameStatic":"\u0420\u0443\u0447\u043a\u0430 \u043d\u0430\u0440\u0443\u0436\u043d\u0430\u044f \u0440\u0430\u0441\u043f\u0430\u0448\u043d\u043e\u0439 \u0434\u0432\u0435\u0440\u0438 \u043f\u0440\u0430\u0432\u043e\u0439 \u043a Peugeot Boxer, 2002\u0433.","timestamp":1773836782}
{"product_id":375553,"nameStatic":"\u041a\u0440\u0430\u043d \u043e\u0442\u043e\u043f\u0438\u0442\u0435\u043b\u044f (\u043f\u0435\u0447\u043a\u0438) \u043a BMW 5 E60\/E61, 2005\u0433.","timestamp":1773837275}
{"product_id":276913,"nameStatic":"\u041a\u043d\u043e\u043f\u043a\u0430 \u043e\u0442\u043a\u0440\u044b\u0442\u0438\u044f \u0431\u0430\u0433\u0430\u0436\u043d\u0438\u043a\u0430 \u043a Audi 80, 1989\u0433.","timestamp":1773837283}
{"product_id":371834,"nameStatic":"\u0414\u0430\u0442\u0447\u0438\u043a \u043f\u0430\u0440\u043a\u0442\u0440\u043e\u043d\u0438\u043a\u0430 \u043a Audi A6, 2005\u0433.","timestamp":1773837386}
{"product_id":341316,"nameStatic":"\u0429\u0438\u0442\u043e\u043a \u043f\u0440\u0438\u0431\u043e\u0440\u043e\u0432 (\u043f\u0440\u0438\u0431\u043e\u0440\u043d\u0430\u044f \u043f\u0430\u043d\u0435\u043b\u044c) \u043a Volkswagen Transporter, 2010\u0433.","timestamp":1773837389}
{"product_id":368028,"nameStatic":"\u041c\u0430\u0433\u043d\u0438\u0442\u043e\u043b\u0430 \u043a Geely SC7, 2013\u0433.","timestamp":1773837472}
{"product_id":346754,"nameStatic":"\u0427\u0430\u0441\u044b \u043a Chrysler Voyager, 2008\u0433.","timestamp":1773837685}
{"product_id":144196,"nameStatic":"\u041f\u0430\u0442\u0440\u0443\u0431\u043e\u043a \u0442\u0443\u0440\u0431\u0438\u043d\u044b \u043a Volkswagen Golf, 2009\u0433.","timestamp":1773837715}
{"product_id":366233,"nameStatic":"\u041c\u043e\u0441\u0442 \u0437\u0430\u0434\u043d\u0438\u0439 \u043a Mercedes Sprinter, 2020\u0433.","timestamp":1773837719}
{"product_id":210266,"nameStatic":"\u041f\u0435\u0440\u0435\u0434\u043d\u044f\u044f \u043f\u0430\u043d\u0435\u043b\u044c \u043a\u0440\u0435\u043f\u043b\u0435\u043d\u0438\u044f \u043e\u0431\u043b\u0438\u0446\u043e\u0432\u043a\u0438 (\u0442\u0435\u043b\u0435\u0432\u0438\u0437\u043e\u0440) \u043a Suzuki Ignis, 2005\u0433.","timestamp":1773837774}
{"product_id":354196,"nameStatic":"\u041c\u043e\u0442\u043e\u0440\u0447\u0438\u043a \u0437\u0430\u0441\u043b\u043e\u043d\u043a\u0438 \u043f\u0435\u0447\u043a\u0438 \u043a BMW 5 E60\/E61, 2007\u0433.","timestamp":1773837838}
{"product_id":359317,"nameStatic":"\u041a\u0440\u044b\u0448\u043a\u0430 \u0431\u0430\u0433\u0430\u0436\u043d\u0438\u043a\u0430 (\u0434\u0432\u0435\u0440\u044c 3-5) \u043a Ford Mondeo, 2014\u0433.","timestamp":1773837903}
{"product_id":271711,"nameStatic":"\u0426\u0438\u043b\u0438\u043d\u0434\u0440 \u0441\u0446\u0435\u043f\u043b\u0435\u043d\u0438\u044f \u0440\u0430\u0431\u043e\u0447\u0438\u0439 \u043a Citroen Jumper, 2002\u0433.","timestamp":1773837904}
{"product_id":120930,"nameStatic":"\u041f\u0435\u0440\u0435\u0434\u043d\u044f\u044f \u043f\u0430\u043d\u0435\u043b\u044c \u043a\u0440\u0435\u043f\u043b\u0435\u043d\u0438\u044f \u043e\u0431\u043b\u0438\u0446\u043e\u0432\u043a\u0438 (\u0442\u0435\u043b\u0435\u0432\u0438\u0437\u043e\u0440) \u043a Citroen C8, 2005\u0433.","timestamp":1773837905}
{"product_id":235334,"nameStatic":"\u0428\u0430\u0442\u0443\u043d \u043a Citroen Xantia, 1997\u0433.","timestamp":1773837907}
{"product_id":355058,"nameStatic":"\u041c\u043e\u043b\u0434\u0438\u043d\u0433 \u0434\u0432\u0435\u0440\u0438 \u0437\u0430\u0434\u043d\u0435\u0439 \u043b\u0435\u0432\u043e\u0439 \u043a Peugeot 5008, 2010\u0433.","timestamp":1773837911}
{"product_id":365353,"nameStatic":"\u0411\u043b\u043e\u043a \u0443\u043f\u0440\u0430\u0432\u043b\u0435\u043d\u0438\u044f \u0434\u0432\u0438\u0433\u0430\u0442\u0435\u043b\u0435\u043c \u043a Volkswagen Polo, 2006\u0433.","timestamp":1773837959}
{"product_id":269932,"nameStatic":"\u0411\u043b\u043e\u043a \u0443\u043f\u0440\u0430\u0432\u043b\u0435\u043d\u0438\u044f ABS \u043a Mercedes E W124, 1989\u0433.","timestamp":1773838025}
{"product_id":363516,"nameStatic":"\u0421\u0442\u0435\u043a\u043b\u043e \u0434\u0432\u0435\u0440\u0438 \u0441\u0434\u0432\u0438\u0436\u043d\u043e\u0439 \u043a Ford Grand C-Max, 2013\u0433.","timestamp":1773838091}
{"product_id":360001,"nameStatic":"\u0411\u043b\u043e\u043a \u0443\u043f\u0440\u0430\u0432\u043b\u0435\u043d\u0438\u044f \u0434\u0432\u0438\u0433\u0430\u0442\u0435\u043b\u0435\u043c \u043a Volvo V70, 1998\u0433.","timestamp":1773838091}
{"product_id":240005,"nameStatic":"\u0420\u0443\u0447\u043a\u0430 \u043d\u0430\u0440\u0443\u0436\u043d\u0430\u044f \u043f\u0435\u0440\u0435\u0434\u043d\u044f\u044f \u043f\u0440\u0430\u0432\u0430\u044f \u043a Audi A4, 2003\u0433.","timestamp":1773838092}
{"product_id":362872,"nameStatic":"\u0417\u0430\u043c\u043e\u043a \u0434\u0432\u0435\u0440\u0438 \u0437\u0430\u0434\u043d\u0435\u0439 \u043b\u0435\u0432\u043e\u0439 \u043a Iveco Daily, 2009\u0433.","timestamp":1773838092}
{"product_id":319386,"nameStatic":"\u041a\u043b\u0430\u043f\u0430\u043d \u044d\u043b\u0435\u043a\u0442\u0440\u043e\u043c\u0430\u0433\u043d\u0438\u0442\u043d\u044b\u0439 \u043a BMW 3 E36, 1999\u0433.","timestamp":1773838092}
{"product_id":164338,"nameStatic":"\u0417\u0435\u0440\u043a\u0430\u043b\u043e \u043d\u0430\u0440\u0443\u0436\u043d\u043e\u0435 \u043b\u0435\u0432\u043e\u0435 \u043a Lancia Ypsilon, 2006\u0433.","timestamp":1773838151}
{"product_id":212601,"nameStatic":"\u041c\u043e\u0442\u043e\u0440\u0447\u0438\u043a \u0437\u0430\u0441\u043b\u043e\u043d\u043a\u0438 \u043f\u0435\u0447\u043a\u0438 \u043a BMW 7 E65\/E66, 2007\u0433.","timestamp":1773838157}
{"product_id":373705,"nameStatic":"\u041f\u0440\u0443\u0436\u0438\u043d\u0430 \u043f\u0435\u0440\u0435\u0434\u043d\u044f\u044f \u043a Volkswagen Sharan, 2005\u0433.","timestamp":1773838193}
{"product_id":254926,"nameStatic":"\u0417\u0430\u043c\u043e\u043a \u0431\u0430\u0433\u0430\u0436\u043d\u0438\u043a\u0430 \u043a Chevrolet Lacetti, 2005\u0433.","timestamp":1773838211}
{"product_id":209439,"nameStatic":"\u0420\u0443\u043b\u044c \u043a Hyundai XG, 2001\u0433.","timestamp":1773838213}
{"product_id":382751,"nameStatic":"\u0428\u043a\u0438\u0432 \u043a\u043e\u043b\u0435\u043d\u0432\u0430\u043b\u0430 \u043a BMW 5 E60\/E61, 2006\u0433.","timestamp":1773838256}
{"product_id":160520,"nameStatic":"\u0417\u0430\u0449\u0438\u0442\u0430 (\u043a\u043e\u0436\u0443\u0445) \u0440\u0435\u043c\u043d\u044f \u0413\u0420\u041c \u043a Nissan Pixo, 2009\u0433.","timestamp":1773838272}
{"product_id":343979,"nameStatic":"\u041f\u0435\u0442\u043b\u044f \u0434\u0432\u0435\u0440\u0438 \u0437\u0430\u0434\u043d\u0435\u0439 \u043f\u0440\u0430\u0432\u043e\u0439 \u043a Audi A6, 2001\u0433.","timestamp":1773838275}
{"product_id":218057,"nameStatic":"\u041c\u0435\u0445\u0430\u043d\u0438\u0437\u043c \u0441\u0442\u0435\u043a\u043b\u043e\u043e\u0447\u0438\u0441\u0442\u0438\u0442\u0435\u043b\u044f (\u0442\u0440\u0430\u043f\u0435\u0446\u0438\u044f \u0434\u0432\u043e\u0440\u043d\u0438\u043a\u043e\u0432) \u043a Dodge Caravan, 1998\u0433.","timestamp":1773838275}
{"product_id":168604,"nameStatic":"\u0422\u0440\u0443\u0431\u043a\u0430 \u0442\u043e\u043f\u043b\u0438\u0432\u043d\u0430\u044f \u043a Citroen Berlingo, 2007\u0433.","timestamp":1773838279}
{"product_id":239512,"nameStatic":"\u0417\u0430\u043c\u043e\u043a \u0434\u0432\u0435\u0440\u0438 \u0437\u0430\u0434\u043d\u0435\u0439 \u043b\u0435\u0432\u043e\u0439 \u043a Rover 400, 1998\u0433.","timestamp":1773838279}
{"product_id":291843,"nameStatic":"\u041f\u0435\u0440\u0435\u043a\u043b\u044e\u0447\u0430\u0442\u0435\u043b\u044c \u0434\u0432\u043e\u0440\u043d\u0438\u043a\u043e\u0432 \u043a Daewoo Matiz, 2000\u0433.","timestamp":1773838333}
{"product_id":232819,"nameStatic":"\u0414\u043e\u0436\u0434\u0435\u0432\u0438\u043a \u043a Saturn Vue, 2002\u0433.","timestamp":1773838335}
{"product_id":163639,"nameStatic":"\u041f\u0430\u0442\u0440\u0443\u0431\u043e\u043a \u0432\u043e\u0437\u0434\u0443\u0448\u043d\u043e\u0433\u043e \u0444\u0438\u043b\u044c\u0442\u0440\u0430 \u043a Citroen Jumpy, 2000\u0433.","timestamp":1773838337}
{"product_id":240057,"nameStatic":"\u041a\u0440\u044b\u0448\u043a\u0430 \u0431\u0430\u0433\u0430\u0436\u043d\u0438\u043a\u0430 (\u0434\u0432\u0435\u0440\u044c 3-5) \u043a BMW 3 E90\/E91\/E92\/E93, 2009\u0433.","timestamp":1773838353}
{"product_id":143757,"nameStatic":"\u041f\u0430\u0442\u0440\u0443\u0431\u043e\u043a \u0438\u043d\u0442\u0435\u0440\u043a\u0443\u043b\u0435\u0440\u0430 \u043a Renault Laguna, 2002\u0433.","timestamp":1773838395}
{"product_id":335421,"nameStatic":"\u0429\u0438\u0442\u043e\u043a \u043f\u0440\u0438\u0431\u043e\u0440\u043e\u0432 (\u043f\u0440\u0438\u0431\u043e\u0440\u043d\u0430\u044f \u043f\u0430\u043d\u0435\u043b\u044c) \u043a Lifan X60, 2015\u0433.","timestamp":1773838397}
{"product_id":233215,"nameStatic":"\u0417\u0430\u043c\u043e\u043a \u0431\u0430\u0433\u0430\u0436\u043d\u0438\u043a\u0430 \u043a Audi A4, 1998\u0433.","timestamp":1773838454}
{"product_id":292752,"nameStatic":"\u041c\u043e\u0442\u043e\u0440\u0447\u0438\u043a \u043f\u0435\u0447\u043a\u0438 \u043a Fiat Punto, 2004\u0433.","timestamp":1773838456}
{"product_id":367232,"nameStatic":"\u0414\u043e\u0436\u0434\u0435\u0432\u0438\u043a \u043a Dacia Logan, 2014\u0433.","timestamp":1773838460}
{"product_id":238418,"nameStatic":"\u0421\u0442\u0435\u043a\u043b\u043e \u0434\u0432\u0435\u0440\u0438 \u043f\u0435\u0440\u0435\u0434\u043d\u0435\u0439 \u043f\u0440\u0430\u0432\u043e\u0439 \u043a Nissan Altima, 2002\u0433.","timestamp":1773838461}
{"product_id":242481,"nameStatic":"\u0411\u043b\u043e\u043a \u0443\u043f\u0440\u0430\u0432\u043b\u0435\u043d\u0438\u044f \u043f\u0435\u0447\u043a\u0438\/\u043a\u043b\u0438\u043c\u0430\u0442-\u043a\u043e\u043d\u0442\u0440\u043e\u043b\u044f \u043a Mitsubishi Space Star, 2001\u0433.","timestamp":1773838513}
{"product_id":204358,"nameStatic":"\u0417\u0430\u043c\u043e\u043a \u0434\u0432\u0435\u0440\u0438 \u0437\u0430\u0434\u043d\u0435\u0439 \u043b\u0435\u0432\u043e\u0439 \u043a Peugeot Bipper, 2009\u0433.","timestamp":1773838515}
{"product_id":286629,"nameStatic":"\u0417\u0435\u0440\u043a\u0430\u043b\u043e \u043d\u0430\u0440\u0443\u0436\u043d\u043e\u0435 \u043f\u0440\u0430\u0432\u043e\u0435 \u043a Nissan Primera, 2004\u0433.","timestamp":1773838522}
{"product_id":114180,"nameStatic":"\u041b\u044e\u0447\u043e\u043a \u0442\u043e\u043f\u043b\u0438\u0432\u043d\u043e\u0433\u043e \u0431\u0430\u043a\u0430 \u043a Volkswagen Golf, 2006\u0433.","timestamp":1773838581}
{"product_id":206229,"nameStatic":"\u0412\u0430\u043a\u0443\u0443\u043c\u043d\u044b\u0439 \u0443\u0441\u0438\u043b\u0438\u0442\u0435\u043b\u044c \u0442\u043e\u0440\u043c\u043e\u0437\u043e\u0432 \u043a Toyota Camry, 2007\u0433.","timestamp":1773838584}
{"product_id":260104,"nameStatic":"\u0414\u0438\u0441\u043a \u0442\u043e\u0440\u043c\u043e\u0437\u043d\u043e\u0439 \u0437\u0430\u0434\u043d\u0438\u0439 \u043a BMW 3 F30\/F31\/GT F34, 2017\u0433.","timestamp":1773838587}
{"product_id":209411,"nameStatic":"\u0420\u0443\u0447\u043a\u0430 \u043d\u0430\u0440\u0443\u0436\u043d\u0430\u044f \u0437\u0430\u0434\u043d\u044f\u044f \u043f\u0440\u0430\u0432\u0430\u044f \u043a Hyundai XG, 2001\u0433.","timestamp":1773838588}
{"product_id":294143,"nameStatic":"\u0424\u043e\u043d\u0430\u0440\u044c \u043a\u0440\u044b\u0448\u043a\u0438 \u0431\u0430\u0433\u0430\u0436\u043d\u0438\u043a\u0430 \u043b\u0435\u0432\u044b\u0439 \u043a Fiat Croma, 2005\u0433.","timestamp":1773838591}
{"product_id":361402,"nameStatic":"\u0421\u0442\u0435\u043a\u043b\u043e\u043f\u043e\u0434\u044a\u0435\u043c\u043d\u0438\u043a \u043f\u0435\u0440\u0435\u0434\u043d\u0438\u0439 \u043f\u0440\u0430\u0432\u044b\u0439 \u043a Iveco Daily, 2009\u0433.","timestamp":1773838711}
{"product_id":168572,"nameStatic":"\u0421\u0443\u043f\u043f\u043e\u0440\u0442 \u0437\u0430\u0434\u043d\u0438\u0439 \u043b\u0435\u0432\u044b\u0439 \u043a Hyundai Accent, 2004\u0433.","timestamp":1773838757}
{"product_id":197587,"nameStatic":"\u041a\u041f\u041f \u0440\u043e\u0431\u043e\u0442\u0438\u0437\u0438\u0440\u043e\u0432\u0430\u043d\u043d\u0430\u044f \u043a Lada X-Ray, 2019\u0433.","timestamp":1773839359}
{"product_id":140163,"nameStatic":"\u041a\u0440\u044b\u0448\u043a\u0430 \u0431\u0430\u0433\u0430\u0436\u043d\u0438\u043a\u0430 (\u0434\u0432\u0435\u0440\u044c 3-5) \u043a Mazda 5, 2007\u0433.","timestamp":1773839902}
{"product_id":383047,"nameStatic":"\u041a\u0440\u044b\u043b\u043e \u043f\u0435\u0440\u0435\u0434\u043d\u0435\u0435 \u043b\u0435\u0432\u043e\u0435 \u043a Opel Corsa, 2008\u0433.","timestamp":1773840039}
{"product_id":357665,"nameStatic":"\u041c\u043e\u0442\u043e\u0440\u0447\u0438\u043a \u0441\u0442\u0435\u043a\u043b\u043e\u043f\u043e\u0434\u044a\u0435\u043c\u043d\u0438\u043a\u0430 \u043f\u0435\u0440\u0435\u0434\u043d\u0438\u0439 \u043b\u0435\u0432\u044b\u0439 \u043a Audi A3, 2009\u0433.","timestamp":1773840156}
{"product_id":356781,"nameStatic":"\u041a\u043b\u0430\u043f\u0430\u043d \u0443\u043f\u0440\u0430\u0432\u043b\u0435\u043d\u0438\u044f \u0442\u0443\u0440\u0431\u0438\u043d\u043e\u0439 (\u0430\u043a\u0442\u0443\u0430\u0442\u043e\u0440) \u043a Volkswagen Golf, 2009\u0433.","timestamp":1773840564}
{"product_id":246302,"nameStatic":"\u0424\u043e\u043d\u0430\u0440\u044c \u0437\u0430\u0434\u043d\u0438\u0439 \u043f\u0440\u0430\u0432\u044b\u0439 \u043a BMW 1 E87\/E81\/E82\/E88, 2006\u0433.","timestamp":1773840674}
{"product_id":208141,"nameStatic":"\u041f\u043d\u0435\u0432\u043c\u043e\u0441\u0442\u043e\u0439\u043a\u0430 \u0437\u0430\u0434\u043d\u044f\u044f \u043a Volkswagen Phaeton, 2005\u0433.","timestamp":1773840794}
{"product_id":350561,"nameStatic":"\u0413\u0435\u043d\u0435\u0440\u0430\u0442\u043e\u0440 \u043a Chevrolet Epica, 2007\u0433.","timestamp":1773840858}
{"product_id":364369,"nameStatic":"\u041f\u0435\u0442\u043b\u044f \u0434\u0432\u0435\u0440\u0438 \u043f\u0435\u0440\u0435\u0434\u043d\u0435\u0439 \u043b\u0435\u0432\u043e\u0439 \u043a Citroen C4, 2016\u0433.","timestamp":1773840862}
{"product_id":337795,"nameStatic":"\u0421\u0442\u0435\u043a\u043b\u043e \u043a\u0443\u0437\u043e\u0432\u043d\u043e\u0435 \u0431\u043e\u043a\u043e\u0432\u043e\u0435 \u043f\u0440\u0430\u0432\u043e\u0435 \u043a Renault Duster, 2017\u0433.","timestamp":1773841043}
{"product_id":331787,"nameStatic":"\u0417\u0430\u0441\u043b\u043e\u043d\u043a\u0430 \u0434\u0440\u043e\u0441\u0441\u0435\u043b\u044c\u043d\u0430\u044f \u043a Hyundai i10, 2012\u0433.","timestamp":1773841043}
{"product_id":229554,"nameStatic":"\u0428\u043a\u0438\u0432 \u043a\u043e\u043b\u0435\u043d\u0432\u0430\u043b\u0430 \u043a Audi A3, 2005\u0433.","timestamp":1773841047}
{"product_id":355650,"nameStatic":"\u041c\u043e\u0442\u043e\u0440\u0447\u0438\u043a \u043f\u0435\u0447\u043a\u0438 \u043a Mazda Demio, 1999\u0433.","timestamp":1773841049}
{"product_id":174577,"nameStatic":"\u0422\u0440\u0443\u0431\u043a\u0430 \u0442\u043e\u043f\u043b\u0438\u0432\u043d\u0430\u044f \u043a Volvo V40, 2000\u0433.","timestamp":1773841108}
{"product_id":334702,"nameStatic":"\u041a\u043e\u043b\u0435\u043d\u0432\u0430\u043b \u043a Citroen J5, 1993\u0433.","timestamp":1773841166}
{"product_id":310712,"nameStatic":"\u0411\u043b\u043e\u043a \u0443\u043f\u0440\u0430\u0432\u043b\u0435\u043d\u0438\u044f \u0434\u0432\u0438\u0433\u0430\u0442\u0435\u043b\u0435\u043c \u043a Rover 600, 1996\u0433.","timestamp":1773841166}
{"product_id":314781,"nameStatic":"\u0414\u0432\u0435\u0440\u044c \u0437\u0430\u0434\u043d\u044f\u044f \u043b\u0435\u0432\u0430\u044f \u043a Chevrolet Cruze, 2010\u0433.","timestamp":1773841221}
{"product_id":126936,"nameStatic":"\u041f\u043e\u0440\u0448\u0435\u043d\u044c \u043a Alfa Romeo 147, 2005\u0433.","timestamp":1773841223}
{"product_id":275759,"nameStatic":"\u0429\u0435\u0442\u043a\u043e\u0434\u0435\u0440\u0436\u0430\u0442\u0435\u043b\u044c (\u043f\u043e\u0432\u043e\u0434\u043e\u043a \u0441\u0442\u0435\u043a\u043b\u043e\u043e\u0447\u0438\u0441\u0442\u0438\u0442\u0435\u043b\u044f, \u0434\u0432\u043e\u0440\u043d\u0438\u043a) \u043a Hyundai Elantra, 2007\u0433.","timestamp":1773841295}
{"product_id":336456,"nameStatic":"\u0417\u0435\u0440\u043a\u0430\u043b\u043e \u043d\u0430\u0440\u0443\u0436\u043d\u043e\u0435 \u043b\u0435\u0432\u043e\u0435 \u043a Fiat Brava, 1998\u0433.","timestamp":1773841302}
{"product_id":366942,"nameStatic":"\u0421\u0443\u043f\u043f\u043e\u0440\u0442 \u043f\u0435\u0440\u0435\u0434\u043d\u0438\u0439 \u043b\u0435\u0432\u044b\u0439 \u043a BMW X6 G06, 2024\u0433.","timestamp":1773841305}
{"product_id":239704,"nameStatic":"\u0420\u0430\u0441\u0445\u043e\u0434\u043e\u043c\u0435\u0440 \u0432\u043e\u0437\u0434\u0443\u0445\u0430 \u043a Volvo S80, 2010\u0433.","timestamp":1773841416}
{"product_id":291627,"nameStatic":"\u0414\u0430\u0442\u0447\u0438\u043a ABS \u043a Volvo V90, 2017\u0433.","timestamp":1773841471}
{"product_id":227870,"nameStatic":"\u041d\u0430\u0441\u043e\u0441 \u0442\u043e\u043f\u043b\u0438\u0432\u043d\u044b\u0439 \u043a Geely CK, 2010\u0433.","timestamp":1773841474}
{"product_id":290207,"nameStatic":"\u0414\u0435\u043a\u043e\u0440\u0430\u0442\u0438\u0432\u043d\u0430\u044f \u043a\u0440\u044b\u0448\u043a\u0430 \u0434\u0432\u0438\u0433\u0430\u0442\u0435\u043b\u044f \u043a Hyundai XG, 2001\u0433.","timestamp":1773841533}
{"product_id":362062,"nameStatic":"\u0422\u041d\u0412\u0414 \u043a Opel Insignia, 2010\u0433.","timestamp":1773841536}
{"product_id":203464,"nameStatic":"\u0417\u0430\u0449\u0438\u0442\u0430 \u0430\u0440\u043e\u043a \u043f\u0435\u0440\u0435\u0434\u043d\u044f\u044f \u043f\u0440\u0430\u0432\u0430\u044f (\u043f\u043e\u0434\u043a\u0440\u044b\u043b\u043e\u043a) \u043a BMW X5 E70, 2010\u0433.","timestamp":1773841594}
{"product_id":368156,"nameStatic":"\u0417\u0430\u043c\u043e\u043a \u0434\u0432\u0435\u0440\u0438 \u043f\u0435\u0440\u0435\u0434\u043d\u0435\u0439 \u043b\u0435\u0432\u043e\u0439 \u043a Mazda Demio, 1999\u0433.","timestamp":1773841597}
{"product_id":323563,"nameStatic":"\u041f\u0435\u0440\u0435\u043a\u043b\u044e\u0447\u0430\u0442\u0435\u043b\u044c \u043f\u043e\u0434\u0440\u0443\u043b\u0435\u0432\u043e\u0439 (\u0441\u0442\u0440\u0435\u043a\u043e\u0437\u0430) \u043a Ford S-Max, 2008\u0433.","timestamp":1773841603}
{"product_id":372081,"nameStatic":"\u041c\u0430\u0441\u043b\u044f\u043d\u0430\u044f \u0442\u0440\u0443\u0431\u043a\u0430 \u0442\u0443\u0440\u0431\u0438\u043d\u044b \u043a Citroen C5, 2006\u0433.","timestamp":1773841607}
{"product_id":368899,"nameStatic":"\u0411\u0430\u043c\u043f\u0435\u0440 \u043f\u0435\u0440\u0435\u0434\u043d\u0438\u0439 \u043a Renault Megane, 2018\u0433.","timestamp":1773841621}
